; generated by PrusaSlicer 2.7.2 on 2026-05-16 at 10:21:31 UTC

; 

; external perimeters extrusion width = 0.45mm
; perimeters extrusion width = 0.45mm
; infill extrusion width = 0.45mm
; solid infill extrusion width = 0.45mm
; top infill extrusion width = 0.40mm
; first layer extrusion width = 0.40mm

;TYPE:Custom
G90 ; absolute positioning
M83 ; relative extrusion
G28 ; home all axes
G29 ; auto bed leveling
M104 S205
M140 S60
M190 S60
M109 S205
G92 E0
G21 ; set units to millimeters
G90 ; use absolute coordinates
M82 ; use absolute distances for extrusion
G92 E0
; Filament gcode
M107
;LAYER_CHANGE
;Z:0.2
;HEIGHT:0.2
G1 E-2 F2400
G1 Z.2 F7800
G1 X97.681 Y98.354
G1 E0 F2400
;TYPE:Skirt/Brim
;WIDTH:0.4
G1 F1800
G1 X99.423 Y96.937 E.06667
G1 X102.5 Y96.143 E.16102
G1 X122.5 Y96.143 E.75485
G1 X124.711 Y96.54 E.82155
G1 X126.646 Y97.681 E.88825
G1 X128.063 Y99.423 E.95492
G1 X128.857 Y102.5 E1.04927
G1 X128.857 Y122.5 E1.6431
G1 X128.46 Y124.711 E1.7098
G1 X127.319 Y126.646 E1.7765
G1 X125.577 Y128.063 E1.84317
G1 X122.5 Y128.857 E1.93752
G1 X102.5 Y128.857 E2.53135
G1 X100.289 Y128.46 E2.59805
G1 X98.354 Y127.319 E2.66475
G1 X96.937 Y125.577 E2.73142
G1 X96.143 Y122.5 E2.82577
G1 X96.143 Y102.5 E3.4196
G1 X96.54 Y100.289 E3.4863
G1 X97.65 Y98.406 E3.5512
G1 E1.5512 F2400
G92 E0
G1 X97.65 Y98.406 F7800
G1 X103.414 Y103.414
G1 E2 F2400
;TYPE:Perimeter
;WIDTH:0.399999
G1 F1800
G1 X121.586 Y103.414 E2.53955
G1 X121.586 Y112.5 E2.80932
G1 X121.586 Y121.586 E3.07909
G1 X103.414 Y121.586 E3.61864
G1 X103.414 Y103.474 E4.15641
G1 X103.414 Y103.474 F7800
G1 X103.057 Y103.057
G1 F1800
G1 X121.943 Y103.057 E4.71716
G1 X121.943 Y112.5 E4.99753
G1 X121.943 Y121.943 E5.2779
G1 X103.057 Y121.943 E5.83865
G1 X103.057 Y103.117 E6.39762
G1 X102.7 Y102.7 F7800
;TYPE:External perimeter
G1 F1800
G1 X122.3 Y102.7 E6.97957
G1 X122.3 Y112.5 E7.27054
G1 X122.3 Y122.3 E7.56151
G1 X102.7 Y122.3 E8.14346
G1 X102.7 Y102.76 E8.72363
G1 X103.096 Y102.701 F7800
G1 E6.72363 F2400
G92 E0
G1 X121.479 Y104.246 F7800
G1 E2 F2400
;TYPE:Solid infill
;WIDTH:0.401316
G1 F1800
G1 X120.915 Y103.682 E2.02377
G1 X120.408 Y103.682 E2.03888
G1 X121.318 Y104.592 E2.07723
G1 X121.318 Y105.099 E2.09234
G1 X119.901 Y103.682 E2.15206
G1 X119.394 Y103.682 E2.16717
G1 X121.318 Y105.606 E2.24826
G1 X121.318 Y106.113 E2.26337
G1 X118.887 Y103.682 E2.36582
G1 X118.381 Y103.682 E2.3809
G1 X121.318 Y106.619 E2.50468
G1 X121.318 Y107.126 E2.51979
G1 X117.874 Y103.682 E2.66494
G1 X117.367 Y103.682 E2.68005
G1 X121.318 Y107.633 E2.84656
G1 X121.318 Y108.14 E2.86167
G1 X116.86 Y103.682 E3.04955
G1 X116.353 Y103.682 E3.06466
G1 X121.318 Y108.647 E3.27391
G1 X121.318 Y109.154 E3.28902
G1 X115.846 Y103.682 E3.51964
G1 X115.339 Y103.682 E3.53475
G1 X121.318 Y109.661 E3.78673
G1 X121.318 Y110.167 E3.80181
G1 X114.833 Y103.682 E4.07512
G1 X114.326 Y103.682 E4.09023
G1 X121.318 Y110.674 E4.38491
G1 X121.318 Y111.181 E4.40002
G1 X113.819 Y103.682 E4.71606
G1 X113.312 Y103.682 E4.73117
G1 X121.318 Y111.688 E5.06858
G1 X121.318 Y112.195 E5.08369
G1 X112.805 Y103.682 E5.44247
G1 X112.298 Y103.682 E5.45758
G1 X121.318 Y112.702 E5.83772
G1 X121.318 Y113.209 E5.85283
G1 X111.791 Y103.682 E6.25434
G1 X111.285 Y103.682 E6.26942
G1 X121.318 Y113.715 E6.69226
G1 X121.318 Y114.222 E6.70737
G1 X110.778 Y103.682 E7.15157
G1 X110.271 Y103.682 E7.16668
G1 X121.318 Y114.729 E7.63225
G1 X121.318 Y115.236 E7.64736
G1 X109.764 Y103.682 E8.1343
G1 X109.257 Y103.682 E8.14941
G1 X121.318 Y115.743 E8.65772
G1 X121.318 Y116.25 E8.67283
G1 X108.75 Y103.682 E9.2025
G1 X108.244 Y103.682 E9.21758
G1 X121.318 Y116.756 E9.76858
G1 X121.318 Y117.263 E9.78369
G1 X107.737 Y103.682 E10.35606
G1 X107.23 Y103.682 E10.37117
G1 X121.318 Y117.77 E10.9649
G1 X121.318 Y118.277 E10.98001
G1 X106.723 Y103.682 E11.59511
G1 X106.216 Y103.682 E11.61022
G1 X121.318 Y118.784 E12.24669
G1 X121.318 Y119.291 E12.2618
G1 X105.709 Y103.682 E12.91964
G1 X105.202 Y103.682 E12.93475
G1 X121.318 Y119.798 E13.61395
G1 X121.318 Y120.304 E13.62903
G1 X104.696 Y103.682 E14.32956
G1 X104.189 Y103.682 E14.34467
G1 X121.318 Y120.811 E15.06657
G1 X121.318 Y121.318 E15.08168
G1 X103.682 Y103.682 E15.82494
G1 X103.682 Y104.189 E15.84005
G1 X120.811 Y121.318 E16.56195
G1 X120.304 Y121.318 E16.57706
G1 X103.682 Y104.696 E17.27759
G1 X103.682 Y105.203 E17.2927
G1 X119.797 Y121.318 E17.97186
G1 X119.291 Y121.318 E17.98694
G1 X103.682 Y105.709 E18.64478
G1 X103.682 Y106.216 E18.65989
G1 X118.784 Y121.318 E19.29636
G1 X118.277 Y121.318 E19.31147
G1 X103.682 Y106.723 E19.92657
G1 X103.682 Y107.23 E19.94168
G1 X117.77 Y121.318 E20.53541
G1 X117.263 Y121.318 E20.55052
G1 X103.682 Y107.737 E21.12289
G1 X103.682 Y108.244 E21.138
G1 X116.756 Y121.318 E21.689
G1 X116.25 Y121.318 E21.70408
G1 X103.682 Y108.751 E22.23373
G1 X103.682 Y109.257 E22.24881
G1 X115.743 Y121.318 E22.75712
G1 X115.236 Y121.318 E22.77223
G1 X103.682 Y109.764 E23.25917
G1 X103.682 Y110.271 E23.27428
G1 X114.729 Y121.318 E23.73985
G1 X114.222 Y121.318 E23.75496
G1 X103.682 Y110.778 E24.19916
G1 X103.682 Y111.285 E24.21427
G1 X113.715 Y121.318 E24.63711
G1 X113.208 Y121.318 E24.65222
G1 X103.682 Y111.792 E25.05369
G1 X103.682 Y112.298 E25.06877
G1 X112.702 Y121.318 E25.44891
G1 X112.195 Y121.318 E25.46402
G1 X103.682 Y112.805 E25.8228
G1 X103.682 Y113.312 E25.83791
G1 X111.688 Y121.318 E26.17532
G1 X111.181 Y121.318 E26.19043
G1 X103.682 Y113.819 E26.50647
G1 X103.682 Y114.326 E26.52158
G1 X110.674 Y121.318 E26.81626
G1 X110.167 Y121.318 E26.83137
G1 X103.682 Y114.833 E27.10468
G1 X103.682 Y115.34 E27.11979
G1 X109.66 Y121.318 E27.37173
G1 X109.154 Y121.318 E27.38681
G1 X103.682 Y115.846 E27.61743
G1 X103.682 Y116.353 E27.63254
G1 X108.647 Y121.318 E27.84179
G1 X108.14 Y121.318 E27.8569
G1 X103.682 Y116.86 E28.04478
G1 X103.682 Y117.367 E28.05989
G1 X107.633 Y121.318 E28.2264
G1 X107.126 Y121.318 E28.24151
G1 X103.682 Y117.874 E28.38666
G1 X103.682 Y118.381 E28.40177
G1 X106.619 Y121.318 E28.52555
G1 X106.113 Y121.318 E28.54063
G1 X103.682 Y118.887 E28.64308
G1 X103.682 Y119.394 E28.65819
G1 X105.606 Y121.318 E28.73928
G1 X105.099 Y121.318 E28.75439
G1 X103.682 Y119.901 E28.81411
G1 X103.682 Y120.408 E28.82922
G1 X104.592 Y121.318 E28.86757
G1 X104.085 Y121.318 E28.88268
G1 X103.521 Y120.754 E28.90645
;LAYER_CHANGE
;Z:0.4
;HEIGHT:0.2
G1 Z.4 F7800
M104 S200 ; set temperature
G1 E26.90645 F2400
G1 Z.4 F7800
G1 X103.539 Y103.539
G1 E28.90645 F2400
;TYPE:Perimeter
;WIDTH:0.449999
G1 F3600
G1 X121.461 Y103.539 E29.51309
G1 X121.461 Y112.5 E29.81641
G1 X121.461 Y121.461 E30.11973
G1 X103.539 Y121.461 E30.72637
G1 X103.539 Y103.599 E31.33098
G1 X103.539 Y103.599 F7800
G1 X103.132 Y103.132
G1 F3600
G1 X121.868 Y103.132 E31.96517
G1 X121.868 Y112.5 E32.28227
G1 X121.868 Y121.868 E32.59937
G1 X103.132 Y121.868 E33.23356
G1 X103.132 Y103.192 E33.86572
G1 X102.725 Y102.725 F7800
;TYPE:External perimeter
G1 F1800
G1 X122.275 Y102.725 E34.52746
G1 X122.275 Y112.5 E34.85833
G1 X122.275 Y122.275 E35.1892
G1 X102.725 Y122.275 E35.85094
G1 X102.725 Y102.785 E36.51065
G1 X103.121 Y102.726 F7800
G1 X103.955 Y103.877
;TYPE:Solid infill
;WIDTH:0.548766
G1 F1200
G1 X103.91 Y103.833 E36.5133
G1 X103.849 Y103.849 E36.51595
G1 X103.833 Y103.91 E36.5186
G1 X103.877 Y103.955 E36.52125
G1 X103.939 Y103.939 E36.52394
G1 X103.939 Y103.939 F7800
G1 X103.712 Y104.734
;WIDTH:0.38292
G1 F1200
G1 X103.641 Y104.715 E36.52602
G1 X103.66 Y104.786 E36.5281
G1 X103.701 Y104.775 E36.5293
;WIDTH:0.41646
G1 X103.773 Y104.682 E36.53295
;WIDTH:0.449999
G1 X103.844 Y104.589 E36.53691
G1 X104.589 Y103.844 E36.57257
G1 X104.682 Y103.773 E36.57653
;WIDTH:0.41646
G1 X104.775 Y103.701 E36.58018
;WIDTH:0.38292
G1 X104.734 Y103.712 E36.58138
G1 X104.715 Y103.641 E36.58346
G1 X104.786 Y103.66 E36.58554
;WIDTH:0.449999
G1 X105.164 Y103.844 E36.59977
G1 X103.844 Y105.164 E36.66296
G1 X103.844 Y105.74 E36.68246
G1 X105.74 Y103.844 E36.77322
G1 X106.316 Y103.844 E36.79272
G1 X103.844 Y106.316 E36.91105
G1 X103.844 Y106.892 E36.93055
G1 X106.892 Y103.844 E37.07646
G1 X107.467 Y103.844 E37.09592
G1 X103.844 Y107.467 E37.26935
G1 X103.844 Y108.043 E37.28885
G1 X108.043 Y103.844 E37.48985
G1 X108.619 Y103.844 E37.50935
G1 X103.844 Y108.619 E37.73793
G1 X103.844 Y109.194 E37.75739
G1 X109.194 Y103.844 E38.01349
G1 X109.77 Y103.844 E38.03299
G1 X103.844 Y109.77 E38.31666
G1 X103.844 Y110.346 E38.33616
G1 X110.346 Y103.844 E38.64741
G1 X110.921 Y103.844 E38.66687
G1 X103.844 Y110.921 E39.00564
G1 X103.844 Y111.497 E39.02514
G1 X111.497 Y103.844 E39.39148
G1 X112.073 Y103.844 E39.41098
G1 X103.844 Y112.073 E39.8049
G1 X103.844 Y112.649 E39.8244
G1 X112.649 Y103.844 E40.24589
G1 X113.224 Y103.844 E40.26535
G1 X103.844 Y113.224 E40.71436
G1 X103.844 Y113.8 E40.73386
G1 X113.8 Y103.844 E41.21045
G1 X114.376 Y103.844 E41.22995
G1 X103.844 Y114.376 E41.73411
G1 X103.844 Y114.951 E41.75357
G1 X114.951 Y103.844 E42.28526
G1 X115.527 Y103.844 E42.30476
G1 X103.844 Y115.527 E42.86402
G1 X103.844 Y116.103 E42.88352
G1 X116.103 Y103.844 E43.47035
G1 X116.678 Y103.844 E43.48981
G1 X103.844 Y116.678 E44.10417
G1 X103.844 Y117.254 E44.12367
G1 X117.254 Y103.844 E44.7656
G1 X117.83 Y103.844 E44.7851
G1 X103.844 Y117.83 E45.4546
G1 X103.844 Y118.406 E45.4741
G1 X118.406 Y103.844 E46.17117
G1 X118.981 Y103.844 E46.19063
G1 X103.844 Y118.981 E46.91523
G1 X103.844 Y119.557 E46.93473
G1 X119.557 Y103.844 E47.6869
G1 X120.133 Y103.844 E47.7064
G1 X103.844 Y120.133 E48.48614
G1 X103.844 Y120.708 E48.5056
G1 X120.708 Y103.844 E49.31287
G1 X121.312 Y103.718 E49.33375
;WIDTH:0.38292
G1 X121.241 Y103.699 E49.33583
G1 X121.26 Y103.77 E49.33791
G1 X121.301 Y103.759 E49.33911
;WIDTH:0.41646
G1 X121.228 Y103.866 E49.34313
;WIDTH:0.449999
G1 X121.156 Y103.973 E49.3475
G1 X103.973 Y121.156 E50.17004
G1 X103.866 Y121.228 E50.17441
;WIDTH:0.41646
G1 X103.759 Y121.301 E50.17843
;WIDTH:0.38292
G1 X103.718 Y121.312 E50.17963
G1 X103.699 Y121.241 E50.18171
G1 X103.77 Y121.26 E50.18379
;WIDTH:0.449999
G1 X104.549 Y121.156 E50.21039
G1 X121.156 Y104.549 E51.00536
G1 X121.156 Y105.124 E51.02482
G1 X105.124 Y121.156 E51.79226
G1 X105.7 Y121.156 E51.81176
G1 X121.156 Y105.7 E52.55163
G1 X121.156 Y106.276 E52.57113
G1 X106.276 Y121.156 E53.28343
G1 X106.851 Y121.156 E53.30289
G1 X121.156 Y106.851 E53.98766
G1 X121.156 Y107.427 E54.00716
G1 X107.427 Y121.156 E54.66436
G1 X108.003 Y121.156 E54.68386
G1 X121.156 Y108.003 E55.31349
G1 X121.156 Y108.578 E55.33295
G1 X108.578 Y121.156 E55.93505
G1 X109.154 Y121.156 E55.95455
G1 X121.156 Y109.154 E56.52908
G1 X121.156 Y109.73 E56.54858
G1 X109.73 Y121.156 E57.09554
G1 X110.306 Y121.156 E57.11504
G1 X121.156 Y110.306 E57.63442
G1 X121.156 Y110.881 E57.65388
G1 X110.881 Y121.156 E58.14574
G1 X111.457 Y121.156 E58.16524
G1 X121.156 Y111.457 E58.62953
G1 X121.156 Y112.033 E58.64903
G1 X112.033 Y121.156 E59.08574
G1 X112.608 Y121.156 E59.1052
G1 X121.156 Y112.608 E59.51439
G1 X121.156 Y113.184 E59.53389
G1 X113.184 Y121.156 E59.9155
G1 X113.76 Y121.156 E59.935
G1 X121.156 Y113.76 E60.28904
G1 X121.156 Y114.335 E60.3085
G1 X114.335 Y121.156 E60.63502
G1 X114.911 Y121.156 E60.65452
G1 X121.156 Y114.911 E60.95346
G1 X121.156 Y115.487 E60.97296
G1 X115.487 Y121.156 E61.24433
G1 X116.063 Y121.156 E61.26383
G1 X121.156 Y116.063 E61.50763
G1 X121.156 Y116.638 E61.52709
G1 X116.638 Y121.156 E61.74336
G1 X117.214 Y121.156 E61.76286
G1 X121.156 Y117.214 E61.95156
G1 X121.156 Y117.79 E61.97106
G1 X117.79 Y121.156 E62.13219
G1 X118.365 Y121.156 E62.15165
G1 X121.156 Y118.365 E62.28525
G1 X121.156 Y118.941 E62.30475
G1 X118.941 Y121.156 E62.41078
G1 X119.517 Y121.156 E62.43028
G1 X121.156 Y119.517 E62.50874
G1 X121.156 Y120.092 E62.5282
G1 X120.092 Y121.156 E62.57913
G1 X120.553 Y121.318 E62.59567
;WIDTH:0.38292
G1 X120.482 Y121.299 E62.59775
G1 X120.501 Y121.37 E62.59983
G1 X120.542 Y121.359 E62.60103
;WIDTH:0.41646
G1 X120.605 Y121.257 E62.60475
;WIDTH:0.449999
G1 X120.668 Y121.156 E62.60878
G1 X121.156 Y120.668 E62.63214
G1 X121.257 Y120.605 E62.63617
;WIDTH:0.41646
G1 X121.359 Y120.542 E62.63989
;WIDTH:0.38292
G1 X121.318 Y120.553 E62.64109
G1 X121.299 Y120.482 E62.64317
G1 X121.37 Y120.501 E62.64525
;LAYER_CHANGE
;Z:0.6
;HEIGHT:0.2
G1 Z.6 F7800
G1 E60.64525 F2400
G1 Z.6 F7800
G1 X103.539 Y103.539
G1 E62.64525 F2400
;TYPE:Perimeter
;WIDTH:0.449999
G1 F3600
G1 X121.461 Y103.539 E63.25189
G1 X121.461 Y112.5 E63.55521
G1 X121.461 Y121.461 E63.85853
G1 X103.539 Y121.461 E64.46517
G1 X103.539 Y103.599 E65.06978
G1 X103.539 Y103.599 F7800
G1 X103.132 Y103.132
G1 F3600
G1 X121.868 Y103.132 E65.70397
G1 X121.868 Y112.5 E66.02107
G1 X121.868 Y121.868 E66.33817
G1 X103.132 Y121.868 E66.97236
G1 X103.132 Y103.192 E67.60452
G1 X102.725 Y102.725 F7800
;TYPE:External perimeter
G1 F1800
G1 X122.275 Y102.725 E68.26626
G1 X122.275 Y112.5 E68.59713
G1 X122.275 Y122.275 E68.928
G1 X102.725 Y122.275 E69.58974
G1 X102.725 Y102.785 E70.24945
G1 X103.121 Y102.726 F7800
G1 E68.24945 F2400
G92 E0
G1 X103.877 Y121.045 F7800
G1 E2 F2400
;TYPE:Solid infill
;WIDTH:0.548766
G1 F1200
G1 X103.833 Y121.09 E2.00265
G1 X103.849 Y121.151 E2.0053
G1 X103.91 Y121.167 E2.00795
G1 X103.955 Y121.123 E2.0106
G1 X103.939 Y121.061 E2.01329
G1 X103.939 Y121.061 F7800
G1 X104.775 Y121.299
;WIDTH:0.38292
G1 F1200
G1 X104.786 Y121.34 E2.01449
G1 X104.715 Y121.359 E2.01657
G1 X104.734 Y121.288 E2.01865
;WIDTH:0.41646
G1 X104.661 Y121.222 E2.02171
;WIDTH:0.449999
G1 X103.844 Y120.411 E2.06068
G1 X103.773 Y120.318 E2.06464
;WIDTH:0.41646
G1 X103.701 Y120.225 E2.06829
;WIDTH:0.38292
G1 X103.712 Y120.266 E2.06949
G1 X103.641 Y120.285 E2.07157
G1 X103.66 Y120.214 E2.07365
;WIDTH:0.449999
G1 X103.844 Y119.836 E2.08788
G1 X105.164 Y121.156 E2.15107
G1 X105.74 Y121.156 E2.17057
G1 X103.844 Y119.26 E2.26133
G1 X103.844 Y118.684 E2.28083
G1 X106.316 Y121.156 E2.39916
G1 X106.892 Y121.156 E2.41866
G1 X103.844 Y118.108 E2.56457
G1 X103.844 Y117.533 E2.58403
G1 X107.467 Y121.156 E2.75746
G1 X108.043 Y121.156 E2.77696
G1 X103.844 Y116.957 E2.97796
G1 X103.844 Y116.381 E2.99746
G1 X108.619 Y121.156 E3.22604
G1 X109.194 Y121.156 E3.2455
G1 X103.844 Y115.806 E3.5016
G1 X103.844 Y115.23 E3.5211
G1 X109.77 Y121.156 E3.80477
G1 X110.346 Y121.156 E3.82427
G1 X103.844 Y114.654 E4.13552
G1 X103.844 Y114.079 E4.15498
G1 X110.921 Y121.156 E4.49375
G1 X111.497 Y121.156 E4.51325
G1 X103.844 Y113.503 E4.87959
G1 X103.844 Y112.927 E4.89909
G1 X112.073 Y121.156 E5.29301
G1 X112.649 Y121.156 E5.31251
G1 X103.844 Y112.351 E5.734
G1 X103.844 Y111.776 E5.75346
G1 X113.224 Y121.156 E6.20247
G1 X113.8 Y121.156 E6.22197
G1 X103.844 Y111.2 E6.69856
G1 X103.844 Y110.624 E6.71806
G1 X114.376 Y121.156 E7.22222
G1 X114.951 Y121.156 E7.24168
G1 X103.844 Y110.049 E7.77337
G1 X103.844 Y109.473 E7.79287
G1 X115.527 Y121.156 E8.35213
G1 X116.103 Y121.156 E8.37163
G1 X103.844 Y108.897 E8.95846
G1 X103.844 Y108.322 E8.97792
G1 X116.678 Y121.156 E9.59228
G1 X117.254 Y121.156 E9.61178
G1 X103.844 Y107.746 E10.25371
G1 X103.844 Y107.17 E10.27321
G1 X117.83 Y121.156 E10.94271
G1 X118.406 Y121.156 E10.96221
G1 X103.844 Y106.595 E11.65926
G1 X103.844 Y106.019 E11.67876
G1 X118.981 Y121.156 E12.40336
G1 X119.557 Y121.156 E12.42286
G1 X103.844 Y105.443 E13.17503
G1 X103.844 Y104.867 E13.19453
G1 X120.133 Y121.156 E13.97427
G1 X120.708 Y121.156 E13.99373
G1 X103.844 Y104.292 E14.801
G1 X103.718 Y103.688 E14.82188
;WIDTH:0.38292
G1 X103.699 Y103.759 E14.82396
G1 X103.77 Y103.74 E14.82604
G1 X103.759 Y103.699 E14.82724
;WIDTH:0.41646
G1 X103.866 Y103.772 E14.83126
;WIDTH:0.449999
G1 X103.973 Y103.844 E14.83563
G1 X121.156 Y121.027 E15.65817
G1 X121.228 Y121.134 E15.66254
;WIDTH:0.41646
G1 X121.301 Y121.241 E15.66656
;WIDTH:0.38292
G1 X121.312 Y121.282 E15.66776
G1 X121.241 Y121.301 E15.66984
G1 X121.26 Y121.23 E15.67192
;WIDTH:0.449999
G1 X121.156 Y120.451 E15.69852
G1 X104.549 Y103.844 E16.49349
G1 X105.124 Y103.844 E16.51295
G1 X121.156 Y119.876 E17.28039
G1 X121.156 Y119.3 E17.29989
G1 X105.7 Y103.844 E18.03976
G1 X106.276 Y103.844 E18.05926
G1 X121.156 Y118.724 E18.77156
G1 X121.156 Y118.149 E18.79102
G1 X106.851 Y103.844 E19.47579
G1 X107.427 Y103.844 E19.49529
G1 X121.156 Y117.573 E20.15249
G1 X121.156 Y116.997 E20.17199
G1 X108.003 Y103.844 E20.80162
G1 X108.578 Y103.844 E20.82108
G1 X121.156 Y116.422 E21.42318
G1 X121.156 Y115.846 E21.44268
G1 X109.154 Y103.844 E22.01721
G1 X109.73 Y103.844 E22.03671
G1 X121.156 Y115.27 E22.58367
G1 X121.156 Y114.694 E22.60317
G1 X110.306 Y103.844 E23.12255
G1 X110.881 Y103.844 E23.14201
G1 X121.156 Y114.119 E23.63387
G1 X121.156 Y113.543 E23.65337
G1 X111.457 Y103.844 E24.11766
G1 X112.033 Y103.844 E24.13716
G1 X121.156 Y112.967 E24.57387
G1 X121.156 Y112.392 E24.59333
G1 X112.608 Y103.844 E25.00252
G1 X113.184 Y103.844 E25.02202
G1 X121.156 Y111.816 E25.40363
G1 X121.156 Y111.24 E25.42313
G1 X113.76 Y103.844 E25.77717
G1 X114.335 Y103.844 E25.79663
G1 X121.156 Y110.665 E26.12315
G1 X121.156 Y110.089 E26.14265
G1 X114.911 Y103.844 E26.44159
G1 X115.487 Y103.844 E26.46109
G1 X121.156 Y109.513 E26.73246
G1 X121.156 Y108.937 E26.75196
G1 X116.063 Y103.844 E26.99576
G1 X116.638 Y103.844 E27.01522
G1 X121.156 Y108.362 E27.23149
G1 X121.156 Y107.786 E27.25099
G1 X117.214 Y103.844 E27.43969
G1 X117.79 Y103.844 E27.45919
G1 X121.156 Y107.21 E27.62032
G1 X121.156 Y106.635 E27.63978
G1 X118.365 Y103.844 E27.77338
G1 X118.941 Y103.844 E27.79288
G1 X121.156 Y106.059 E27.89891
G1 X121.156 Y105.483 E27.91841
G1 X119.517 Y103.844 E27.99687
G1 X120.092 Y103.844 E28.01633
G1 X121.156 Y104.908 E28.06726
G1 X121.318 Y104.447 E28.0838
;WIDTH:0.38292
G1 X121.299 Y104.518 E28.08588
G1 X121.37 Y104.499 E28.08796
G1 X121.359 Y104.458 E28.08916
;WIDTH:0.41646
G1 X121.257 Y104.395 E28.09288
;WIDTH:0.449999
G1 X121.156 Y104.332 E28.09691
G1 X120.668 Y103.844 E28.12027
G1 X120.605 Y103.743 E28.1243
;WIDTH:0.41646
G1 X120.542 Y103.641 E28.12802
;WIDTH:0.38292
G1 X120.553 Y103.682 E28.12922
G1 X120.482 Y103.701 E28.1313
G1 X120.501 Y103.63 E28.13338
M106 S137.7
;LAYER_CHANGE
;Z:0.8
;HEIGHT:0.2
G1 Z.8 F7800
G1 E26.13338 F2400
G1 Z.8 F7800
G1 X103.539 Y103.539
G1 E28.13338 F2400
;TYPE:Perimeter
;WIDTH:0.449999
G1 F3600
G1 X121.461 Y103.539 E28.74002
G1 X121.461 Y112.5 E29.04334
G1 X121.461 Y121.461 E29.34666
G1 X103.539 Y121.461 E29.9533
G1 X103.539 Y103.599 E30.55791
G1 X103.539 Y103.599 F7800
G1 X103.132 Y103.132
G1 F3600
G1 X121.868 Y103.132 E31.1921
G1 X121.868 Y112.5 E31.5092
G1 X121.868 Y121.868 E31.8263
G1 X103.132 Y121.868 E32.46049
G1 X103.132 Y103.192 E33.09265
G1 X102.725 Y102.725 F7800
;TYPE:External perimeter
G1 F1800
G1 X122.275 Y102.725 E33.75439
G1 X122.275 Y112.5 E34.08526
G1 X122.275 Y122.275 E34.41613
G1 X102.725 Y122.275 E35.07787
G1 X102.725 Y102.785 E35.73758
G1 X103.121 Y102.726 F7800
G1 X103.955 Y103.877
;TYPE:Solid infill
;WIDTH:0.548766
G1 F1200
G1 X103.91 Y103.833 E35.74023
G1 X103.849 Y103.849 E35.74288
G1 X103.833 Y103.91 E35.74553
G1 X103.877 Y103.955 E35.74818
G1 X103.939 Y103.939 E35.75087
G1 X103.939 Y103.939 F7800
G1 X103.712 Y104.734
;WIDTH:0.38292
G1 F1200
G1 X103.641 Y104.715 E35.75295
G1 X103.66 Y104.786 E35.75503
G1 X103.701 Y104.775 E35.75623
;WIDTH:0.41646
G1 X103.773 Y104.682 E35.75988
;WIDTH:0.449999
G1 X103.844 Y104.589 E35.76384
G1 X104.589 Y103.844 E35.7995
G1 X104.682 Y103.773 E35.80346
;WIDTH:0.41646
G1 X104.775 Y103.701 E35.80711
;WIDTH:0.38292
G1 X104.734 Y103.712 E35.80831
G1 X104.715 Y103.641 E35.81039
G1 X104.786 Y103.66 E35.81247
;WIDTH:0.449999
G1 X105.164 Y103.844 E35.8267
G1 X103.844 Y105.164 E35.88989
G1 X103.844 Y105.74 E35.90939
G1 X105.74 Y103.844 E36.00015
G1 X106.316 Y103.844 E36.01965
G1 X103.844 Y106.316 E36.13798
G1 X103.844 Y106.892 E36.15748
G1 X106.892 Y103.844 E36.30339
G1 X107.467 Y103.844 E36.32285
G1 X103.844 Y107.467 E36.49628
G1 X103.844 Y108.043 E36.51578
G1 X108.043 Y103.844 E36.71678
G1 X108.619 Y103.844 E36.73628
G1 X103.844 Y108.619 E36.96486
G1 X103.844 Y109.194 E36.98432
G1 X109.194 Y103.844 E37.24042
G1 X109.77 Y103.844 E37.25992
G1 X103.844 Y109.77 E37.54359
G1 X103.844 Y110.346 E37.56309
G1 X110.346 Y103.844 E37.87434
G1 X110.921 Y103.844 E37.8938
G1 X103.844 Y110.921 E38.23257
G1 X103.844 Y111.497 E38.25207
G1 X111.497 Y103.844 E38.61841
G1 X112.073 Y103.844 E38.63791
G1 X103.844 Y112.073 E39.03183
G1 X103.844 Y112.649 E39.05133
G1 X112.649 Y103.844 E39.47282
G1 X113.224 Y103.844 E39.49228
G1 X103.844 Y113.224 E39.94129
G1 X103.844 Y113.8 E39.96079
G1 X113.8 Y103.844 E40.43738
G1 X114.376 Y103.844 E40.45688
G1 X103.844 Y114.376 E40.96104
G1 X103.844 Y114.951 E40.9805
G1 X114.951 Y103.844 E41.51219
G1 X115.527 Y103.844 E41.53169
G1 X103.844 Y115.527 E42.09095
G1 X103.844 Y116.103 E42.11045
G1 X116.103 Y103.844 E42.69728
G1 X116.678 Y103.844 E42.71674
G1 X103.844 Y116.678 E43.3311
G1 X103.844 Y117.254 E43.3506
G1 X117.254 Y103.844 E43.99253
G1 X117.83 Y103.844 E44.01203
G1 X103.844 Y117.83 E44.68153
G1 X103.844 Y118.406 E44.70103
G1 X118.406 Y103.844 E45.3981
G1 X118.981 Y103.844 E45.41756
G1 X103.844 Y118.981 E46.14216
G1 X103.844 Y119.557 E46.16166
G1 X119.557 Y103.844 E46.91383
G1 X120.133 Y103.844 E46.93333
G1 X103.844 Y120.133 E47.71307
G1 X103.844 Y120.708 E47.73253
G1 X120.708 Y103.844 E48.5398
G1 X121.312 Y103.718 E48.56068
;WIDTH:0.38292
G1 X121.241 Y103.699 E48.56276
G1 X121.26 Y103.77 E48.56484
G1 X121.301 Y103.759 E48.56604
;WIDTH:0.41646
G1 X121.228 Y103.866 E48.57006
;WIDTH:0.449999
G1 X121.156 Y103.973 E48.57443
G1 X103.973 Y121.156 E49.39697
G1 X103.866 Y121.228 E49.40134
;WIDTH:0.41646
G1 X103.759 Y121.301 E49.40536
;WIDTH:0.38292
G1 X103.718 Y121.312 E49.40656
G1 X103.699 Y121.241 E49.40864
G1 X103.77 Y121.26 E49.41072
;WIDTH:0.449999
G1 X104.549 Y121.156 E49.43732
G1 X121.156 Y104.549 E50.23229
G1 X121.156 Y105.124 E50.25175
G1 X105.124 Y121.156 E51.01919
G1 X105.7 Y121.156 E51.03869
G1 X121.156 Y105.7 E51.77856
G1 X121.156 Y106.276 E51.79806
G1 X106.276 Y121.156 E52.51036
G1 X106.851 Y121.156 E52.52982
G1 X121.156 Y106.851 E53.21459
G1 X121.156 Y107.427 E53.23409
G1 X107.427 Y121.156 E53.89129
G1 X108.003 Y121.156 E53.91079
G1 X121.156 Y108.003 E54.54042
G1 X121.156 Y108.578 E54.55988
G1 X108.578 Y121.156 E55.16198
G1 X109.154 Y121.156 E55.18148
G1 X121.156 Y109.154 E55.75601
G1 X121.156 Y109.73 E55.77551
G1 X109.73 Y121.156 E56.32247
G1 X110.306 Y121.156 E56.34197
G1 X121.156 Y110.306 E56.86135
G1 X121.156 Y110.881 E56.88081
G1 X110.881 Y121.156 E57.37267
G1 X111.457 Y121.156 E57.39217
G1 X121.156 Y111.457 E57.85646
G1 X121.156 Y112.033 E57.87596
G1 X112.033 Y121.156 E58.31267
G1 X112.608 Y121.156 E58.33213
G1 X121.156 Y112.608 E58.74132
G1 X121.156 Y113.184 E58.76082
G1 X113.184 Y121.156 E59.14243
G1 X113.76 Y121.156 E59.16193
G1 X121.156 Y113.76 E59.51597
G1 X121.156 Y114.335 E59.53543
G1 X114.335 Y121.156 E59.86195
G1 X114.911 Y121.156 E59.88145
G1 X121.156 Y114.911 E60.18039
G1 X121.156 Y115.487 E60.19989
G1 X115.487 Y121.156 E60.47126
G1 X116.063 Y121.156 E60.49076
G1 X121.156 Y116.063 E60.73456
G1 X121.156 Y116.638 E60.75402
G1 X116.638 Y121.156 E60.97029
G1 X117.214 Y121.156 E60.98979
G1 X121.156 Y117.214 E61.17849
G1 X121.156 Y117.79 E61.19799
G1 X117.79 Y121.156 E61.35912
G1 X118.365 Y121.156 E61.37858
G1 X121.156 Y118.365 E61.51218
G1 X121.156 Y118.941 E61.53168
G1 X118.941 Y121.156 E61.63771
G1 X119.517 Y121.156 E61.65721
G1 X121.156 Y119.517 E61.73567
G1 X121.156 Y120.092 E61.75513
G1 X120.092 Y121.156 E61.80606
G1 X120.553 Y121.318 E61.8226
;WIDTH:0.38292
G1 X120.482 Y121.299 E61.82468
G1 X120.501 Y121.37 E61.82676
G1 X120.542 Y121.359 E61.82796
;WIDTH:0.41646
G1 X120.605 Y121.257 E61.83168
;WIDTH:0.449999
G1 X120.668 Y121.156 E61.83571
G1 X121.156 Y120.668 E61.85907
G1 X121.257 Y120.605 E61.8631
;WIDTH:0.41646
G1 X121.359 Y120.542 E61.86682
;WIDTH:0.38292
G1 X121.318 Y120.553 E61.86802
G1 X121.299 Y120.482 E61.8701
G1 X121.37 Y120.501 E61.87218
M106 S135.15
;LAYER_CHANGE
;Z:1
;HEIGHT:0.2
G1 Z1 F7800
G1 E59.87218 F2400
G1 Z1 F7800
G1 X103.539 Y103.539
G1 E61.87218 F2400
;TYPE:Perimeter
;WIDTH:0.449999
G1 F3600
G1 X121.461 Y103.539 E62.47882
G1 X121.461 Y112.5 E62.78214
G1 X121.461 Y121.461 E63.08546
G1 X103.539 Y121.461 E63.6921
G1 X103.539 Y103.599 E64.29671
G1 X103.539 Y103.599 F7800
G1 X103.132 Y103.132
G1 F3600
G1 X121.868 Y103.132 E64.9309
G1 X121.868 Y112.5 E65.248
G1 X121.868 Y121.868 E65.5651
G1 X103.132 Y121.868 E66.19929
G1 X103.132 Y103.192 E66.83145
G1 X102.725 Y102.725 F7800
;TYPE:External perimeter
G1 F1800
G1 X122.275 Y102.725 E67.49319
G1 X122.275 Y112.5 E67.82406
G1 X122.275 Y122.275 E68.15493
G1 X102.725 Y122.275 E68.81667
G1 X102.725 Y102.785 E69.47638
G1 X103.121 Y102.726 F7800
G1 E67.47638 F2400
G92 E0
G1 X103.877 Y121.045 F7800
G1 E2 F2400
;TYPE:Solid infill
;WIDTH:0.548766
G1 F1200
G1 X103.833 Y121.09 E2.00265
G1 X103.849 Y121.151 E2.0053
G1 X103.91 Y121.167 E2.00795
G1 X103.955 Y121.123 E2.0106
G1 X103.939 Y121.061 E2.01329
G1 X103.939 Y121.061 F7800
G1 X104.775 Y121.299
;WIDTH:0.38292
G1 F1200
G1 X104.786 Y121.34 E2.01449
G1 X104.715 Y121.359 E2.01657
G1 X104.734 Y121.288 E2.01865
;WIDTH:0.41646
G1 X104.661 Y121.222 E2.02171
;WIDTH:0.449999
G1 X103.844 Y120.411 E2.06068
G1 X103.773 Y120.318 E2.06464
;WIDTH:0.41646
G1 X103.701 Y120.225 E2.06829
;WIDTH:0.38292
G1 X103.712 Y120.266 E2.06949
G1 X103.641 Y120.285 E2.07157
G1 X103.66 Y120.214 E2.07365
;WIDTH:0.449999
G1 X103.844 Y119.836 E2.08788
G1 X105.164 Y121.156 E2.15107
G1 X105.74 Y121.156 E2.17057
G1 X103.844 Y119.26 E2.26133
G1 X103.844 Y118.684 E2.28083
G1 X106.316 Y121.156 E2.39916
G1 X106.892 Y121.156 E2.41866
G1 X103.844 Y118.108 E2.56457
G1 X103.844 Y117.533 E2.58403
G1 X107.467 Y121.156 E2.75746
G1 X108.043 Y121.156 E2.77696
G1 X103.844 Y116.957 E2.97796
G1 X103.844 Y116.381 E2.99746
G1 X108.619 Y121.156 E3.22604
G1 X109.194 Y121.156 E3.2455
G1 X103.844 Y115.806 E3.5016
G1 X103.844 Y115.23 E3.5211
G1 X109.77 Y121.156 E3.80477
G1 X110.346 Y121.156 E3.82427
G1 X103.844 Y114.654 E4.13552
G1 X103.844 Y114.079 E4.15498
G1 X110.921 Y121.156 E4.49375
G1 X111.497 Y121.156 E4.51325
G1 X103.844 Y113.503 E4.87959
G1 X103.844 Y112.927 E4.89909
G1 X112.073 Y121.156 E5.29301
G1 X112.649 Y121.156 E5.31251
G1 X103.844 Y112.351 E5.734
G1 X103.844 Y111.776 E5.75346
G1 X113.224 Y121.156 E6.20247
G1 X113.8 Y121.156 E6.22197
G1 X103.844 Y111.2 E6.69856
G1 X103.844 Y110.624 E6.71806
G1 X114.376 Y121.156 E7.22222
G1 X114.951 Y121.156 E7.24168
G1 X103.844 Y110.049 E7.77337
G1 X103.844 Y109.473 E7.79287
G1 X115.527 Y121.156 E8.35213
G1 X116.103 Y121.156 E8.37163
G1 X103.844 Y108.897 E8.95846
G1 X103.844 Y108.322 E8.97792
G1 X116.678 Y121.156 E9.59228
G1 X117.254 Y121.156 E9.61178
G1 X103.844 Y107.746 E10.25371
G1 X103.844 Y107.17 E10.27321
G1 X117.83 Y121.156 E10.94271
G1 X118.406 Y121.156 E10.96221
G1 X103.844 Y106.595 E11.65926
G1 X103.844 Y106.019 E11.67876
G1 X118.981 Y121.156 E12.40336
G1 X119.557 Y121.156 E12.42286
G1 X103.844 Y105.443 E13.17503
G1 X103.844 Y104.867 E13.19453
G1 X120.133 Y121.156 E13.97427
G1 X120.708 Y121.156 E13.99373
G1 X103.844 Y104.292 E14.801
G1 X103.718 Y103.688 E14.82188
;WIDTH:0.38292
G1 X103.699 Y103.759 E14.82396
G1 X103.77 Y103.74 E14.82604
G1 X103.759 Y103.699 E14.82724
;WIDTH:0.41646
G1 X103.866 Y103.772 E14.83126
;WIDTH:0.449999
G1 X103.973 Y103.844 E14.83563
G1 X121.156 Y121.027 E15.65817
G1 X121.228 Y121.134 E15.66254
;WIDTH:0.41646
G1 X121.301 Y121.241 E15.66656
;WIDTH:0.38292
G1 X121.312 Y121.282 E15.66776
G1 X121.241 Y121.301 E15.66984
G1 X121.26 Y121.23 E15.67192
;WIDTH:0.449999
G1 X121.156 Y120.451 E15.69852
G1 X104.549 Y103.844 E16.49349
G1 X105.124 Y103.844 E16.51295
G1 X121.156 Y119.876 E17.28039
G1 X121.156 Y119.3 E17.29989
G1 X105.7 Y103.844 E18.03976
G1 X106.276 Y103.844 E18.05926
G1 X121.156 Y118.724 E18.77156
G1 X121.156 Y118.149 E18.79102
G1 X106.851 Y103.844 E19.47579
G1 X107.427 Y103.844 E19.49529
G1 X121.156 Y117.573 E20.15249
G1 X121.156 Y116.997 E20.17199
G1 X108.003 Y103.844 E20.80162
G1 X108.578 Y103.844 E20.82108
G1 X121.156 Y116.422 E21.42318
G1 X121.156 Y115.846 E21.44268
G1 X109.154 Y103.844 E22.01721
G1 X109.73 Y103.844 E22.03671
G1 X121.156 Y115.27 E22.58367
G1 X121.156 Y114.694 E22.60317
G1 X110.306 Y103.844 E23.12255
G1 X110.881 Y103.844 E23.14201
G1 X121.156 Y114.119 E23.63387
G1 X121.156 Y113.543 E23.65337
G1 X111.457 Y103.844 E24.11766
G1 X112.033 Y103.844 E24.13716
G1 X121.156 Y112.967 E24.57387
G1 X121.156 Y112.392 E24.59333
G1 X112.608 Y103.844 E25.00252
G1 X113.184 Y103.844 E25.02202
G1 X121.156 Y111.816 E25.40363
G1 X121.156 Y111.24 E25.42313
G1 X113.76 Y103.844 E25.77717
G1 X114.335 Y103.844 E25.79663
G1 X121.156 Y110.665 E26.12315
G1 X121.156 Y110.089 E26.14265
G1 X114.911 Y103.844 E26.44159
G1 X115.487 Y103.844 E26.46109
G1 X121.156 Y109.513 E26.73246
G1 X121.156 Y108.937 E26.75196
G1 X116.063 Y103.844 E26.99576
G1 X116.638 Y103.844 E27.01522
G1 X121.156 Y108.362 E27.23149
G1 X121.156 Y107.786 E27.25099
G1 X117.214 Y103.844 E27.43969
G1 X117.79 Y103.844 E27.45919
G1 X121.156 Y107.21 E27.62032
G1 X121.156 Y106.635 E27.63978
G1 X118.365 Y103.844 E27.77338
G1 X118.941 Y103.844 E27.79288
G1 X121.156 Y106.059 E27.89891
G1 X121.156 Y105.483 E27.91841
G1 X119.517 Y103.844 E27.99687
G1 X120.092 Y103.844 E28.01633
G1 X121.156 Y104.908 E28.06726
G1 X121.318 Y104.447 E28.0838
;WIDTH:0.38292
G1 X121.299 Y104.518 E28.08588
G1 X121.37 Y104.499 E28.08796
G1 X121.359 Y104.458 E28.08916
;WIDTH:0.41646
G1 X121.257 Y104.395 E28.09288
;WIDTH:0.449999
G1 X121.156 Y104.332 E28.09691
G1 X120.668 Y103.844 E28.12027
G1 X120.605 Y103.743 E28.1243
;WIDTH:0.41646
G1 X120.542 Y103.641 E28.12802
;WIDTH:0.38292
G1 X120.553 Y103.682 E28.12922
G1 X120.482 Y103.701 E28.1313
G1 X120.501 Y103.63 E28.13338
M106 S247.35
;LAYER_CHANGE
;Z:1.2
;HEIGHT:0.2
G1 Z1.2 F7800
G1 E26.13338 F2400
G1 Z1.2 F7800
G1 X103.539 Y103.539
G1 E28.13338 F2400
;TYPE:Perimeter
;WIDTH:0.449999
G1 F3600
G1 X121.461 Y103.539 E28.74002
G1 X121.461 Y112.5 E29.04334
G1 X121.461 Y121.461 E29.34666
G1 X103.539 Y121.461 E29.9533
G1 X103.539 Y103.599 E30.55791
G1 X103.539 Y103.599 F7800
G1 X103.132 Y103.132
G1 F3600
G1 X121.868 Y103.132 E31.1921
G1 X121.868 Y112.5 E31.5092
G1 X121.868 Y121.868 E31.8263
G1 X103.132 Y121.868 E32.46049
G1 X103.132 Y103.192 E33.09265
G1 X102.725 Y102.725 F7800
;TYPE:External perimeter
G1 F1800
G1 X122.275 Y102.725 E33.75439
G1 X122.275 Y112.5 E34.08526
G1 X122.275 Y122.275 E34.41613
G1 X102.725 Y122.275 E35.07787
G1 X102.725 Y102.785 E35.73758
G1 X103.121 Y102.726 F7800
G1 E33.73758 F2400
G92 E0
G1 X121.156 Y105.776 F7800
G1 E2 F2400
;TYPE:Internal infill
;WIDTH:0.45
G1 F4800
G1 X121.156 Y103.844 E2.0654
G1 X120.644 Y103.844 E2.08273
G1 X120.362 Y104.183 E2.09766
G1 X119.925 Y104.506 E2.11605
G1 X119.488 Y104.708 E2.13235
G1 X118.615 Y104.85 E2.16229
G1 X118.178 Y104.744 E2.17751
G1 X117.741 Y104.393 E2.19648
G1 X117.283 Y103.844 E2.22068
G1 X113.656 Y103.844 E2.34345
G1 X113.374 Y104.183 E2.35838
G1 X112.937 Y104.506 E2.37677
G1 X112.5 Y104.708 E2.39307
G1 X111.626 Y104.85 E2.42304
G1 X111.19 Y104.744 E2.43823
G1 X110.753 Y104.393 E2.4572
G1 X110.295 Y103.844 E2.4814
G1 X106.667 Y103.844 E2.6042
G1 X106.385 Y104.183 E2.61913
G1 X105.948 Y104.506 E2.63752
G1 X105.512 Y104.708 E2.65379
G1 X104.638 Y104.85 E2.68376
G1 X104.201 Y104.744 E2.69898
G1 X103.844 Y104.458 E2.71446
G1 X103.844 Y106.726 E2.79123
G1 X104.638 Y107.677 E2.83316
G1 X105.075 Y108 E2.85155
G1 X105.512 Y108.202 E2.86785
G1 X106.385 Y108.344 E2.89779
G1 X106.822 Y108.239 E2.913
G1 X107.259 Y107.888 E2.93197
G1 X108.132 Y106.84 E2.97814
G1 X108.569 Y106.517 E2.99653
G1 X109.006 Y106.315 E3.01283
G1 X109.879 Y106.173 E3.04277
G1 X110.316 Y106.279 E3.05799
G1 X110.753 Y106.63 E3.07696
G1 X111.626 Y107.677 E3.1231
G1 X112.063 Y108 E3.14149
G1 X112.5 Y108.202 E3.15779
G1 X113.374 Y108.344 E3.18776
G1 X113.81 Y108.239 E3.20294
G1 X114.247 Y107.888 E3.22191
G1 X115.121 Y106.84 E3.2681
G1 X115.557 Y106.517 E3.28647
G1 X115.994 Y106.315 E3.30277
G1 X116.868 Y106.173 E3.33274
G1 X117.305 Y106.279 E3.34796
G1 X117.741 Y106.63 E3.36691
G1 X118.615 Y107.677 E3.41307
G1 X119.052 Y108 E3.43146
G1 X119.488 Y108.202 E3.44773
G1 X120.362 Y108.344 E3.4777
G1 X120.799 Y108.239 E3.49291
G1 X121.156 Y107.952 E3.50841
G1 X121.156 Y110.22 E3.58518
G1 X120.362 Y111.171 E3.62711
G1 X119.925 Y111.495 E3.64552
G1 X119.488 Y111.696 E3.6618
G1 X118.615 Y111.839 E3.69174
G1 X118.178 Y111.733 E3.70696
G1 X117.741 Y111.382 E3.72593
G1 X116.868 Y110.335 E3.77207
G1 X116.431 Y110.011 E3.79048
G1 X115.994 Y109.809 E3.80678
G1 X115.121 Y109.667 E3.83672
G1 X114.684 Y109.773 E3.85194
G1 X114.247 Y110.124 E3.87091
G1 X113.374 Y111.171 E3.91705
G1 X112.937 Y111.495 E3.93546
G1 X112.5 Y111.696 E3.95174
G1 X111.626 Y111.839 E3.98172
G1 X111.19 Y111.733 E3.99691
G1 X110.753 Y111.382 E4.01588
G1 X109.879 Y110.335 E4.06204
G1 X109.443 Y110.011 E4.08043
G1 X109.006 Y109.809 E4.09673
G1 X108.132 Y109.667 E4.1267
G1 X107.695 Y109.773 E4.14192
G1 X107.259 Y110.124 E4.16087
G1 X106.385 Y111.171 E4.20703
G1 X105.948 Y111.495 E4.22544
G1 X105.512 Y111.696 E4.24169
G1 X104.638 Y111.839 E4.27167
G1 X104.201 Y111.733 E4.28689
G1 X103.844 Y111.446 E4.30239
G1 X103.844 Y113.714 E4.37916
G1 X104.638 Y114.665 E4.42109
G1 X105.075 Y114.989 E4.4395
G1 X105.512 Y115.191 E4.4558
G1 X106.385 Y115.333 E4.48574
G1 X106.822 Y115.227 E4.50096
G1 X107.259 Y114.876 E4.51993
G1 X108.132 Y113.829 E4.56607
G1 X108.569 Y113.505 E4.58448
G1 X109.006 Y113.304 E4.60076
G1 X109.879 Y113.161 E4.6307
G1 X110.316 Y113.267 E4.64592
G1 X110.753 Y113.618 E4.66489
G1 X111.626 Y114.665 E4.71103
G1 X112.063 Y114.989 E4.72944
G1 X112.5 Y115.191 E4.74574
G1 X113.374 Y115.333 E4.77571
G1 X113.81 Y115.227 E4.7909
G1 X114.247 Y114.876 E4.80987
G1 X115.121 Y113.829 E4.85603
G1 X115.557 Y113.505 E4.87442
G1 X115.994 Y113.304 E4.8907
G1 X116.868 Y113.161 E4.92068
G1 X117.305 Y113.267 E4.9359
G1 X117.741 Y113.618 E4.95485
G1 X118.615 Y114.665 E5.00101
G1 X119.052 Y114.989 E5.01942
G1 X119.488 Y115.191 E5.03569
G1 X120.362 Y115.333 E5.06566
G1 X120.799 Y115.227 E5.08088
G1 X121.156 Y114.94 E5.09638
G1 X121.156 Y117.208 E5.17315
G1 X120.362 Y118.16 E5.21511
G1 X119.925 Y118.483 E5.2335
G1 X119.488 Y118.685 E5.2498
G1 X118.615 Y118.827 E5.27974
G1 X118.178 Y118.721 E5.29496
G1 X117.741 Y118.37 E5.31393
G1 X116.868 Y117.323 E5.36007
G1 X116.431 Y117 E5.37846
G1 X115.994 Y116.798 E5.39476
G1 X115.121 Y116.656 E5.4247
G1 X114.684 Y116.761 E5.43991
G1 X114.247 Y117.112 E5.45888
G1 X113.374 Y118.16 E5.50505
G1 X112.937 Y118.483 E5.52344
G1 X112.5 Y118.685 E5.53974
G1 X111.626 Y118.827 E5.56971
G1 X111.19 Y118.721 E5.5849
G1 X110.753 Y118.37 E5.60387
G1 X109.879 Y117.323 E5.65003
G1 X109.443 Y117 E5.6684
G1 X109.006 Y116.798 E5.6847
G1 X108.132 Y116.656 E5.71467
G1 X107.695 Y116.761 E5.72988
G1 X107.259 Y117.112 E5.74883
G1 X106.385 Y118.16 E5.79502
G1 X105.948 Y118.483 E5.81341
G1 X105.512 Y118.685 E5.82968
G1 X104.638 Y118.827 E5.85965
G1 X104.201 Y118.721 E5.87487
G1 X103.844 Y118.435 E5.89035
G1 X103.844 Y120.702 E5.96709
G1 X104.222 Y121.156 E5.98709
G1 X107.85 Y121.156 E6.10989
G1 X108.132 Y120.817 E6.12482
G1 X108.569 Y120.494 E6.14321
G1 X109.006 Y120.292 E6.15951
G1 X109.879 Y120.15 E6.18945
G1 X110.316 Y120.256 E6.20467
G1 X110.753 Y120.607 E6.22364
G1 X111.211 Y121.156 E6.24784
G1 X114.838 Y121.156 E6.37061
G1 X115.121 Y120.817 E6.38556
G1 X115.557 Y120.494 E6.40393
G1 X115.994 Y120.292 E6.42023
G1 X116.868 Y120.15 E6.4502
G1 X117.305 Y120.256 E6.46542
G1 X117.741 Y120.607 E6.48437
G1 X118.199 Y121.156 E6.50857
G1 X120.642 Y121.156 E6.59126
;LAYER_CHANGE
;Z:1.4
;HEIGHT:0.2
G1 Z1.4 F7800
G1 E4.59126 F2400
G1 Z1.4 F7800
G1 X103.539 Y103.539
G1 E6.59126 F2400
;TYPE:Perimeter
;WIDTH:0.449999
G1 F3600
G1 X121.461 Y103.539 E7.1979
G1 X121.461 Y112.5 E7.50122
G1 X121.461 Y121.461 E7.80454
G1 X103.539 Y121.461 E8.41118
G1 X103.539 Y103.599 E9.01579
G1 X103.539 Y103.599 F7800
G1 X103.132 Y103.132
G1 F3600
G1 X121.868 Y103.132 E9.64998
G1 X121.868 Y112.5 E9.96708
G1 X121.868 Y121.868 E10.28418
G1 X103.132 Y121.868 E10.91837
G1 X103.132 Y103.192 E11.55053
G1 X102.725 Y102.725 F7800
;TYPE:External perimeter
G1 F1800
G1 X122.275 Y102.725 E12.21227
G1 X122.275 Y112.5 E12.54314
G1 X122.275 Y122.275 E12.87401
G1 X102.725 Y122.275 E13.53575
G1 X102.725 Y102.785 E14.19546
G1 X103.121 Y102.726 F7800
G1 E12.19546 F2400
G92 E0
G1 X121.156 Y105.92 F7800
G1 E2 F2400
;TYPE:Internal infill
;WIDTH:0.45
G1 F4800
G1 X121.156 Y103.844 E2.07027
G1 X120.789 Y103.844 E2.08269
G1 X120.362 Y104.27 E2.10311
G1 X119.925 Y104.523 E2.1202
G1 X119.488 Y104.666 E2.13576
G1 X119.052 Y104.72 E2.15063
G1 X118.615 Y104.68 E2.16548
G1 X118.178 Y104.501 E2.18146
G1 X117.455 Y103.844 E2.21453
G1 X113.801 Y103.844 E2.33821
G1 X113.374 Y104.27 E2.35863
G1 X112.937 Y104.523 E2.37572
G1 X112.5 Y104.666 E2.39128
G1 X112.063 Y104.72 E2.40618
G1 X111.626 Y104.68 E2.42103
G1 X111.19 Y104.501 E2.43698
G1 X110.467 Y103.844 E2.47005
G1 X106.812 Y103.844 E2.59377
G1 X106.385 Y104.27 E2.61419
G1 X105.948 Y104.523 E2.63128
G1 X105.512 Y104.666 E2.64681
G1 X105.075 Y104.72 E2.66171
G1 X104.638 Y104.68 E2.67656
G1 X104.201 Y104.501 E2.69254
G1 X103.844 Y104.198 E2.70839
G1 X103.844 Y106.973 E2.80232
G1 X104.638 Y107.765 E2.84028
G1 X105.075 Y108.017 E2.85736
G1 X105.512 Y108.16 E2.87292
G1 X105.948 Y108.214 E2.88779
G1 X106.385 Y108.174 E2.90264
G1 X106.822 Y107.996 E2.91861
G1 X108.132 Y106.753 E2.97974
G1 X108.569 Y106.5 E2.99683
G1 X109.006 Y106.358 E3.01238
G1 X109.443 Y106.303 E3.02729
G1 X109.879 Y106.343 E3.04211
G1 X110.316 Y106.522 E3.05809
G1 X111.626 Y107.765 E3.11922
G1 X112.063 Y108.017 E3.1363
G1 X112.5 Y108.16 E3.15186
G1 X112.937 Y108.214 E3.16676
G1 X113.374 Y108.174 E3.18161
G1 X113.81 Y107.996 E3.19755
G1 X115.121 Y106.753 E3.2587
G1 X115.557 Y106.5 E3.27576
G1 X115.994 Y106.358 E3.29131
G1 X116.431 Y106.303 E3.30622
G1 X116.868 Y106.343 E3.32107
G1 X117.305 Y106.522 E3.33705
G1 X118.615 Y107.765 E3.39818
G1 X119.052 Y108.017 E3.41526
G1 X119.488 Y108.16 E3.43079
G1 X119.925 Y108.214 E3.44569
G1 X120.362 Y108.174 E3.46054
G1 X120.799 Y107.996 E3.47651
G1 X121.156 Y107.692 E3.49238
G1 X121.156 Y110.467 E3.58631
G1 X120.362 Y111.259 E3.62427
G1 X119.925 Y111.511 E3.64135
G1 X119.488 Y111.654 E3.65691
G1 X119.052 Y111.709 E3.67179
G1 X118.615 Y111.668 E3.68665
G1 X118.178 Y111.49 E3.70262
G1 X116.868 Y110.247 E3.76375
G1 X116.431 Y109.995 E3.78083
G1 X115.994 Y109.852 E3.79639
G1 X115.557 Y109.797 E3.8113
G1 X115.121 Y109.837 E3.82612
G1 X114.684 Y110.016 E3.8421
G1 X113.374 Y111.259 E3.90323
G1 X112.937 Y111.511 E3.92031
G1 X112.5 Y111.654 E3.93587
G1 X112.063 Y111.709 E3.95078
G1 X111.626 Y111.668 E3.96564
G1 X111.19 Y111.49 E3.98158
G1 X109.879 Y110.247 E4.04273
G1 X109.443 Y109.995 E4.05978
G1 X109.006 Y109.852 E4.07534
G1 X108.569 Y109.797 E4.09025
G1 X108.132 Y109.837 E4.1051
G1 X107.695 Y110.016 E4.12108
G1 X106.385 Y111.259 E4.18221
G1 X105.948 Y111.511 E4.19929
G1 X105.512 Y111.654 E4.21482
G1 X105.075 Y111.709 E4.22973
G1 X104.638 Y111.668 E4.24459
G1 X104.201 Y111.49 E4.26056
G1 X103.844 Y111.186 E4.27643
G1 X103.844 Y113.962 E4.37039
G1 X104.638 Y114.753 E4.40833
G1 X105.075 Y115.006 E4.42542
G1 X105.512 Y115.148 E4.44097
G1 X105.948 Y115.203 E4.45585
G1 X106.385 Y115.163 E4.4707
G1 X106.822 Y114.984 E4.48668
G1 X108.132 Y113.741 E4.54781
G1 X108.569 Y113.489 E4.56489
G1 X109.006 Y113.346 E4.58045
G1 X109.443 Y113.291 E4.59536
G1 X109.879 Y113.332 E4.61018
G1 X110.316 Y113.51 E4.62615
G1 X111.626 Y114.753 E4.68728
G1 X112.063 Y115.006 E4.70437
G1 X112.5 Y115.148 E4.71992
G1 X112.937 Y115.203 E4.73483
G1 X113.374 Y115.163 E4.74968
G1 X113.81 Y114.984 E4.76563
G1 X115.121 Y113.741 E4.82678
G1 X115.557 Y113.489 E4.84383
G1 X115.994 Y113.346 E4.85939
G1 X116.431 Y113.291 E4.8743
G1 X116.868 Y113.332 E4.88916
G1 X117.305 Y113.51 E4.90513
G1 X118.615 Y114.753 E4.96626
G1 X119.052 Y115.006 E4.98335
G1 X119.488 Y115.148 E4.99887
G1 X119.925 Y115.203 E5.01378
G1 X120.362 Y115.163 E5.02863
G1 X120.799 Y114.984 E5.04461
G1 X121.156 Y114.68 E5.06048
G1 X121.156 Y117.456 E5.15444
G1 X120.362 Y118.247 E5.19238
G1 X119.925 Y118.5 E5.20947
G1 X119.488 Y118.642 E5.22502
G1 X119.052 Y118.697 E5.2399
G1 X118.615 Y118.657 E5.25475
G1 X118.178 Y118.478 E5.27073
G1 X116.868 Y117.235 E5.33186
G1 X116.431 Y116.983 E5.34894
G1 X115.994 Y116.84 E5.3645
G1 X115.557 Y116.786 E5.3794
G1 X115.121 Y116.826 E5.39422
G1 X114.684 Y117.004 E5.41019
G1 X113.374 Y118.247 E5.47132
G1 X112.937 Y118.5 E5.48841
G1 X112.5 Y118.642 E5.50396
G1 X112.063 Y118.697 E5.51887
G1 X111.626 Y118.657 E5.53372
G1 X111.19 Y118.478 E5.54967
G1 X109.879 Y117.235 E5.61082
G1 X109.443 Y116.983 E5.62787
G1 X109.006 Y116.84 E5.64343
G1 X108.569 Y116.786 E5.65833
G1 X108.132 Y116.826 E5.67318
G1 X107.695 Y117.004 E5.68915
G1 X106.385 Y118.247 E5.75028
G1 X105.948 Y118.5 E5.76737
G1 X105.512 Y118.642 E5.78289
G1 X105.075 Y118.697 E5.7978
G1 X104.638 Y118.657 E5.81265
G1 X104.201 Y118.478 E5.82863
G1 X103.844 Y118.175 E5.84448
G1 X103.844 Y121.156 E5.94538
G1 X107.705 Y121.156 E6.07607
G1 X108.132 Y120.73 E6.09649
G1 X108.569 Y120.477 E6.11358
G1 X109.006 Y120.334 E6.12914
G1 X109.443 Y120.28 E6.14404
G1 X109.879 Y120.32 E6.15886
G1 X110.316 Y120.499 E6.17484
G1 X111.039 Y121.156 E6.20791
G1 X114.694 Y121.156 E6.33163
G1 X115.121 Y120.73 E6.35205
G1 X115.557 Y120.477 E6.36911
G1 X115.994 Y120.334 E6.38467
G1 X116.431 Y120.28 E6.39957
G1 X116.868 Y120.32 E6.41442
G1 X117.305 Y120.499 E6.4304
G1 X118.027 Y121.156 E6.46344
G1 X120.47 Y121.156 E6.54613
;LAYER_CHANGE
;Z:1.6
;HEIGHT:0.2
G1 Z1.6 F7800
G1 E4.54613 F2400
G1 Z1.6 F7800
G1 X103.539 Y103.539
G1 E6.54613 F2400
;TYPE:Perimeter
;WIDTH:0.449999
G1 F3600
G1 X121.461 Y103.539 E7.15277
G1 X121.461 Y112.5 E7.45609
G1 X121.461 Y121.461 E7.75941
G1 X103.539 Y121.461 E8.36605
G1 X103.539 Y103.599 E8.97066
G1 X103.539 Y103.599 F7800
G1 X103.132 Y103.132
G1 F3600
G1 X121.868 Y103.132 E9.60485
G1 X121.868 Y112.5 E9.92195
G1 X121.868 Y121.868 E10.23905
G1 X103.132 Y121.868 E10.87324
G1 X103.132 Y103.192 E11.5054
G1 X102.725 Y102.725 F7800
;TYPE:External perimeter
G1 F1800
G1 X122.275 Y102.725 E12.16714
G1 X122.275 Y112.5 E12.49801
G1 X122.275 Y122.275 E12.82888
G1 X102.725 Y122.275 E13.49062
G1 X102.725 Y102.785 E14.15033
G1 X103.121 Y102.726 F7800
G1 E12.15033 F2400
G92 E0
G1 X121.156 Y106.135 F7800
G1 E2 F2400
;TYPE:Internal infill
;WIDTH:0.45
G1 F4800
G1 X121.156 Y103.844 E2.07755
G1 X121.004 Y103.844 E2.0827
G1 X120.362 Y104.368 E2.11075
G1 X119.925 Y104.557 E2.12687
G1 X119.488 Y104.643 E2.14195
G1 X119.052 Y104.64 E2.15671
G1 X118.615 Y104.539 E2.17189
G1 X118.178 Y104.302 E2.18872
G1 X117.672 Y103.844 E2.21182
G1 X114.015 Y103.844 E2.33561
G1 X113.374 Y104.368 E2.36363
G1 X112.937 Y104.557 E2.37975
G1 X112.5 Y104.643 E2.39483
G1 X112.063 Y104.64 E2.40962
G1 X111.626 Y104.539 E2.4248
G1 X111.19 Y104.302 E2.4416
G1 X110.683 Y103.844 E2.46473
G1 X107.027 Y103.844 E2.58848
G1 X106.385 Y104.368 E2.61653
G1 X105.948 Y104.557 E2.63265
G1 X105.512 Y104.643 E2.64769
G1 X105.075 Y104.64 E2.66248
G1 X104.638 Y104.539 E2.67766
G1 X104.201 Y104.302 E2.69449
G1 X103.844 Y103.984 E2.71067
G1 X103.844 Y107.189 E2.81916
G1 X104.638 Y107.863 E2.85441
G1 X105.075 Y108.052 E2.87053
G1 X105.512 Y108.137 E2.8856
G1 X105.948 Y108.135 E2.90036
G1 X106.385 Y108.033 E2.91555
G1 X106.822 Y107.796 E2.93238
G1 X107.695 Y106.977 E2.9729
G1 X108.132 Y106.655 E2.99127
G1 X108.569 Y106.466 E3.00739
G1 X109.006 Y106.38 E3.02247
G1 X109.443 Y106.383 E3.03726
G1 X109.879 Y106.484 E3.05241
G1 X110.316 Y106.721 E3.06924
G1 X111.19 Y107.541 E3.10981
G1 X111.626 Y107.863 E3.12816
G1 X112.063 Y108.052 E3.14428
G1 X112.5 Y108.137 E3.15935
G1 X112.937 Y108.135 E3.17414
G1 X113.374 Y108.033 E3.18933
G1 X113.81 Y107.796 E3.20613
G1 X114.684 Y106.977 E3.24667
G1 X115.121 Y106.655 E3.26504
G1 X115.557 Y106.466 E3.28113
G1 X115.994 Y106.38 E3.29621
G1 X116.431 Y106.383 E3.311
G1 X116.868 Y106.484 E3.32618
G1 X117.305 Y106.721 E3.34301
G1 X118.178 Y107.541 E3.38355
G1 X118.615 Y107.863 E3.40192
G1 X119.052 Y108.052 E3.41804
G1 X119.488 Y108.137 E3.43308
G1 X119.925 Y108.135 E3.44787
G1 X120.362 Y108.033 E3.46306
G1 X120.799 Y107.796 E3.47989
G1 X121.156 Y107.478 E3.49607
G1 X121.156 Y110.683 E3.60456
G1 X120.362 Y111.357 E3.63981
G1 X119.925 Y111.546 E3.65593
G1 X119.488 Y111.631 E3.671
G1 X119.052 Y111.629 E3.68576
G1 X118.615 Y111.527 E3.70095
G1 X118.178 Y111.29 E3.71778
G1 X117.305 Y110.471 E3.7583
G1 X116.868 Y110.149 E3.77667
G1 X116.431 Y109.96 E3.79279
G1 X115.994 Y109.874 E3.80787
G1 X115.557 Y109.877 E3.82266
G1 X115.121 Y109.978 E3.83781
G1 X114.684 Y110.215 E3.85464
G1 X113.81 Y111.035 E3.89521
G1 X113.374 Y111.357 E3.91356
G1 X112.937 Y111.546 E3.92968
G1 X112.5 Y111.631 E3.94475
G1 X112.063 Y111.629 E3.95954
G1 X111.626 Y111.527 E3.97473
G1 X111.19 Y111.29 E3.99153
G1 X110.316 Y110.471 E4.03207
G1 X109.879 Y110.149 E4.05044
G1 X109.443 Y109.96 E4.06653
G1 X109.006 Y109.874 E4.08161
G1 X108.569 Y109.877 E4.0964
G1 X108.132 Y109.978 E4.11158
G1 X107.695 Y110.215 E4.12841
G1 X106.822 Y111.035 E4.16895
G1 X106.385 Y111.357 E4.18732
G1 X105.948 Y111.546 E4.20344
G1 X105.512 Y111.631 E4.21848
G1 X105.075 Y111.629 E4.23327
G1 X104.638 Y111.527 E4.24846
G1 X104.201 Y111.29 E4.26529
G1 X103.844 Y110.973 E4.28145
G1 X103.844 Y114.178 E4.38994
G1 X104.201 Y114.529 E4.40689
G1 X104.638 Y114.851 E4.42526
G1 X105.075 Y115.04 E4.44138
G1 X105.512 Y115.126 E4.45646
G1 X105.948 Y115.123 E4.47122
G1 X106.385 Y115.022 E4.4864
G1 X106.822 Y114.785 E4.50323
G1 X107.695 Y113.965 E4.54377
G1 X108.132 Y113.643 E4.56214
G1 X108.569 Y113.454 E4.57826
G1 X109.006 Y113.369 E4.59333
G1 X109.443 Y113.371 E4.60812
G1 X109.879 Y113.473 E4.62328
G1 X110.316 Y113.71 E4.64011
G1 X111.19 Y114.529 E4.68065
G1 X111.626 Y114.851 E4.699
G1 X112.063 Y115.04 E4.71512
G1 X112.5 Y115.126 E4.7302
G1 X112.937 Y115.123 E4.74499
G1 X113.374 Y115.022 E4.76017
G1 X113.81 Y114.785 E4.77697
G1 X114.684 Y113.965 E4.81754
G1 X115.121 Y113.643 E4.83591
G1 X115.557 Y113.454 E4.852
G1 X115.994 Y113.369 E4.86707
G1 X116.431 Y113.371 E4.88186
G1 X116.868 Y113.473 E4.89705
G1 X117.305 Y113.71 E4.91388
G1 X118.178 Y114.529 E4.9544
G1 X118.615 Y114.851 E4.97277
G1 X119.052 Y115.04 E4.98889
G1 X119.488 Y115.126 E5.00393
G1 X119.925 Y115.123 E5.01872
G1 X120.362 Y115.022 E5.0339
G1 X120.799 Y114.785 E5.05073
G1 X121.156 Y114.467 E5.06691
G1 X121.156 Y117.672 E5.1754
G1 X120.362 Y118.345 E5.21063
G1 X119.925 Y118.534 E5.22675
G1 X119.488 Y118.62 E5.24183
G1 X119.052 Y118.617 E5.25659
G1 X118.615 Y118.516 E5.27177
G1 X118.178 Y118.279 E5.2886
G1 X117.305 Y117.459 E5.32914
G1 X116.868 Y117.137 E5.34751
G1 X116.431 Y116.948 E5.36363
G1 X115.994 Y116.863 E5.3787
G1 X115.557 Y116.865 E5.39349
G1 X115.121 Y116.967 E5.40865
G1 X114.684 Y117.204 E5.42548
G1 X113.81 Y118.023 E5.46602
G1 X113.374 Y118.345 E5.48437
G1 X112.937 Y118.534 E5.50049
G1 X112.5 Y118.62 E5.51557
G1 X112.063 Y118.617 E5.53036
G1 X111.626 Y118.516 E5.54554
G1 X111.19 Y118.279 E5.56234
G1 X110.316 Y117.459 E5.60291
G1 X109.879 Y117.137 E5.62128
G1 X109.443 Y116.948 E5.63737
G1 X109.006 Y116.863 E5.65244
G1 X108.569 Y116.865 E5.66723
G1 X108.132 Y116.967 E5.68242
G1 X107.695 Y117.204 E5.69925
G1 X106.822 Y118.023 E5.73977
G1 X106.385 Y118.345 E5.75814
G1 X105.948 Y118.534 E5.77426
G1 X105.512 Y118.62 E5.7893
G1 X105.075 Y118.617 E5.80409
G1 X104.638 Y118.516 E5.81927
G1 X104.201 Y118.279 E5.8361
G1 X103.844 Y117.961 E5.85228
G1 X103.844 Y121.156 E5.96043
G1 X107.49 Y121.156 E6.08384
G1 X108.132 Y120.632 E6.11189
G1 X108.569 Y120.443 E6.12801
G1 X109.006 Y120.357 E6.14309
G1 X109.443 Y120.36 E6.15788
G1 X109.879 Y120.461 E6.17303
G1 X110.316 Y120.698 E6.18986
G1 X110.822 Y121.156 E6.21296
G1 X114.479 Y121.156 E6.33675
G1 X115.121 Y120.632 E6.3648
G1 X115.557 Y120.443 E6.38089
G1 X115.994 Y120.357 E6.39597
G1 X116.431 Y120.36 E6.41076
G1 X116.868 Y120.461 E6.42594
G1 X117.305 Y120.698 E6.44277
G1 X117.811 Y121.156 E6.46587
G1 X120.253 Y121.156 E6.54853
;LAYER_CHANGE
;Z:1.8
;HEIGHT:0.2
G1 Z1.8 F7800
G1 E4.54853 F2400
G1 Z1.8 F7800
G1 X103.539 Y103.539
G1 E6.54853 F2400
;TYPE:Perimeter
;WIDTH:0.449999
G1 F3600
G1 X121.461 Y103.539 E7.15517
G1 X121.461 Y112.5 E7.45849
G1 X121.461 Y121.461 E7.76181
G1 X103.539 Y121.461 E8.36845
G1 X103.539 Y103.599 E8.97306
G1 X103.539 Y103.599 F7800
G1 X103.132 Y103.132
G1 F3600
G1 X121.868 Y103.132 E9.60725
G1 X121.868 Y112.5 E9.92435
G1 X121.868 Y121.868 E10.24145
G1 X103.132 Y121.868 E10.87564
G1 X103.132 Y103.192 E11.5078
G1 X102.725 Y102.725 F7800
;TYPE:External perimeter
G1 F1800
G1 X122.275 Y102.725 E12.16954
G1 X122.275 Y112.5 E12.50041
G1 X122.275 Y122.275 E12.83128
G1 X102.725 Y122.275 E13.49302
G1 X102.725 Y102.785 E14.15273
G1 X103.121 Y102.726 F7800
G1 E12.15273 F2400
G92 E0
G1 X103.844 Y106.227 F7800
G1 E2 F2400
;TYPE:Internal infill
;WIDTH:0.45
G1 F4800
G1 X103.844 Y103.844 E2.08066
G1 X104.638 Y104.419 E2.11384
G1 X105.075 Y104.58 E2.1296
G1 X105.512 Y104.639 E2.14453
G1 X105.948 Y104.61 E2.15932
G1 X106.385 Y104.48 E2.17475
G1 X106.822 Y104.217 E2.19201
G1 X107.229 Y103.844 E2.2107
G1 X110.893 Y103.844 E2.33472
G1 X111.19 Y104.126 E2.34858
G1 X111.626 Y104.419 E2.36636
G1 X112.063 Y104.58 E2.38212
G1 X112.5 Y104.639 E2.39705
G1 X112.937 Y104.61 E2.41187
G1 X113.374 Y104.48 E2.4273
G1 X113.81 Y104.217 E2.44454
G1 X114.218 Y103.844 E2.46325
G1 X117.881 Y103.844 E2.58724
G1 X118.178 Y104.126 E2.6011
G1 X118.615 Y104.419 E2.61891
G1 X119.052 Y104.58 E2.63467
G1 X119.488 Y104.639 E2.64956
G1 X119.925 Y104.61 E2.66438
G1 X120.362 Y104.48 E2.67981
G1 X120.799 Y104.217 E2.69707
G1 X121.156 Y103.891 E2.71343
G1 X121.156 Y107.282 E2.82821
G1 X120.799 Y107.62 E2.84485
G1 X120.362 Y107.913 E2.86266
G1 X119.925 Y108.074 E2.87842
G1 X119.488 Y108.133 E2.89335
G1 X119.052 Y108.104 E2.90814
G1 X118.615 Y107.974 E2.92357
G1 X118.178 Y107.711 E2.94083
G1 X117.305 Y106.897 E2.98123
G1 X116.868 Y106.604 E2.99904
G1 X116.431 Y106.443 E3.0148
G1 X115.994 Y106.385 E3.02972
G1 X115.557 Y106.414 E3.04454
G1 X115.121 Y106.543 E3.05993
G1 X114.684 Y106.806 E3.07719
G1 X113.81 Y107.62 E3.11762
G1 X113.374 Y107.913 E3.1354
G1 X112.937 Y108.074 E3.15116
G1 X112.5 Y108.133 E3.16609
G1 X112.063 Y108.104 E3.18091
G1 X111.626 Y107.974 E3.19634
G1 X111.19 Y107.711 E3.21358
G1 X110.316 Y106.897 E3.25401
G1 X109.879 Y106.604 E3.27182
G1 X109.443 Y106.443 E3.28755
G1 X109.006 Y106.385 E3.30247
G1 X108.569 Y106.414 E3.31729
G1 X108.132 Y106.543 E3.33271
G1 X107.695 Y106.806 E3.34997
G1 X106.822 Y107.62 E3.39037
G1 X106.385 Y107.913 E3.40818
G1 X105.948 Y108.074 E3.42394
G1 X105.512 Y108.133 E3.43883
G1 X105.075 Y108.104 E3.45365
G1 X104.638 Y107.974 E3.46908
G1 X104.201 Y107.711 E3.48634
G1 X103.844 Y107.385 E3.5027
G1 X103.844 Y110.776 E3.61748
G1 X104.201 Y111.114 E3.63412
G1 X104.638 Y111.408 E3.65195
G1 X105.075 Y111.568 E3.6677
G1 X105.512 Y111.627 E3.68263
G1 X105.948 Y111.598 E3.69742
G1 X106.385 Y111.469 E3.71284
G1 X106.822 Y111.206 E3.7301
G1 X107.695 Y110.392 E3.7705
G1 X108.132 Y110.098 E3.78833
G1 X108.569 Y109.938 E3.80408
G1 X109.006 Y109.879 E3.81901
G1 X109.443 Y109.908 E3.83383
G1 X109.879 Y110.037 E3.84922
G1 X110.316 Y110.3 E3.86648
G1 X111.19 Y111.114 E3.90691
G1 X111.626 Y111.408 E3.92471
G1 X112.063 Y111.568 E3.94046
G1 X112.5 Y111.627 E3.95539
G1 X112.937 Y111.598 E3.97021
G1 X113.374 Y111.469 E3.98563
G1 X113.81 Y111.206 E4.00287
G1 X114.684 Y110.392 E4.0433
G1 X115.121 Y110.098 E4.06113
G1 X115.557 Y109.938 E4.07685
G1 X115.994 Y109.879 E4.09178
G1 X116.431 Y109.908 E4.1066
G1 X116.868 Y110.037 E4.12202
G1 X117.305 Y110.3 E4.13928
G1 X118.178 Y111.114 E4.17968
G1 X118.615 Y111.408 E4.19751
G1 X119.052 Y111.568 E4.21326
G1 X119.488 Y111.627 E4.22815
G1 X119.925 Y111.598 E4.24297
G1 X120.362 Y111.469 E4.25839
G1 X120.799 Y111.206 E4.27565
G1 X121.156 Y110.879 E4.29204
G1 X121.156 Y114.27 E4.40682
G1 X120.799 Y114.608 E4.42346
G1 X120.362 Y114.902 E4.44129
G1 X119.925 Y115.062 E4.45704
G1 X119.488 Y115.121 E4.47197
G1 X119.052 Y115.092 E4.48676
G1 X118.615 Y114.963 E4.50218
G1 X118.178 Y114.7 E4.51944
G1 X117.305 Y113.886 E4.55984
G1 X116.868 Y113.593 E4.57765
G1 X116.431 Y113.432 E4.59341
G1 X115.994 Y113.373 E4.60834
G1 X115.557 Y113.402 E4.62316
G1 X115.121 Y113.531 E4.63855
G1 X114.684 Y113.794 E4.65581
G1 X113.81 Y114.608 E4.69624
G1 X113.374 Y114.902 E4.71404
G1 X112.937 Y115.062 E4.72979
G1 X112.5 Y115.121 E4.74472
G1 X112.063 Y115.092 E4.75954
G1 X111.626 Y114.963 E4.77496
G1 X111.19 Y114.7 E4.7922
G1 X110.316 Y113.886 E4.83263
G1 X109.879 Y113.593 E4.85044
G1 X109.443 Y113.432 E4.86617
G1 X109.006 Y113.373 E4.8811
G1 X108.569 Y113.402 E4.89592
G1 X108.132 Y113.531 E4.91134
G1 X107.695 Y113.794 E4.9286
G1 X106.822 Y114.608 E4.969
G1 X106.385 Y114.902 E4.98683
G1 X105.948 Y115.062 E5.00258
G1 X105.512 Y115.121 E5.01747
G1 X105.075 Y115.092 E5.03229
G1 X104.638 Y114.963 E5.04771
G1 X104.201 Y114.7 E5.06497
G1 X103.844 Y114.373 E5.08136
G1 X103.844 Y117.764 E5.19614
G1 X104.201 Y118.103 E5.2128
G1 X104.638 Y118.396 E5.23061
G1 X105.075 Y118.557 E5.24637
G1 X105.512 Y118.615 E5.26129
G1 X105.948 Y118.586 E5.27608
G1 X106.385 Y118.457 E5.2915
G1 X106.822 Y118.194 E5.30876
G1 X107.695 Y117.38 E5.34916
G1 X108.132 Y117.087 E5.36697
G1 X108.569 Y116.926 E5.38273
G1 X109.006 Y116.867 E5.39766
G1 X109.443 Y116.896 E5.41248
G1 X109.879 Y117.026 E5.42788
G1 X110.316 Y117.289 E5.44514
G1 X111.19 Y118.103 E5.48557
G1 X111.626 Y118.396 E5.50335
G1 X112.063 Y118.557 E5.51911
G1 X112.5 Y118.615 E5.53403
G1 X112.937 Y118.586 E5.54885
G1 X113.374 Y118.457 E5.56427
G1 X113.81 Y118.194 E5.58151
G1 X114.684 Y117.38 E5.62194
G1 X115.121 Y117.087 E5.63975
G1 X115.557 Y116.926 E5.65548
G1 X115.994 Y116.867 E5.67041
G1 X116.431 Y116.896 E5.68523
G1 X116.868 Y117.026 E5.70066
G1 X117.305 Y117.289 E5.71792
G1 X118.178 Y118.103 E5.75832
G1 X118.615 Y118.396 E5.77613
G1 X119.052 Y118.557 E5.79189
G1 X119.488 Y118.615 E5.80678
G1 X119.925 Y118.586 E5.8216
G1 X120.362 Y118.457 E5.83702
G1 X120.799 Y118.194 E5.85428
G1 X121.156 Y117.867 E5.87067
G1 X121.156 Y121.156 E5.982
G1 X117.601 Y121.156 E6.10233
G1 X117.305 Y120.874 E6.11617
G1 X116.868 Y120.581 E6.13398
G1 X116.431 Y120.42 E6.14974
G1 X115.994 Y120.361 E6.16467
G1 X115.557 Y120.39 E6.17949
G1 X115.121 Y120.52 E6.19489
G1 X114.684 Y120.783 E6.21215
G1 X114.277 Y121.156 E6.23084
G1 X110.613 Y121.156 E6.35486
G1 X110.316 Y120.874 E6.36872
G1 X109.879 Y120.581 E6.38653
G1 X109.443 Y120.42 E6.40226
G1 X109.006 Y120.361 E6.41719
G1 X108.569 Y120.39 E6.43201
G1 X108.132 Y120.52 E6.44744
G1 X107.695 Y120.783 E6.4647
G1 X107.288 Y121.156 E6.48339
G1 X104.846 Y121.156 E6.56605
;LAYER_CHANGE
;Z:2
;HEIGHT:0.2
G1 Z2 F7800
G1 E4.56605 F2400
G1 Z2 F7800
G1 X103.539 Y103.539
G1 E6.56605 F2400
;TYPE:Perimeter
;WIDTH:0.449999
G1 F3600
G1 X121.461 Y103.539 E7.17269
G1 X121.461 Y112.5 E7.47601
G1 X121.461 Y121.461 E7.77933
G1 X103.539 Y121.461 E8.38597
G1 X103.539 Y103.599 E8.99058
G1 X103.539 Y103.599 F7800
G1 X103.132 Y103.132
G1 F3600
G1 X121.868 Y103.132 E9.62477
G1 X121.868 Y112.5 E9.94187
G1 X121.868 Y121.868 E10.25897
G1 X103.132 Y121.868 E10.89316
G1 X103.132 Y103.192 E11.52532
G1 X102.725 Y102.725 F7800
;TYPE:External perimeter
G1 F1800
G1 X122.275 Y102.725 E12.18706
G1 X122.275 Y112.5 E12.51793
G1 X122.275 Y122.275 E12.8488
G1 X102.725 Y122.275 E13.51054
G1 X102.725 Y102.785 E14.17025
G1 X103.121 Y102.726 F7800
G1 E12.17025 F2400
G92 E0
G1 X103.844 Y106.04 F7800
G1 E2 F2400
;TYPE:Internal infill
;WIDTH:0.45
G1 F4800
G1 X103.844 Y103.844 E2.07433
G1 X104.092 Y103.844 E2.08272
G1 X104.638 Y104.315 E2.10713
G1 X105.075 Y104.537 E2.12372
G1 X105.512 Y104.653 E2.13902
G1 X105.948 Y104.68 E2.15381
G1 X106.385 Y104.61 E2.16879
G1 X106.822 Y104.404 E2.18514
G1 X107.432 Y103.844 E2.21317
G1 X111.08 Y103.844 E2.33665
G1 X111.626 Y104.315 E2.36106
G1 X112.063 Y104.537 E2.37765
G1 X112.5 Y104.653 E2.39295
G1 X112.937 Y104.68 E2.40777
G1 X113.374 Y104.61 E2.42275
G1 X113.81 Y104.404 E2.43907
G1 X114.42 Y103.844 E2.4671
G1 X118.069 Y103.844 E2.59061
G1 X118.615 Y104.315 E2.61502
G1 X119.052 Y104.537 E2.63161
G1 X119.488 Y104.653 E2.64688
G1 X119.925 Y104.68 E2.6617
G1 X120.362 Y104.61 E2.67668
G1 X120.799 Y104.404 E2.69303
G1 X121.156 Y104.094 E2.70903
G1 X121.156 Y107.082 E2.81017
G1 X120.362 Y107.809 E2.84661
G1 X119.925 Y108.031 E2.8632
G1 X119.488 Y108.147 E2.8785
G1 X119.052 Y108.174 E2.89329
G1 X118.615 Y108.105 E2.90827
G1 X118.178 Y107.898 E2.92464
G1 X116.868 Y106.708 E2.98455
G1 X116.431 Y106.486 E3.00114
G1 X115.994 Y106.371 E3.01644
G1 X115.557 Y106.343 E3.03126
G1 X115.121 Y106.413 E3.04621
G1 X114.684 Y106.62 E3.06258
G1 X113.374 Y107.809 E3.12246
G1 X112.937 Y108.031 E3.13905
G1 X112.5 Y108.147 E3.15435
G1 X112.063 Y108.174 E3.16917
G1 X111.626 Y108.105 E3.18415
G1 X111.19 Y107.898 E3.20049
G1 X109.879 Y106.708 E3.26042
G1 X109.443 Y106.486 E3.27698
G1 X109.006 Y106.371 E3.29228
G1 X108.569 Y106.343 E3.3071
G1 X108.132 Y106.413 E3.32208
G1 X107.695 Y106.62 E3.33845
G1 X106.385 Y107.809 E3.39833
G1 X105.948 Y108.031 E3.41492
G1 X105.512 Y108.147 E3.43019
G1 X105.075 Y108.174 E3.44501
G1 X104.638 Y108.105 E3.45999
G1 X104.201 Y107.898 E3.47636
G1 X103.844 Y107.588 E3.49236
G1 X103.844 Y110.576 E3.5935
G1 X104.638 Y111.303 E3.62994
G1 X105.075 Y111.525 E3.64653
G1 X105.512 Y111.641 E3.66183
G1 X105.948 Y111.668 E3.67662
G1 X106.385 Y111.599 E3.6916
G1 X106.822 Y111.392 E3.70797
G1 X108.132 Y110.202 E3.76788
G1 X108.569 Y109.98 E3.78447
G1 X109.006 Y109.865 E3.79977
G1 X109.443 Y109.837 E3.81459
G1 X109.879 Y109.907 E3.82954
G1 X110.316 Y110.114 E3.84591
G1 X111.626 Y111.303 E3.90579
G1 X112.063 Y111.525 E3.92238
G1 X112.5 Y111.641 E3.93768
G1 X112.937 Y111.668 E3.9525
G1 X113.374 Y111.599 E3.96748
G1 X113.81 Y111.392 E3.98382
G1 X115.121 Y110.202 E4.04375
G1 X115.557 Y109.98 E4.06031
G1 X115.994 Y109.865 E4.07561
G1 X116.431 Y109.837 E4.09043
G1 X116.868 Y109.907 E4.10541
G1 X117.305 Y110.114 E4.12178
G1 X118.615 Y111.303 E4.18166
G1 X119.052 Y111.525 E4.19825
G1 X119.488 Y111.641 E4.21352
G1 X119.925 Y111.668 E4.22834
G1 X120.362 Y111.599 E4.24332
G1 X120.799 Y111.392 E4.25969
G1 X121.156 Y111.082 E4.27569
G1 X121.156 Y114.07 E4.37683
G1 X120.362 Y114.798 E4.41329
G1 X119.925 Y115.02 E4.42988
G1 X119.488 Y115.135 E4.44518
G1 X119.052 Y115.163 E4.45997
G1 X118.615 Y115.093 E4.47495
G1 X118.178 Y114.886 E4.49132
G1 X116.868 Y113.697 E4.5512
G1 X116.431 Y113.475 E4.56779
G1 X115.994 Y113.359 E4.58309
G1 X115.557 Y113.332 E4.59791
G1 X115.121 Y113.401 E4.61285
G1 X114.684 Y113.608 E4.62922
G1 X113.374 Y114.798 E4.68913
G1 X112.937 Y115.02 E4.70572
G1 X112.5 Y115.135 E4.72102
G1 X112.063 Y115.163 E4.73584
G1 X111.626 Y115.093 E4.75082
G1 X111.19 Y114.886 E4.76716
G1 X109.879 Y113.697 E4.82707
G1 X109.443 Y113.475 E4.84363
G1 X109.006 Y113.359 E4.85893
G1 X108.569 Y113.332 E4.87375
G1 X108.132 Y113.401 E4.88873
G1 X107.695 Y113.608 E4.9051
G1 X106.385 Y114.798 E4.96501
G1 X105.948 Y115.02 E4.9816
G1 X105.512 Y115.135 E4.99686
G1 X105.075 Y115.163 E5.01168
G1 X104.638 Y115.093 E5.02666
G1 X104.201 Y114.886 E5.04303
G1 X103.844 Y114.576 E5.05903
G1 X103.844 Y117.565 E5.1602
G1 X104.638 Y118.292 E5.19664
G1 X105.075 Y118.514 E5.21323
G1 X105.512 Y118.629 E5.22853
G1 X105.948 Y118.657 E5.24332
G1 X106.385 Y118.587 E5.2583
G1 X106.822 Y118.38 E5.27467
G1 X108.132 Y117.191 E5.33455
G1 X108.569 Y116.969 E5.35114
G1 X109.006 Y116.853 E5.36644
G1 X109.443 Y116.826 E5.38126
G1 X109.879 Y116.895 E5.3962
G1 X110.316 Y117.102 E5.41257
G1 X111.626 Y118.292 E5.47248
G1 X112.063 Y118.514 E5.48907
G1 X112.5 Y118.629 E5.50437
G1 X112.937 Y118.657 E5.51919
G1 X113.374 Y118.587 E5.53417
G1 X113.81 Y118.38 E5.55051
G1 X115.121 Y117.191 E5.61042
G1 X115.557 Y116.969 E5.62698
G1 X115.994 Y116.853 E5.64228
G1 X116.431 Y116.826 E5.6571
G1 X116.868 Y116.895 E5.67208
G1 X117.305 Y117.102 E5.68845
G1 X118.615 Y118.292 E5.74836
G1 X119.052 Y118.514 E5.76495
G1 X119.488 Y118.629 E5.78021
G1 X119.925 Y118.657 E5.79503
G1 X120.362 Y118.587 E5.81001
G1 X120.799 Y118.38 E5.82638
G1 X121.156 Y118.07 E5.84238
G1 X121.156 Y121.156 E5.94684
G1 X117.414 Y121.156 E6.0735
G1 X116.868 Y120.685 E6.09791
G1 X116.431 Y120.463 E6.1145
G1 X115.994 Y120.347 E6.1298
G1 X115.557 Y120.32 E6.14462
G1 X115.121 Y120.39 E6.15957
G1 X114.684 Y120.596 E6.17592
G1 X114.074 Y121.156 E6.20395
G1 X110.426 Y121.156 E6.32743
G1 X109.879 Y120.685 E6.35186
G1 X109.443 Y120.463 E6.36842
G1 X109.006 Y120.347 E6.38372
G1 X108.569 Y120.32 E6.39854
G1 X108.132 Y120.39 E6.41352
G1 X107.695 Y120.596 E6.42987
G1 X107.085 Y121.156 E6.4579
G1 X104.643 Y121.156 E6.54056
;LAYER_CHANGE
;Z:2.2
;HEIGHT:0.2
G1 Z2.2 F7800
G1 E4.54056 F2400
G1 Z2.2 F7800
G1 X103.539 Y103.539
G1 E6.54056 F2400
;TYPE:Perimeter
;WIDTH:0.449999
G1 F3600
G1 X121.461 Y103.539 E7.1472
G1 X121.461 Y112.5 E7.45052
G1 X121.461 Y121.461 E7.75384
G1 X103.539 Y121.461 E8.36048
G1 X103.539 Y103.599 E8.96509
G1 X103.539 Y103.599 F7800
G1 X103.132 Y103.132
G1 F3600
G1 X121.868 Y103.132 E9.59928
G1 X121.868 Y112.5 E9.91638
G1 X121.868 Y121.868 E10.23348
G1 X103.132 Y121.868 E10.86767
G1 X103.132 Y103.192 E11.49983
G1 X102.725 Y102.725 F7800
;TYPE:External perimeter
G1 F1800
G1 X122.275 Y102.725 E12.16157
G1 X122.275 Y112.5 E12.49244
G1 X122.275 Y122.275 E12.82331
G1 X102.725 Y122.275 E13.48505
G1 X102.725 Y102.785 E14.14476
G1 X103.121 Y102.726 F7800
G1 E12.14476 F2400
G92 E0
G1 X103.844 Y105.84 F7800
G1 E2 F2400
;TYPE:Internal infill
;WIDTH:0.45
G1 F4800
G1 X103.844 Y103.844 E2.06756
G1 X104.292 Y103.844 E2.08272
G1 X104.638 Y104.223 E2.10009
G1 X105.075 Y104.512 E2.11782
G1 X105.512 Y104.685 E2.13373
G1 X106.385 Y104.766 E2.16341
G1 X106.822 Y104.623 E2.17897
G1 X107.259 Y104.26 E2.1982
G1 X107.639 Y103.844 E2.21727
G1 X111.28 Y103.844 E2.34051
G1 X111.626 Y104.223 E2.35788
G1 X112.063 Y104.512 E2.37561
G1 X112.5 Y104.685 E2.39152
G1 X113.374 Y104.766 E2.42123
G1 X113.81 Y104.623 E2.43676
G1 X114.247 Y104.26 E2.45599
G1 X114.628 Y103.844 E2.47508
G1 X118.268 Y103.844 E2.59829
G1 X118.615 Y104.223 E2.61568
G1 X119.052 Y104.512 E2.63341
G1 X119.488 Y104.685 E2.64929
G1 X120.362 Y104.766 E2.679
G1 X120.799 Y104.623 E2.69456
G1 X121.156 Y104.327 E2.71026
G1 X121.156 Y106.85 E2.79566
G1 X120.362 Y107.717 E2.83545
G1 X119.925 Y108.006 E2.85318
G1 X119.488 Y108.18 E2.8691
G1 X118.615 Y108.26 E2.89877
G1 X118.178 Y108.117 E2.91433
G1 X117.741 Y107.755 E2.93354
G1 X116.868 Y106.8 E2.97734
G1 X116.431 Y106.511 E2.99507
G1 X115.994 Y106.338 E3.01098
G1 X115.121 Y106.257 E3.04066
G1 X114.684 Y106.401 E3.05623
G1 X114.247 Y106.763 E3.07544
G1 X113.374 Y107.717 E3.11921
G1 X112.937 Y108.006 E3.13694
G1 X112.5 Y108.18 E3.15286
G1 X111.626 Y108.26 E3.18257
G1 X111.19 Y108.117 E3.1981
G1 X110.753 Y107.755 E3.21731
G1 X109.879 Y106.8 E3.26113
G1 X109.443 Y106.511 E3.27884
G1 X109.006 Y106.338 E3.29475
G1 X108.132 Y106.257 E3.32446
G1 X107.695 Y106.401 E3.34003
G1 X107.259 Y106.763 E3.35921
G1 X106.385 Y107.717 E3.403
G1 X105.948 Y108.006 E3.42073
G1 X105.512 Y108.18 E3.43662
G1 X104.638 Y108.26 E3.46633
G1 X104.201 Y108.117 E3.48189
G1 X103.844 Y107.821 E3.49759
G1 X103.844 Y110.344 E3.58299
G1 X104.638 Y111.211 E3.62278
G1 X105.075 Y111.5 E3.64051
G1 X105.512 Y111.674 E3.65643
G1 X106.385 Y111.754 E3.6861
G1 X106.822 Y111.611 E3.70166
G1 X107.259 Y111.249 E3.72087
G1 X108.132 Y110.294 E3.76467
G1 X108.569 Y110.006 E3.78239
G1 X109.006 Y109.832 E3.79831
G1 X109.879 Y109.752 E3.82798
G1 X110.316 Y109.895 E3.84354
G1 X110.753 Y110.257 E3.86275
G1 X111.626 Y111.211 E3.90652
G1 X112.063 Y111.5 E3.92425
G1 X112.5 Y111.674 E3.94017
G1 X113.374 Y111.754 E3.96988
G1 X113.81 Y111.611 E3.98541
G1 X114.247 Y111.249 E4.00462
G1 X115.121 Y110.294 E4.04844
G1 X115.557 Y110.006 E4.06613
G1 X115.994 Y109.832 E4.08205
G1 X116.868 Y109.752 E4.11176
G1 X117.305 Y109.895 E4.12732
G1 X117.741 Y110.257 E4.1465
G1 X118.615 Y111.211 E4.19029
G1 X119.052 Y111.5 E4.20802
G1 X119.488 Y111.674 E4.22391
G1 X120.362 Y111.754 E4.25362
G1 X120.799 Y111.611 E4.26918
G1 X121.156 Y111.315 E4.28488
G1 X121.156 Y113.839 E4.37031
G1 X120.362 Y114.706 E4.4101
G1 X119.925 Y114.994 E4.42782
G1 X119.488 Y115.168 E4.44374
G1 X118.615 Y115.248 E4.47341
G1 X118.178 Y115.105 E4.48897
G1 X117.741 Y114.743 E4.50818
G1 X116.868 Y113.789 E4.55195
G1 X116.431 Y113.5 E4.56968
G1 X115.994 Y113.326 E4.5856
G1 X115.121 Y113.246 E4.61527
G1 X114.684 Y113.389 E4.63083
G1 X114.247 Y113.751 E4.65004
G1 X113.374 Y114.706 E4.69384
G1 X112.937 Y114.994 E4.71156
G1 X112.5 Y115.168 E4.72748
G1 X111.626 Y115.248 E4.75719
G1 X111.19 Y115.105 E4.77272
G1 X110.753 Y114.743 E4.79193
G1 X109.879 Y113.789 E4.83572
G1 X109.443 Y113.5 E4.85343
G1 X109.006 Y113.326 E4.86935
G1 X108.132 Y113.246 E4.89906
G1 X107.695 Y113.389 E4.91462
G1 X107.259 Y113.751 E4.9338
G1 X106.385 Y114.706 E4.97762
G1 X105.948 Y114.994 E4.99534
G1 X105.512 Y115.168 E5.01123
G1 X104.638 Y115.248 E5.04094
G1 X104.201 Y115.105 E5.0565
G1 X103.844 Y114.809 E5.0722
G1 X103.844 Y117.333 E5.15763
G1 X104.638 Y118.2 E5.19742
G1 X105.075 Y118.489 E5.21515
G1 X105.512 Y118.662 E5.23106
G1 X106.385 Y118.743 E5.26074
G1 X106.822 Y118.599 E5.27631
G1 X107.259 Y118.237 E5.29552
G1 X108.132 Y117.283 E5.33929
G1 X108.569 Y116.994 E5.35702
G1 X109.006 Y116.82 E5.37294
G1 X109.879 Y116.74 E5.40261
G1 X110.316 Y116.883 E5.41817
G1 X110.753 Y117.245 E5.43738
G1 X111.626 Y118.2 E5.48118
G1 X112.063 Y118.489 E5.49891
G1 X112.5 Y118.662 E5.51482
G1 X113.374 Y118.743 E5.54453
G1 X113.81 Y118.599 E5.56007
G1 X114.247 Y118.237 E5.57928
G1 X115.121 Y117.283 E5.62307
G1 X115.557 Y116.994 E5.64078
G1 X115.994 Y116.82 E5.6567
G1 X116.868 Y116.74 E5.68641
G1 X117.305 Y116.883 E5.70197
G1 X117.741 Y117.245 E5.72115
G1 X118.615 Y118.2 E5.76497
G1 X119.052 Y118.489 E5.7827
G1 X119.488 Y118.662 E5.79858
G1 X120.362 Y118.743 E5.82829
G1 X120.799 Y118.599 E5.84386
G1 X121.156 Y118.304 E5.85954
G1 X121.156 Y120.827 E5.94494
G1 X120.855 Y121.156 E5.96003
G1 X117.214 Y121.156 E6.08327
G1 X116.868 Y120.777 E6.10064
G1 X116.431 Y120.488 E6.11837
G1 X115.994 Y120.315 E6.13428
G1 X115.121 Y120.234 E6.16396
G1 X114.684 Y120.377 E6.17952
G1 X114.247 Y120.74 E6.19875
G1 X113.866 Y121.156 E6.21784
G1 X110.226 Y121.156 E6.34105
G1 X109.879 Y120.777 E6.35844
G1 X109.443 Y120.488 E6.37615
G1 X109.006 Y120.315 E6.39206
G1 X108.132 Y120.234 E6.42177
G1 X107.695 Y120.377 E6.43733
G1 X107.259 Y120.74 E6.45653
G1 X106.878 Y121.156 E6.47562
G1 X104.435 Y121.156 E6.55831
;LAYER_CHANGE
;Z:2.4
;HEIGHT:0.2
G1 Z2.4 F7800
G1 E4.55831 F2400
G1 Z2.4 F7800
G1 X103.539 Y103.539
G1 E6.55831 F2400
;TYPE:Perimeter
;WIDTH:0.449999
G1 F3600
G1 X121.461 Y103.539 E7.16495
G1 X121.461 Y112.5 E7.46827
G1 X121.461 Y121.461 E7.77159
G1 X103.539 Y121.461 E8.37823
G1 X103.539 Y103.599 E8.98284
G1 X103.539 Y103.599 F7800
G1 X103.132 Y103.132
G1 F3600
G1 X121.868 Y103.132 E9.61703
G1 X121.868 Y112.5 E9.93413
G1 X121.868 Y121.868 E10.25123
G1 X103.132 Y121.868 E10.88542
G1 X103.132 Y103.192 E11.51758
G1 X102.725 Y102.725 F7800
;TYPE:External perimeter
G1 F1800
G1 X122.275 Y102.725 E12.17932
G1 X122.275 Y112.5 E12.51019
G1 X122.275 Y122.275 E12.84106
G1 X102.725 Y122.275 E13.5028
G1 X102.725 Y102.785 E14.16251
G1 X103.121 Y102.726 F7800
G1 E12.16251 F2400
G92 E0
G1 X103.844 Y105.711 F7800
G1 E2 F2400
;TYPE:Internal infill
;WIDTH:0.45
G1 F4800
G1 X103.844 Y103.844 E2.0632
G1 X104.42 Y103.844 E2.0827
G1 X104.638 Y104.14 E2.09514
G1 X105.075 Y104.505 E2.11441
G1 X105.512 Y104.739 E2.13119
G1 X106.385 Y104.955 E2.16163
G1 X106.822 Y104.903 E2.17653
G1 X107.259 Y104.574 E2.19505
G1 X107.797 Y103.844 E2.22575
G1 X111.409 Y103.844 E2.34801
G1 X111.626 Y104.14 E2.36043
G1 X112.063 Y104.505 E2.3797
G1 X112.5 Y104.739 E2.39648
G1 X113.374 Y104.955 E2.42695
G1 X113.81 Y104.903 E2.44181
G1 X114.247 Y104.574 E2.46033
G1 X114.785 Y103.844 E2.49103
G1 X118.397 Y103.844 E2.61329
G1 X118.615 Y104.14 E2.62573
G1 X119.052 Y104.505 E2.645
G1 X119.488 Y104.739 E2.66175
G1 X120.362 Y104.955 E2.69222
G1 X120.799 Y104.903 E2.70712
G1 X121.156 Y104.634 E2.72225
G1 X121.156 Y106.558 E2.78738
G1 X120.362 Y107.634 E2.83264
G1 X119.925 Y108 E2.85193
G1 X119.488 Y108.234 E2.86871
G1 X118.615 Y108.45 E2.89915
G1 X118.178 Y108.397 E2.91405
G1 X117.741 Y108.068 E2.93257
G1 X116.868 Y106.883 E2.98239
G1 X116.431 Y106.518 E3.00166
G1 X115.994 Y106.284 E3.01844
G1 X115.121 Y106.068 E3.04888
G1 X114.684 Y106.121 E3.06378
G1 X114.247 Y106.449 E3.08227
G1 X113.374 Y107.634 E3.13209
G1 X112.937 Y108 E3.15138
G1 X112.5 Y108.234 E3.16816
G1 X111.626 Y108.45 E3.19863
G1 X111.19 Y108.397 E3.2135
G1 X110.753 Y108.068 E3.23202
G1 X109.879 Y106.883 E3.28186
G1 X109.443 Y106.518 E3.30111
G1 X109.006 Y106.284 E3.31789
G1 X108.132 Y106.068 E3.34836
G1 X107.695 Y106.121 E3.36326
G1 X107.259 Y106.449 E3.38173
G1 X106.385 Y107.634 E3.43157
G1 X105.948 Y108 E3.45086
G1 X105.512 Y108.234 E3.46761
G1 X104.638 Y108.45 E3.49808
G1 X104.201 Y108.397 E3.51298
G1 X103.844 Y108.128 E3.52811
G1 X103.844 Y110.052 E3.59324
G1 X104.638 Y111.128 E3.6385
G1 X105.075 Y111.494 E3.65779
G1 X105.512 Y111.728 E3.67457
G1 X106.385 Y111.944 E3.70501
G1 X106.822 Y111.891 E3.71991
G1 X107.259 Y111.562 E3.73843
G1 X108.132 Y110.378 E3.78822
G1 X108.569 Y110.012 E3.80751
G1 X109.006 Y109.778 E3.82429
G1 X109.879 Y109.562 E3.85473
G1 X110.316 Y109.615 E3.86963
G1 X110.753 Y109.943 E3.88812
G1 X111.626 Y111.128 E3.93794
G1 X112.063 Y111.494 E3.95723
G1 X112.5 Y111.728 E3.97401
G1 X113.374 Y111.944 E4.00448
G1 X113.81 Y111.891 E4.01935
G1 X114.247 Y111.562 E4.03787
G1 X115.121 Y110.378 E4.08768
G1 X115.557 Y110.012 E4.10695
G1 X115.994 Y109.778 E4.12373
G1 X116.868 Y109.562 E4.1542
G1 X117.305 Y109.615 E4.1691
G1 X117.741 Y109.943 E4.18757
G1 X118.615 Y111.128 E4.23741
G1 X119.052 Y111.494 E4.2567
G1 X119.488 Y111.728 E4.27345
G1 X120.362 Y111.944 E4.30392
G1 X120.799 Y111.891 E4.31882
G1 X121.156 Y111.623 E4.33393
G1 X121.156 Y113.546 E4.39902
G1 X120.362 Y114.622 E4.44428
G1 X119.925 Y114.988 E4.46357
G1 X119.488 Y115.222 E4.48035
G1 X118.615 Y115.438 E4.51079
G1 X118.178 Y115.385 E4.52569
G1 X117.741 Y115.057 E4.54418
G1 X116.868 Y113.872 E4.594
G1 X116.431 Y113.506 E4.61329
G1 X115.994 Y113.272 E4.63007
G1 X115.121 Y113.056 E4.66051
G1 X114.684 Y113.109 E4.67541
G1 X114.247 Y113.438 E4.69393
G1 X113.374 Y114.622 E4.74372
G1 X112.937 Y114.988 E4.76301
G1 X112.5 Y115.222 E4.77979
G1 X111.626 Y115.438 E4.81026
G1 X111.19 Y115.385 E4.82513
G1 X110.753 Y115.057 E4.84362
G1 X109.879 Y113.872 E4.89346
G1 X109.443 Y113.506 E4.91273
G1 X109.006 Y113.272 E4.92951
G1 X108.132 Y113.056 E4.95998
G1 X107.695 Y113.109 E4.97488
G1 X107.259 Y113.438 E4.99337
G1 X106.385 Y114.622 E5.04318
G1 X105.948 Y114.988 E5.06247
G1 X105.512 Y115.222 E5.07922
G1 X104.638 Y115.438 E5.10969
G1 X104.201 Y115.385 E5.12459
G1 X103.844 Y115.117 E5.1397
G1 X103.844 Y117.04 E5.20479
G1 X104.638 Y118.117 E5.25008
G1 X105.075 Y118.482 E5.26935
G1 X105.512 Y118.716 E5.28613
G1 X106.385 Y118.932 E5.31657
G1 X106.822 Y118.879 E5.33147
G1 X107.259 Y118.551 E5.34996
G1 X108.132 Y117.366 E5.39978
G1 X108.569 Y117 E5.41907
G1 X109.006 Y116.766 E5.43585
G1 X109.879 Y116.55 E5.46629
G1 X110.316 Y116.603 E5.48119
G1 X110.753 Y116.932 E5.49971
G1 X111.626 Y118.117 E5.54953
G1 X112.063 Y118.482 E5.5688
G1 X112.5 Y118.716 E5.58558
G1 X113.374 Y118.932 E5.61605
G1 X113.81 Y118.879 E5.63092
G1 X114.247 Y118.551 E5.64941
G1 X115.121 Y117.366 E5.69925
G1 X115.557 Y117 E5.71852
G1 X115.994 Y116.766 E5.7353
G1 X116.868 Y116.55 E5.76577
G1 X117.305 Y116.603 E5.78067
G1 X117.741 Y116.932 E5.79916
G1 X118.615 Y118.117 E5.849
G1 X119.052 Y118.482 E5.86827
G1 X119.488 Y118.716 E5.88502
G1 X120.362 Y118.932 E5.91549
G1 X120.799 Y118.879 E5.93039
G1 X121.156 Y118.611 E5.9455
G1 X121.156 Y120.534 E6.01059
G1 X120.698 Y121.156 E6.03674
G1 X117.121 Y121.156 E6.15782
G1 X116.868 Y120.86 E6.171
G1 X116.431 Y120.495 E6.19027
G1 X115.994 Y120.261 E6.20705
G1 X115.121 Y120.045 E6.23749
G1 X114.684 Y120.097 E6.25239
G1 X114.247 Y120.426 E6.27091
G1 X113.709 Y121.156 E6.30161
G1 X110.132 Y121.156 E6.42269
G1 X109.879 Y120.86 E6.43587
G1 X109.443 Y120.495 E6.45512
G1 X109.006 Y120.261 E6.4719
G1 X108.132 Y120.045 E6.50237
G1 X107.695 Y120.097 E6.51727
G1 X107.259 Y120.426 E6.53576
G1 X106.721 Y121.156 E6.56646
G1 X104.278 Y121.156 E6.64915
;LAYER_CHANGE
;Z:2.6
;HEIGHT:0.2
G1 Z2.6 F7800
G1 E4.64915 F2400
G1 Z2.6 F7800
G1 X103.539 Y103.539
G1 E6.64915 F2400
;TYPE:Perimeter
;WIDTH:0.449999
G1 F3600
G1 X121.461 Y103.539 E7.25579
G1 X121.461 Y112.5 E7.55911
G1 X121.461 Y121.461 E7.86243
G1 X103.539 Y121.461 E8.46907
G1 X103.539 Y103.599 E9.07368
G1 X103.539 Y103.599 F7800
G1 X103.132 Y103.132
G1 F3600
G1 X121.868 Y103.132 E9.70787
G1 X121.868 Y112.5 E10.02497
G1 X121.868 Y121.868 E10.34207
G1 X103.132 Y121.868 E10.97626
G1 X103.132 Y103.192 E11.60842
G1 X102.725 Y102.725 F7800
;TYPE:External perimeter
G1 F1800
G1 X122.275 Y102.725 E12.27016
G1 X122.275 Y112.5 E12.60103
G1 X122.275 Y122.275 E12.9319
G1 X102.725 Y122.275 E13.59364
G1 X102.725 Y102.785 E14.25335
G1 X103.121 Y102.726 F7800
G1 E12.25335 F2400
G92 E0
G1 X103.844 Y105.619 F7800
G1 E2 F2400
;TYPE:Internal infill
;WIDTH:0.45
G1 F4800
G1 X103.844 Y103.844 E2.06008
G1 X104.513 Y103.844 E2.08272
G1 X104.638 Y104.063 E2.09126
G1 X105.075 Y104.521 E2.11269
G1 X105.512 Y104.817 E2.13056
G1 X106.385 Y105.193 E2.16273
G1 X106.822 Y105.314 E2.17808
G1 X107.259 Y105.21 E2.19329
G1 X107.915 Y103.844 E2.24458
G1 X111.501 Y103.844 E2.36596
G1 X111.626 Y104.063 E2.3745
G1 X112.063 Y104.521 E2.39593
G1 X112.5 Y104.817 E2.4138
G1 X113.374 Y105.193 E2.44601
G1 X113.81 Y105.314 E2.46133
G1 X114.247 Y105.21 E2.47654
G1 X114.903 Y103.844 E2.52783
G1 X118.489 Y103.844 E2.64921
G1 X118.615 Y104.063 E2.65776
G1 X119.052 Y104.521 E2.67919
G1 X119.488 Y104.817 E2.69703
G1 X120.362 Y105.193 E2.72924
G1 X120.799 Y105.314 E2.74459
G1 X121.156 Y105.229 E2.75701
G1 X121.156 Y105.993 E2.78287
G1 X120.799 Y106.796 E2.81262
G1 X120.362 Y107.557 E2.84232
G1 X119.925 Y108.015 E2.86375
G1 X119.488 Y108.312 E2.88163
G1 X118.615 Y108.687 E2.91379
G1 X118.178 Y108.808 E2.92914
G1 X117.741 Y108.705 E2.94434
G1 X117.305 Y107.721 E2.98077
G1 X116.868 Y106.96 E3.01047
G1 X116.431 Y106.502 E3.0319
G1 X115.994 Y106.206 E3.04977
G1 X115.121 Y105.831 E3.08193
G1 X114.684 Y105.709 E3.09729
G1 X114.247 Y105.813 E3.1125
G1 X113.81 Y106.796 E3.14891
G1 X113.374 Y107.557 E3.1786
G1 X112.937 Y108.015 E3.20003
G1 X112.5 Y108.312 E3.21791
G1 X111.626 Y108.687 E3.2501
G1 X111.19 Y108.808 E3.26542
G1 X110.753 Y108.705 E3.28062
G1 X110.316 Y107.721 E3.31706
G1 X109.879 Y106.96 E3.34676
G1 X109.443 Y106.502 E3.36816
G1 X109.006 Y106.206 E3.38603
G1 X108.132 Y105.831 E3.41822
G1 X107.695 Y105.709 E3.43358
G1 X107.259 Y105.813 E3.44875
G1 X106.822 Y106.796 E3.48516
G1 X106.385 Y107.557 E3.51486
G1 X105.948 Y108.015 E3.53629
G1 X105.512 Y108.312 E3.55415
G1 X104.638 Y108.687 E3.58634
G1 X104.201 Y108.808 E3.60169
G1 X103.844 Y108.723 E3.61411
G1 X103.844 Y109.487 E3.63997
G1 X104.201 Y110.29 E3.66972
G1 X104.638 Y111.052 E3.69945
G1 X105.075 Y111.509 E3.72085
G1 X105.512 Y111.806 E3.73873
G1 X106.385 Y112.181 E3.77089
G1 X106.822 Y112.302 E3.78624
G1 X107.259 Y112.199 E3.80144
G1 X107.695 Y111.216 E3.83784
G1 X108.132 Y110.454 E3.86757
G1 X108.569 Y109.997 E3.88897
G1 X109.006 Y109.7 E3.90685
G1 X109.879 Y109.325 E3.93901
G1 X110.316 Y109.204 E3.95436
G1 X110.753 Y109.307 E3.96956
G1 X111.19 Y110.29 E4.00597
G1 X111.626 Y111.052 E4.03569
G1 X112.063 Y111.509 E4.05709
G1 X112.5 Y111.806 E4.07497
G1 X113.374 Y112.181 E4.10716
G1 X113.81 Y112.302 E4.12248
G1 X114.247 Y112.199 E4.13768
G1 X114.684 Y111.216 E4.17409
G1 X115.121 Y110.454 E4.20382
G1 X115.557 Y109.997 E4.2252
G1 X115.994 Y109.7 E4.24308
G1 X116.868 Y109.325 E4.27527
G1 X117.305 Y109.204 E4.29062
G1 X117.741 Y109.307 E4.30578
G1 X118.178 Y110.29 E4.34219
G1 X118.615 Y111.052 E4.37192
G1 X119.052 Y111.509 E4.39332
G1 X119.488 Y111.806 E4.41118
G1 X120.362 Y112.181 E4.44337
G1 X120.799 Y112.302 E4.45872
G1 X121.156 Y112.218 E4.47113
G1 X121.156 Y112.981 E4.49696
G1 X120.799 Y113.784 E4.52671
G1 X120.362 Y114.546 E4.55644
G1 X119.925 Y115.003 E4.57784
G1 X119.488 Y115.3 E4.59572
G1 X118.615 Y115.675 E4.62788
G1 X118.178 Y115.796 E4.64323
G1 X117.741 Y115.693 E4.65843
G1 X117.305 Y114.71 E4.69483
G1 X116.868 Y113.948 E4.72456
G1 X116.431 Y113.491 E4.74596
G1 X115.994 Y113.194 E4.76384
G1 X115.121 Y112.819 E4.796
G1 X114.684 Y112.698 E4.81135
G1 X114.247 Y112.801 E4.82655
G1 X113.81 Y113.784 E4.86296
G1 X113.374 Y114.546 E4.89268
G1 X112.937 Y115.003 E4.91408
G1 X112.5 Y115.3 E4.93196
G1 X111.626 Y115.675 E4.96415
G1 X111.19 Y115.796 E4.97947
G1 X110.753 Y115.693 E4.99467
G1 X110.316 Y114.71 E5.03108
G1 X109.879 Y113.948 E5.06081
G1 X109.443 Y113.491 E5.08219
G1 X109.006 Y113.194 E5.10007
G1 X108.132 Y112.819 E5.13226
G1 X107.695 Y112.698 E5.14761
G1 X107.259 Y112.801 E5.16277
G1 X106.822 Y113.784 E5.19918
G1 X106.385 Y114.546 E5.22891
G1 X105.948 Y115.003 E5.25031
G1 X105.512 Y115.3 E5.26817
G1 X104.638 Y115.675 E5.30036
G1 X104.201 Y115.796 E5.31571
G1 X103.844 Y115.712 E5.32812
G1 X103.844 Y116.476 E5.35398
G1 X104.201 Y117.279 E5.38373
G1 X104.638 Y118.04 E5.41343
G1 X105.075 Y118.498 E5.43486
G1 X105.512 Y118.794 E5.45273
G1 X106.385 Y119.169 E5.48489
G1 X106.822 Y119.291 E5.50025
G1 X107.259 Y119.187 E5.51546
G1 X107.695 Y118.204 E5.55186
G1 X108.132 Y117.443 E5.58156
G1 X108.569 Y116.985 E5.60299
G1 X109.006 Y116.688 E5.62087
G1 X109.879 Y116.313 E5.65303
G1 X110.316 Y116.192 E5.66838
G1 X110.753 Y116.295 E5.68358
G1 X111.19 Y117.279 E5.72002
G1 X111.626 Y118.04 E5.74971
G1 X112.063 Y118.498 E5.77114
G1 X112.5 Y118.794 E5.78901
G1 X113.374 Y119.169 E5.8212
G1 X113.81 Y119.291 E5.83652
G1 X114.247 Y119.187 E5.85173
G1 X114.684 Y118.204 E5.88814
G1 X115.121 Y117.443 E5.91784
G1 X115.557 Y116.985 E5.93924
G1 X115.994 Y116.688 E5.95712
G1 X116.868 Y116.313 E5.98931
G1 X117.305 Y116.192 E6.00466
G1 X117.741 Y116.295 E6.01982
G1 X118.178 Y117.279 E6.05626
G1 X118.615 Y118.04 E6.08596
G1 X119.052 Y118.498 E6.10739
G1 X119.488 Y118.794 E6.12523
G1 X120.362 Y119.169 E6.15742
G1 X120.799 Y119.291 E6.17278
G1 X121.156 Y119.206 E6.1852
G1 X121.156 Y119.97 E6.21106
G1 X120.579 Y121.156 E6.2557
G1 X116.993 Y121.156 E6.37708
G1 X116.868 Y120.937 E6.38562
G1 X116.431 Y120.479 E6.40705
G1 X115.994 Y120.183 E6.42492
G1 X115.121 Y119.807 E6.45709
G1 X114.684 Y119.686 E6.47244
G1 X114.247 Y119.79 E6.48765
G1 X113.591 Y121.156 E6.53894
G1 X110.005 Y121.156 E6.66032
G1 X109.879 Y120.937 E6.66887
G1 X109.443 Y120.479 E6.69027
G1 X109.006 Y120.183 E6.70814
G1 X108.132 Y119.807 E6.74035
G1 X107.695 Y119.686 E6.7557
G1 X107.259 Y119.79 E6.77087
G1 X106.602 Y121.156 E6.82218
G1 X104.16 Y121.156 E6.90484
;LAYER_CHANGE
;Z:2.8
;HEIGHT:0.2
G1 Z2.8 F7800
G1 E4.90484 F2400
G1 Z2.8 F7800
G1 X103.539 Y103.539
G1 E6.90484 F2400
;TYPE:Perimeter
;WIDTH:0.449999
G1 F3600
G1 X121.461 Y103.539 E7.51148
G1 X121.461 Y112.5 E7.8148
G1 X121.461 Y121.461 E8.11812
G1 X103.539 Y121.461 E8.72476
G1 X103.539 Y103.599 E9.32937
G1 X103.539 Y103.599 F7800
G1 X103.132 Y103.132
G1 F3600
G1 X121.868 Y103.132 E9.96356
G1 X121.868 Y112.5 E10.28066
G1 X121.868 Y121.868 E10.59776
G1 X103.132 Y121.868 E11.23195
G1 X103.132 Y103.192 E11.86411
G1 X102.725 Y102.725 F7800
;TYPE:External perimeter
G1 F1800
G1 X122.275 Y102.725 E12.52585
G1 X122.275 Y112.5 E12.85672
G1 X122.275 Y122.275 E13.18759
G1 X102.725 Y122.275 E13.84933
G1 X102.725 Y102.785 E14.50904
G1 X103.121 Y102.726 F7800
G1 E12.50904 F2400
G92 E0
G1 X103.844 Y105.564 F7800
G1 E2 F2400
;TYPE:Internal infill
;WIDTH:0.45
G1 F4800
G1 X103.844 Y103.844 E2.05822
G1 X104.568 Y103.844 E2.08273
G1 X104.77 Y104.201 E2.09661
G1 X105.153 Y104.638 E2.11628
G1 X106.406 Y105.512 E2.16799
G1 X106.72 Y105.948 E2.18618
G1 X106.747 Y106.385 E2.201
G1 X106.5 Y107.259 E2.23174
G1 X106.254 Y107.695 E2.24869
G1 X105.871 Y108.132 E2.26836
G1 X104.617 Y109.006 E2.3201
G1 X104.303 Y109.443 E2.33831
G1 X104.276 Y109.879 E2.3531
G1 X104.523 Y110.753 E2.38384
G1 X104.77 Y111.19 E2.40083
G1 X105.153 Y111.626 E2.42047
G1 X106.406 Y112.5 E2.47218
G1 X106.72 Y112.937 E2.49039
G1 X106.747 Y113.374 E2.50521
G1 X106.5 Y114.247 E2.53592
G1 X106.254 Y114.684 E2.55289
G1 X105.871 Y115.121 E2.57256
G1 X104.617 Y115.994 E2.62428
G1 X104.303 Y116.431 E2.64249
G1 X104.276 Y116.868 E2.65731
G1 X104.523 Y117.741 E2.68802
G1 X104.77 Y118.178 E2.70501
G1 X105.153 Y118.615 E2.72468
G1 X106.406 Y119.488 E2.77637
G1 X106.72 Y119.925 E2.79458
G1 X106.747 Y120.362 E2.8094
G1 X106.523 Y121.156 E2.83733
G1 X109.95 Y121.156 E2.95333
G1 X109.748 Y120.799 E2.96721
G1 X109.365 Y120.362 E2.98688
G1 X108.111 Y119.488 E3.03862
G1 X107.797 Y119.052 E3.05681
G1 X107.77 Y118.615 E3.07163
G1 X108.017 Y117.741 E3.10237
G1 X108.264 Y117.305 E3.11933
G1 X108.647 Y116.868 E3.139
G1 X109.9 Y115.994 E3.19071
G1 X110.214 Y115.557 E3.20892
G1 X110.241 Y115.121 E3.22371
G1 X109.995 Y114.247 E3.25444
G1 X109.748 Y113.81 E3.27143
G1 X109.365 Y113.374 E3.29107
G1 X108.111 Y112.5 E3.34281
G1 X107.797 Y112.063 E3.36102
G1 X107.77 Y111.626 E3.37584
G1 X108.017 Y110.753 E3.40655
G1 X108.264 Y110.316 E3.42354
G1 X108.647 Y109.879 E3.44321
G1 X109.9 Y109.006 E3.4949
G1 X110.214 Y108.569 E3.51311
G1 X110.241 Y108.132 E3.52793
G1 X109.995 Y107.259 E3.55863
G1 X109.748 Y106.822 E3.57562
G1 X109.365 Y106.385 E3.59529
G1 X108.111 Y105.512 E3.64701
G1 X107.797 Y105.075 E3.66522
G1 X107.77 Y104.638 E3.68004
G1 X107.994 Y103.844 E3.70797
G1 X111.556 Y103.844 E3.82854
G1 X111.758 Y104.201 E3.84242
G1 X112.141 Y104.638 E3.86209
G1 X113.394 Y105.512 E3.9138
G1 X113.708 Y105.948 E3.93199
G1 X113.736 Y106.385 E3.94681
G1 X113.489 Y107.259 E3.97755
G1 X113.242 Y107.695 E3.99451
G1 X112.859 Y108.132 E4.01418
G1 X111.606 Y109.006 E4.06589
G1 X111.292 Y109.443 E4.0841
G1 X111.264 Y109.879 E4.09889
G1 X111.511 Y110.753 E4.12963
G1 X111.758 Y111.19 E4.14662
G1 X112.141 Y111.626 E4.16626
G1 X113.394 Y112.5 E4.21797
G1 X113.708 Y112.937 E4.23618
G1 X113.736 Y113.374 E4.251
G1 X113.489 Y114.247 E4.28171
G1 X113.242 Y114.684 E4.2987
G1 X112.859 Y115.121 E4.31837
G1 X111.606 Y115.994 E4.37006
G1 X111.292 Y116.431 E4.38827
G1 X111.264 Y116.868 E4.40309
G1 X111.511 Y117.741 E4.4338
G1 X111.758 Y118.178 E4.45079
G1 X112.141 Y118.615 E4.47046
G1 X113.394 Y119.488 E4.52215
G1 X113.708 Y119.925 E4.54036
G1 X113.736 Y120.362 E4.55518
G1 X113.511 Y121.156 E4.58311
G1 X116.938 Y121.156 E4.69911
G1 X116.736 Y120.799 E4.71299
G1 X116.353 Y120.362 E4.73266
G1 X115.1 Y119.488 E4.78437
G1 X114.786 Y119.052 E4.80256
G1 X114.759 Y118.615 E4.81738
G1 X115.005 Y117.741 E4.84811
G1 X115.252 Y117.305 E4.86507
G1 X115.635 Y116.868 E4.88474
G1 X116.889 Y115.994 E4.93648
G1 X117.203 Y115.557 E4.95469
G1 X117.23 Y115.121 E4.96948
G1 X116.983 Y114.247 E5.00022
G1 X116.736 Y113.81 E5.01721
G1 X116.353 Y113.374 E5.03685
G1 X115.1 Y112.5 E5.08856
G1 X114.786 Y112.063 E5.10677
G1 X114.759 Y111.626 E5.12159
G1 X115.005 Y110.753 E5.15229
G1 X115.252 Y110.316 E5.16928
G1 X115.635 Y109.879 E5.18895
G1 X116.889 Y109.006 E5.24067
G1 X117.203 Y108.569 E5.25888
G1 X117.23 Y108.132 E5.2737
G1 X116.983 Y107.259 E5.30441
G1 X116.736 Y106.822 E5.3214
G1 X116.353 Y106.385 E5.34107
G1 X115.1 Y105.512 E5.39276
G1 X114.786 Y105.075 E5.41097
G1 X114.759 Y104.638 E5.42579
G1 X114.983 Y103.844 E5.45372
G1 X118.545 Y103.844 E5.57429
G1 X118.746 Y104.201 E5.58816
G1 X119.129 Y104.638 E5.60783
G1 X120.383 Y105.512 E5.65957
G1 X120.697 Y105.948 E5.67776
G1 X120.724 Y106.385 E5.69258
G1 X120.477 Y107.259 E5.72332
G1 X120.23 Y107.695 E5.74028
G1 X119.847 Y108.132 E5.75995
G1 X118.594 Y109.006 E5.81166
G1 X118.28 Y109.443 E5.82987
G1 X118.253 Y109.879 E5.84466
G1 X118.5 Y110.753 E5.8754
G1 X118.746 Y111.19 E5.89237
G1 X119.129 Y111.626 E5.91201
G1 X120.383 Y112.5 E5.96375
G1 X120.697 Y112.937 E5.98196
G1 X120.724 Y113.374 E5.99678
G1 X120.477 Y114.247 E6.02749
G1 X120.23 Y114.684 E6.04448
G1 X119.847 Y115.121 E6.06415
G1 X118.594 Y115.994 E6.11584
G1 X118.28 Y116.431 E6.13405
G1 X118.253 Y116.868 E6.14887
G1 X118.5 Y117.741 E6.17958
G1 X118.746 Y118.178 E6.19655
G1 X119.129 Y118.615 E6.21622
G1 X120.383 Y119.488 E6.26794
G1 X120.697 Y119.925 E6.28615
G1 X120.724 Y120.362 E6.30097
G1 X120.5 Y121.156 E6.3289
G1 X121.156 Y121.156 E6.3511
G1 X121.156 Y119.369 E6.41159
;LAYER_CHANGE
;Z:3
;HEIGHT:0.2
G1 Z3 F7800
G1 E4.41159 F2400
G1 Z3 F7800
G1 X103.539 Y103.539
G1 E6.41159 F2400
;TYPE:Perimeter
;WIDTH:0.449999
G1 F3600
G1 X121.461 Y103.539 E7.01823
G1 X121.461 Y112.5 E7.32155
G1 X121.461 Y121.461 E7.62487
G1 X103.539 Y121.461 E8.23151
G1 X103.539 Y103.599 E8.83612
G1 X103.539 Y103.599 F7800
G1 X103.132 Y103.132
G1 F3600
G1 X121.868 Y103.132 E9.47031
G1 X121.868 Y112.5 E9.78741
G1 X121.868 Y121.868 E10.10451
G1 X103.132 Y121.868 E10.7387
G1 X103.132 Y103.192 E11.37086
G1 X102.725 Y102.725 F7800
;TYPE:External perimeter
G1 F1800
G1 X122.275 Y102.725 E12.0326
G1 X122.275 Y112.5 E12.36347
G1 X122.275 Y122.275 E12.69434
G1 X102.725 Y122.275 E13.35608
G1 X102.725 Y102.785 E14.01579
G1 X103.121 Y102.726 F7800
G1 E12.01579 F2400
G92 E0
G1 X103.844 Y105.516 F7800
G1 E2 F2400
;TYPE:Internal infill
;WIDTH:0.45
G1 F4800
G1 X103.844 Y103.844 E2.0566
G1 X104.615 Y103.844 E2.0827
G1 X104.767 Y104.201 E2.09583
G1 X105.071 Y104.638 E2.11385
G1 X106.063 Y105.512 E2.1586
G1 X106.421 Y105.948 E2.1777
G1 X106.549 Y106.385 E2.19311
G1 X106.442 Y107.259 E2.22291
G1 X106.256 Y107.695 E2.23895
G1 X105.952 Y108.132 E2.25697
G1 X104.96 Y109.006 E2.30172
G1 X104.602 Y109.443 E2.32084
G1 X104.474 Y109.879 E2.33622
G1 X104.581 Y110.753 E2.36602
G1 X104.767 Y111.19 E2.3821
G1 X105.071 Y111.626 E2.40009
G1 X106.063 Y112.5 E2.44484
G1 X106.421 Y112.937 E2.46396
G1 X106.549 Y113.374 E2.47937
G1 X106.442 Y114.247 E2.50914
G1 X106.256 Y114.684 E2.52522
G1 X105.952 Y115.121 E2.54324
G1 X104.96 Y115.994 E2.58797
G1 X104.602 Y116.431 E2.60709
G1 X104.474 Y116.868 E2.6225
G1 X104.581 Y117.741 E2.65227
G1 X104.767 Y118.178 E2.66835
G1 X105.071 Y118.615 E2.68637
G1 X106.063 Y119.488 E2.7311
G1 X106.421 Y119.925 E2.75022
G1 X106.549 Y120.362 E2.76563
G1 X106.452 Y121.156 E2.79271
G1 X109.902 Y121.156 E2.90949
G1 X109.75 Y120.799 E2.92262
G1 X109.446 Y120.362 E2.94064
G1 X108.454 Y119.488 E2.98539
G1 X108.096 Y119.052 E3.00449
G1 X107.968 Y118.615 E3.0199
G1 X108.076 Y117.741 E3.04971
G1 X108.261 Y117.305 E3.06574
G1 X108.565 Y116.868 E3.08376
G1 X109.558 Y115.994 E3.12854
G1 X109.915 Y115.557 E3.14764
G1 X110.043 Y115.121 E3.16302
G1 X109.936 Y114.247 E3.19282
G1 X109.75 Y113.81 E3.2089
G1 X109.446 Y113.374 E3.22689
G1 X108.454 Y112.5 E3.27164
G1 X108.096 Y112.063 E3.29076
G1 X107.968 Y111.626 E3.30617
G1 X108.076 Y110.753 E3.33595
G1 X108.261 Y110.316 E3.35201
G1 X108.565 Y109.879 E3.37003
G1 X109.558 Y109.006 E3.41478
G1 X109.915 Y108.569 E3.43388
G1 X110.043 Y108.132 E3.44929
G1 X109.936 Y107.259 E3.47906
G1 X109.75 Y106.822 E3.49514
G1 X109.446 Y106.385 E3.51316
G1 X108.454 Y105.512 E3.55789
G1 X108.096 Y105.075 E3.57701
G1 X107.968 Y104.638 E3.59242
G1 X108.066 Y103.844 E3.6195
G1 X110.508 Y103.844 E3.70216
G1 E1.70216 F2400
G92 E0
G1 X110.508 Y103.844 F7800
G1 X121.035 Y103.844
G1 E2 F2400
G1 F4800
G1 X118.592 Y103.844 E2.08269
G1 X118.744 Y104.201 E2.09582
G1 X119.048 Y104.638 E2.11384
G1 X120.04 Y105.512 E2.15859
G1 X120.398 Y105.948 E2.17769
G1 X120.526 Y106.385 E2.1931
G1 X120.419 Y107.259 E2.2229
G1 X120.233 Y107.695 E2.23894
G1 X119.929 Y108.132 E2.25696
G1 X118.937 Y109.006 E2.30171
G1 X118.579 Y109.443 E2.32083
G1 X118.451 Y109.879 E2.33621
G1 X118.558 Y110.753 E2.36601
G1 X118.744 Y111.19 E2.38209
G1 X119.048 Y111.626 E2.40008
G1 X120.04 Y112.5 E2.44483
G1 X120.398 Y112.937 E2.46395
G1 X120.526 Y113.374 E2.47936
G1 X120.419 Y114.247 E2.50913
G1 X120.233 Y114.684 E2.52521
G1 X119.929 Y115.121 E2.54323
G1 X118.937 Y115.994 E2.58796
G1 X118.579 Y116.431 E2.60708
G1 X118.451 Y116.868 E2.62249
G1 X118.558 Y117.741 E2.65226
G1 X118.744 Y118.178 E2.66834
G1 X119.048 Y118.615 E2.68636
G1 X120.04 Y119.488 E2.73109
G1 X120.398 Y119.925 E2.75021
G1 X120.526 Y120.362 E2.76562
G1 X120.428 Y121.156 E2.7927
G1 X116.89 Y121.156 E2.91246
G1 X116.739 Y120.799 E2.92558
G1 X116.435 Y120.362 E2.9436
G1 X115.442 Y119.488 E2.98838
G1 X115.085 Y119.052 E3.00745
G1 X114.957 Y118.615 E3.02286
G1 X115.064 Y117.741 E3.05266
G1 X115.25 Y117.305 E3.0687
G1 X115.554 Y116.868 E3.08672
G1 X116.546 Y115.994 E3.13147
G1 X116.904 Y115.557 E3.15059
G1 X117.032 Y115.121 E3.16597
G1 X116.924 Y114.247 E3.19578
G1 X116.739 Y113.81 E3.21184
G1 X116.435 Y113.374 E3.22983
G1 X115.442 Y112.5 E3.27461
G1 X115.085 Y112.063 E3.29371
G1 X114.957 Y111.626 E3.30912
G1 X115.064 Y110.753 E3.33889
G1 X115.25 Y110.316 E3.35497
G1 X115.554 Y109.879 E3.37299
G1 X116.546 Y109.006 E3.41772
G1 X116.904 Y108.569 E3.43684
G1 X117.032 Y108.132 E3.45225
G1 X116.924 Y107.259 E3.48203
G1 X116.739 Y106.822 E3.49809
G1 X116.435 Y106.385 E3.51611
G1 X115.442 Y105.512 E3.56086
G1 X115.085 Y105.075 E3.57996
G1 X114.957 Y104.638 E3.59537
G1 X115.054 Y103.844 E3.62245
G1 X111.604 Y103.844 E3.73923
G1 X111.756 Y104.201 E3.75236
G1 X112.059 Y104.638 E3.77036
G1 X113.052 Y105.512 E3.81514
G1 X113.41 Y105.948 E3.83424
G1 X113.537 Y106.385 E3.84964
G1 X113.43 Y107.259 E3.87944
G1 X113.244 Y107.695 E3.89548
G1 X112.941 Y108.132 E3.91348
G1 X111.948 Y109.006 E3.95826
G1 X111.59 Y109.443 E3.97738
G1 X111.463 Y109.879 E3.99275
G1 X111.57 Y110.753 E4.02255
G1 X111.756 Y111.19 E4.03863
G1 X112.059 Y111.626 E4.0566
G1 X113.052 Y112.5 E4.10138
G1 X113.41 Y112.937 E4.1205
G1 X113.537 Y113.374 E4.1359
G1 X113.43 Y114.247 E4.16567
G1 X113.244 Y114.684 E4.18175
G1 X112.941 Y115.121 E4.19975
G1 X111.948 Y115.994 E4.2445
G1 X111.59 Y116.431 E4.26362
G1 X111.463 Y116.868 E4.27902
G1 X111.57 Y117.741 E4.30879
G1 X111.756 Y118.178 E4.32487
G1 X112.059 Y118.615 E4.34287
G1 X113.052 Y119.488 E4.38762
G1 X113.41 Y119.925 E4.40674
G1 X113.537 Y120.362 E4.42214
G1 X113.44 Y121.156 E4.44922
G1 X110.998 Y121.156 E4.53188
;LAYER_CHANGE
;Z:3.2
;HEIGHT:0.2
G1 Z3.2 F7800
G1 E2.53188 F2400
G1 Z3.2 F7800
G1 X103.539 Y103.539
G1 E4.53188 F2400
;TYPE:Perimeter
;WIDTH:0.449999
G1 F3600
G1 X121.461 Y103.539 E5.13852
G1 X121.461 Y112.5 E5.44184
G1 X121.461 Y121.461 E5.74516
G1 X103.539 Y121.461 E6.3518
G1 X103.539 Y103.599 E6.95641
G1 X103.539 Y103.599 F7800
G1 X103.132 Y103.132
G1 F3600
G1 X121.868 Y103.132 E7.5906
G1 X121.868 Y112.5 E7.9077
G1 X121.868 Y121.868 E8.2248
G1 X103.132 Y121.868 E8.85899
G1 X103.132 Y103.192 E9.49115
G1 X102.725 Y102.725 F7800
;TYPE:External perimeter
G1 F1800
G1 X122.275 Y102.725 E10.15289
G1 X122.275 Y112.5 E10.48376
G1 X122.275 Y122.275 E10.81463
G1 X102.725 Y122.275 E11.47637
G1 X102.725 Y102.785 E12.13608
G1 X103.121 Y102.726 F7800
G1 E10.13608 F2400
G92 E0
G1 X121.061 Y103.844 F7800
G1 E2 F2400
;TYPE:Internal infill
;WIDTH:0.45
G1 F4800
G1 X118.619 Y103.844 E2.08266
G1 X118.723 Y104.201 E2.09525
G1 X118.958 Y104.638 E2.11205
G1 X120.169 Y105.948 E2.17244
G1 X120.364 Y106.385 E2.18864
G1 X120.421 Y106.822 E2.20356
G1 X120.382 Y107.259 E2.21841
G1 X120.254 Y107.695 E2.23379
G1 X120.019 Y108.132 E2.25059
G1 X118.807 Y109.443 E2.31102
G1 X118.613 Y109.879 E2.32717
G1 X118.556 Y110.316 E2.34209
G1 X118.595 Y110.753 E2.35694
G1 X118.723 Y111.19 E2.37235
G1 X118.958 Y111.626 E2.38912
G1 X120.169 Y112.937 E2.44953
G1 X120.364 Y113.374 E2.46573
G1 X120.421 Y113.81 E2.48061
G1 X120.382 Y114.247 E2.49546
G1 X120.254 Y114.684 E2.51087
G1 X120.019 Y115.121 E2.52767
G1 X118.807 Y116.431 E2.58808
G1 X118.613 Y116.868 E2.60426
G1 X118.556 Y117.305 E2.61918
G1 X118.595 Y117.741 E2.634
G1 X118.723 Y118.178 E2.64941
G1 X118.958 Y118.615 E2.66621
G1 X120.169 Y119.925 E2.7266
G1 X120.364 Y120.362 E2.7428
G1 X120.421 Y120.799 E2.75772
G1 X120.389 Y121.156 E2.76985
G1 X116.864 Y121.156 E2.88917
G1 X116.76 Y120.799 E2.90176
G1 X116.525 Y120.362 E2.91856
G1 X115.313 Y119.052 E2.97897
G1 X115.118 Y118.615 E2.99517
G1 X115.062 Y118.178 E3.01008
G1 X115.101 Y117.741 E3.02493
G1 X115.228 Y117.305 E3.0403
G1 X115.464 Y116.868 E3.05711
G1 X116.675 Y115.557 E3.11752
G1 X116.87 Y115.121 E3.13369
G1 X116.927 Y114.684 E3.14861
G1 X116.887 Y114.247 E3.16346
G1 X116.76 Y113.81 E3.17886
G1 X116.525 Y113.374 E3.19563
G1 X115.313 Y112.063 E3.25606
G1 X115.118 Y111.626 E3.27226
G1 X115.062 Y111.19 E3.28714
G1 X115.101 Y110.753 E3.30199
G1 X115.228 Y110.316 E3.31739
G1 X115.464 Y109.879 E3.3342
G1 X116.675 Y108.569 E3.39459
G1 X116.87 Y108.132 E3.41079
G1 X116.927 Y107.695 E3.42571
G1 X116.887 Y107.259 E3.44053
G1 X116.76 Y106.822 E3.45593
G1 X116.525 Y106.385 E3.47273
G1 X115.313 Y105.075 E3.53314
G1 X115.118 Y104.638 E3.54934
G1 X115.062 Y104.201 E3.56425
G1 X115.094 Y103.844 E3.57638
G1 X111.63 Y103.844 E3.69363
G1 X111.734 Y104.201 E3.70622
G1 X111.969 Y104.638 E3.72302
G1 X113.181 Y105.948 E3.78343
G1 X113.376 Y106.385 E3.79963
G1 X113.433 Y106.822 E3.81455
G1 X113.393 Y107.259 E3.8294
G1 X113.266 Y107.695 E3.84477
G1 X113.031 Y108.132 E3.86157
G1 X111.819 Y109.443 E3.922
G1 X111.624 Y109.879 E3.93817
G1 X111.567 Y110.316 E3.95309
G1 X111.607 Y110.753 E3.96794
G1 X111.734 Y111.19 E3.98334
G1 X111.969 Y111.626 E4.00011
G1 X113.181 Y112.937 E4.06054
G1 X113.376 Y113.374 E4.07674
G1 X113.433 Y113.81 E4.09162
G1 X113.393 Y114.247 E4.10647
G1 X113.266 Y114.684 E4.12187
G1 X113.031 Y115.121 E4.13867
G1 X111.819 Y116.431 E4.19908
G1 X111.624 Y116.868 E4.21528
G1 X111.567 Y117.305 E4.2302
G1 X111.607 Y117.741 E4.24502
G1 X111.734 Y118.178 E4.26042
G1 X111.969 Y118.615 E4.27722
G1 X113.181 Y119.925 E4.33763
G1 X113.376 Y120.362 E4.35383
G1 X113.433 Y120.799 E4.36875
G1 X113.4 Y121.156 E4.38089
G1 X109.876 Y121.156 E4.50017
G1 X109.772 Y120.799 E4.51276
G1 X109.536 Y120.362 E4.52957
G1 X108.325 Y119.052 E4.58996
G1 X108.13 Y118.615 E4.60616
G1 X108.073 Y118.178 E4.62108
G1 X108.113 Y117.741 E4.63593
G1 X108.24 Y117.305 E4.6513
G1 X108.475 Y116.868 E4.6681
G1 X109.687 Y115.557 E4.72853
G1 X109.882 Y115.121 E4.7447
G1 X109.938 Y114.684 E4.75961
G1 X109.899 Y114.247 E4.77446
G1 X109.772 Y113.81 E4.78986
G1 X109.536 Y113.374 E4.80664
G1 X108.325 Y112.063 E4.86705
G1 X108.13 Y111.626 E4.88325
G1 X108.073 Y111.19 E4.89813
G1 X108.113 Y110.753 E4.91298
G1 X108.24 Y110.316 E4.92838
G1 X108.475 Y109.879 E4.94518
G1 X109.687 Y108.569 E5.00559
G1 X109.882 Y108.132 E5.02179
G1 X109.938 Y107.695 E5.0367
G1 X109.899 Y107.259 E5.05152
G1 X109.772 Y106.822 E5.06692
G1 X109.536 Y106.385 E5.08373
G1 X108.325 Y105.075 E5.14412
G1 X108.13 Y104.638 E5.16032
G1 X108.073 Y104.201 E5.17524
G1 X108.105 Y103.844 E5.18737
G1 X104.642 Y103.844 E5.30459
G1 X104.746 Y104.201 E5.31718
G1 X104.981 Y104.638 E5.33398
G1 X106.193 Y105.948 E5.39439
G1 X106.387 Y106.385 E5.41057
G1 X106.444 Y106.822 E5.42549
G1 X106.405 Y107.259 E5.44034
G1 X106.277 Y107.695 E5.45572
G1 X106.042 Y108.132 E5.47252
G1 X104.831 Y109.443 E5.53293
G1 X104.636 Y109.879 E5.5491
G1 X104.579 Y110.316 E5.56402
G1 X104.618 Y110.753 E5.57887
G1 X104.746 Y111.19 E5.59428
G1 X104.981 Y111.626 E5.61105
G1 X106.193 Y112.937 E5.67148
G1 X106.387 Y113.374 E5.68766
G1 X106.444 Y113.81 E5.70254
G1 X106.405 Y114.247 E5.71739
G1 X106.277 Y114.684 E5.7328
G1 X106.042 Y115.121 E5.7496
G1 X104.831 Y116.431 E5.80999
G1 X104.636 Y116.868 E5.82619
G1 X104.579 Y117.305 E5.84111
G1 X104.618 Y117.741 E5.85593
G1 X104.746 Y118.178 E5.87134
G1 X104.981 Y118.615 E5.88814
G1 X106.193 Y119.925 E5.94855
G1 X106.387 Y120.362 E5.96473
G1 X106.444 Y120.799 E5.97965
G1 X106.412 Y121.156 E5.99178
G1 X103.97 Y121.156 E6.07444
;LAYER_CHANGE
;Z:3.4
;HEIGHT:0.2
G1 Z3.4 F7800
G1 E4.07444 F2400
G1 Z3.4 F7800
G1 X103.539 Y103.539
G1 E6.07444 F2400
;TYPE:Perimeter
;WIDTH:0.449999
G1 F3600
G1 X121.461 Y103.539 E6.68108
G1 X121.461 Y112.5 E6.9844
G1 X121.461 Y121.461 E7.28772
G1 X103.539 Y121.461 E7.89436
G1 X103.539 Y103.599 E8.49897
G1 X103.539 Y103.599 F7800
G1 X103.132 Y103.132
G1 F3600
G1 X121.868 Y103.132 E9.13316
G1 X121.868 Y112.5 E9.45026
G1 X121.868 Y121.868 E9.76736
G1 X103.132 Y121.868 E10.40155
G1 X103.132 Y103.192 E11.03371
G1 X102.725 Y102.725 F7800
;TYPE:External perimeter
G1 F1800
G1 X122.275 Y102.725 E11.69545
G1 X122.275 Y112.5 E12.02632
G1 X122.275 Y122.275 E12.35719
G1 X102.725 Y122.275 E13.01893
G1 X102.725 Y102.785 E13.67864
G1 X103.121 Y102.726 F7800
G1 E11.67864 F2400
G92 E0
G1 X121.068 Y103.844 F7800
G1 E2 F2400
;TYPE:Internal infill
;WIDTH:0.45
G1 F4800
G1 X118.626 Y103.844 E2.08266
G1 X118.683 Y104.201 E2.0949
G1 X118.856 Y104.638 E2.11081
G1 X119.162 Y105.075 E2.12887
G1 X119.978 Y105.948 E2.16932
G1 X120.229 Y106.385 E2.18638
G1 X120.346 Y106.822 E2.20169
G1 X120.364 Y107.259 E2.21649
G1 X120.293 Y107.695 E2.23144
G1 X120.12 Y108.132 E2.24735
G1 X119.815 Y108.569 E2.26539
G1 X118.999 Y109.443 E2.30586
G1 X118.747 Y109.879 E2.32291
G1 X118.63 Y110.316 E2.33822
G1 X118.613 Y110.753 E2.35302
G1 X118.683 Y111.19 E2.368
G1 X118.856 Y111.626 E2.38388
G1 X119.162 Y112.063 E2.40194
G1 X119.978 Y112.937 E2.44241
G1 X120.229 Y113.374 E2.45947
G1 X120.346 Y113.81 E2.47475
G1 X120.364 Y114.247 E2.48955
G1 X120.293 Y114.684 E2.50454
G1 X120.12 Y115.121 E2.52045
G1 X119.815 Y115.557 E2.53846
G1 X118.999 Y116.431 E2.57893
G1 X118.747 Y116.868 E2.59601
G1 X118.63 Y117.305 E2.61132
G1 X118.613 Y117.741 E2.62609
G1 X118.683 Y118.178 E2.64107
G1 X118.856 Y118.615 E2.65698
G1 X119.162 Y119.052 E2.67504
G1 X119.978 Y119.925 E2.71549
G1 X120.229 Y120.362 E2.73255
G1 X120.346 Y120.799 E2.74786
G1 X120.361 Y121.156 E2.75995
G1 X116.857 Y121.156 E2.87856
G1 X116.799 Y120.799 E2.8908
G1 X116.626 Y120.362 E2.90671
G1 X116.321 Y119.925 E2.92475
G1 X115.505 Y119.052 E2.9652
G1 X115.253 Y118.615 E2.98228
G1 X115.136 Y118.178 E2.99759
G1 X115.119 Y117.741 E3.01239
G1 X115.189 Y117.305 E3.02734
G1 X115.362 Y116.868 E3.04325
G1 X115.668 Y116.431 E3.06131
G1 X116.484 Y115.557 E3.10178
G1 X116.735 Y115.121 E3.11881
G1 X116.852 Y114.684 E3.13412
G1 X116.87 Y114.247 E3.14892
G1 X116.799 Y113.81 E3.16391
G1 X116.626 Y113.374 E3.17979
G1 X116.321 Y112.937 E3.19783
G1 X115.505 Y112.063 E3.2383
G1 X115.253 Y111.626 E3.25538
G1 X115.136 Y111.19 E3.27066
G1 X115.119 Y110.753 E3.28546
G1 X115.189 Y110.316 E3.30044
G1 X115.362 Y109.879 E3.31635
G1 X115.668 Y109.443 E3.33438
G1 X116.484 Y108.569 E3.37485
G1 X116.735 Y108.132 E3.39191
G1 X116.852 Y107.695 E3.40722
G1 X116.87 Y107.259 E3.42199
G1 X116.799 Y106.822 E3.43698
G1 X116.626 Y106.385 E3.45289
G1 X116.321 Y105.948 E3.47093
G1 X115.505 Y105.075 E3.51138
G1 X115.253 Y104.638 E3.52846
G1 X115.136 Y104.201 E3.54377
G1 X115.122 Y103.844 E3.55586
G1 X111.637 Y103.844 E3.67382
G1 X111.695 Y104.201 E3.68606
G1 X111.868 Y104.638 E3.70197
G1 X112.174 Y105.075 E3.72003
G1 X112.989 Y105.948 E3.76046
G1 X113.241 Y106.385 E3.77754
G1 X113.358 Y106.822 E3.79285
G1 X113.376 Y107.259 E3.80765
G1 X113.305 Y107.695 E3.8226
G1 X113.132 Y108.132 E3.83851
G1 X112.826 Y108.569 E3.85657
G1 X112.011 Y109.443 E3.89702
G1 X111.759 Y109.879 E3.91407
G1 X111.642 Y110.316 E3.92938
G1 X111.624 Y110.753 E3.94418
G1 X111.695 Y111.19 E3.95917
G1 X111.868 Y111.626 E3.97505
G1 X112.174 Y112.063 E3.99311
G1 X112.989 Y112.937 E4.03356
G1 X113.241 Y113.374 E4.05064
G1 X113.358 Y113.81 E4.06592
G1 X113.376 Y114.247 E4.08072
G1 X113.305 Y114.684 E4.09571
G1 X113.132 Y115.121 E4.11162
G1 X112.826 Y115.557 E4.12965
G1 X112.011 Y116.431 E4.1701
G1 X111.759 Y116.868 E4.18718
G1 X111.642 Y117.305 E4.20249
G1 X111.624 Y117.741 E4.21726
G1 X111.695 Y118.178 E4.23225
G1 X111.868 Y118.615 E4.24816
G1 X112.174 Y119.052 E4.26622
G1 X112.989 Y119.925 E4.30665
G1 X113.241 Y120.362 E4.32373
G1 X113.358 Y120.799 E4.33904
G1 X113.372 Y121.156 E4.35113
G1 X109.868 Y121.156 E4.46974
G1 X109.811 Y120.799 E4.48198
G1 X109.638 Y120.362 E4.49789
G1 X109.332 Y119.925 E4.51595
G1 X108.516 Y119.052 E4.5564
G1 X108.265 Y118.615 E4.57346
G1 X108.148 Y118.178 E4.58877
G1 X108.13 Y117.741 E4.60357
G1 X108.201 Y117.305 E4.61852
G1 X108.374 Y116.868 E4.63443
G1 X108.679 Y116.431 E4.65247
G1 X109.495 Y115.557 E4.69294
G1 X109.747 Y115.121 E4.70999
G1 X109.864 Y114.684 E4.7253
G1 X109.881 Y114.247 E4.7401
G1 X109.811 Y113.81 E4.75508
G1 X109.638 Y113.374 E4.77096
G1 X109.332 Y112.937 E4.78902
G1 X108.516 Y112.063 E4.82949
G1 X108.265 Y111.626 E4.84655
G1 X108.148 Y111.19 E4.86183
G1 X108.13 Y110.753 E4.87663
G1 X108.201 Y110.316 E4.89162
G1 X108.374 Y109.879 E4.90753
G1 X108.679 Y109.443 E4.92554
G1 X109.495 Y108.569 E4.96601
G1 X109.747 Y108.132 E4.98309
G1 X109.864 Y107.695 E4.9984
G1 X109.881 Y107.259 E5.01317
G1 X109.811 Y106.822 E5.02815
G1 X109.638 Y106.385 E5.04406
G1 X109.332 Y105.948 E5.06212
G1 X108.516 Y105.075 E5.10257
G1 X108.265 Y104.638 E5.11963
G1 X108.148 Y104.201 E5.13494
G1 X108.133 Y103.844 E5.14703
G1 X104.649 Y103.844 E5.26496
G1 X104.707 Y104.201 E5.2772
G1 X104.88 Y104.638 E5.29311
G1 X105.185 Y105.075 E5.31115
G1 X106.001 Y105.948 E5.3516
G1 X106.253 Y106.385 E5.36868
G1 X106.37 Y106.822 E5.38399
G1 X106.387 Y107.259 E5.39879
G1 X106.317 Y107.695 E5.41374
G1 X106.144 Y108.132 E5.42965
G1 X105.838 Y108.569 E5.44771
G1 X105.022 Y109.443 E5.48818
G1 X104.771 Y109.879 E5.50521
G1 X104.654 Y110.316 E5.52052
G1 X104.636 Y110.753 E5.53532
G1 X104.707 Y111.19 E5.55031
G1 X104.88 Y111.626 E5.56619
G1 X105.185 Y112.063 E5.58423
G1 X106.001 Y112.937 E5.6247
G1 X106.253 Y113.374 E5.64178
G1 X106.37 Y113.81 E5.65706
G1 X106.387 Y114.247 E5.67186
G1 X106.317 Y114.684 E5.68684
G1 X106.144 Y115.121 E5.70275
G1 X105.838 Y115.557 E5.72078
G1 X105.022 Y116.431 E5.76125
G1 X104.771 Y116.868 E5.77831
G1 X104.654 Y117.305 E5.79362
G1 X104.636 Y117.741 E5.80839
G1 X104.707 Y118.178 E5.82338
G1 X104.88 Y118.615 E5.83929
G1 X105.185 Y119.052 E5.85733
G1 X106.001 Y119.925 E5.89778
G1 X106.253 Y120.362 E5.91486
G1 X106.37 Y120.799 E5.93017
G1 X106.384 Y121.156 E5.94226
G1 X103.941 Y121.156 E6.02495
;LAYER_CHANGE
;Z:3.6
;HEIGHT:0.2
G1 Z3.6 F7800
G1 E4.02495 F2400
G1 Z3.6 F7800
G1 X103.539 Y103.539
G1 E6.02495 F2400
;TYPE:Perimeter
;WIDTH:0.449999
G1 F3600
G1 X121.461 Y103.539 E6.63159
G1 X121.461 Y112.5 E6.93491
G1 X121.461 Y121.461 E7.23823
G1 X103.539 Y121.461 E7.84487
G1 X103.539 Y103.599 E8.44948
G1 X103.539 Y103.599 F7800
G1 X103.132 Y103.132
G1 F3600
G1 X121.868 Y103.132 E9.08367
G1 X121.868 Y112.5 E9.40077
G1 X121.868 Y121.868 E9.71787
G1 X103.132 Y121.868 E10.35206
G1 X103.132 Y103.192 E10.98422
G1 X102.725 Y102.725 F7800
;TYPE:External perimeter
G1 F1800
G1 X122.275 Y102.725 E11.64596
G1 X122.275 Y112.5 E11.97683
G1 X122.275 Y122.275 E12.3077
G1 X102.725 Y122.275 E12.96944
G1 X102.725 Y102.785 E13.62915
G1 X103.121 Y102.726 F7800
G1 E11.62915 F2400
G92 E0
G1 X114.069 Y103.844 F7800
G1 E2 F2400
;TYPE:Internal infill
;WIDTH:0.45
G1 F4800
G1 X111.627 Y103.844 E2.08266
G1 X111.638 Y104.201 E2.09475
G1 X111.752 Y104.638 E2.11004
G1 X112 Y105.075 E2.12705
G1 X112.817 Y105.948 E2.16752
G1 X113.126 Y106.385 E2.18564
G1 X113.302 Y106.822 E2.20159
G1 X113.376 Y107.259 E2.21659
G1 X113.362 Y107.695 E2.23136
G1 X113.248 Y108.132 E2.24665
G1 X113 Y108.569 E2.26366
G1 X112.183 Y109.443 E2.30416
G1 X111.874 Y109.879 E2.32225
G1 X111.698 Y110.316 E2.3382
G1 X111.624 Y110.753 E2.3532
G1 X111.638 Y111.19 E2.368
G1 X111.752 Y111.626 E2.38325
G1 X112 Y112.063 E2.40026
G1 X112.817 Y112.937 E2.44076
G1 X113.126 Y113.374 E2.45888
G1 X113.302 Y113.81 E2.4748
G1 X113.376 Y114.247 E2.4898
G1 X113.362 Y114.684 E2.5046
G1 X113.248 Y115.121 E2.51989
G1 X113 Y115.557 E2.53687
G1 X112.183 Y116.431 E2.57737
G1 X111.874 Y116.868 E2.59549
G1 X111.698 Y117.305 E2.61144
G1 X111.624 Y117.741 E2.62641
G1 X111.638 Y118.178 E2.64121
G1 X111.752 Y118.615 E2.6565
G1 X112 Y119.052 E2.67351
G1 X112.817 Y119.925 E2.71398
G1 X113.126 Y120.362 E2.7321
G1 X113.302 Y120.799 E2.74805
G1 X113.363 Y121.156 E2.76031
G1 X109.879 Y121.156 E2.87824
G1 X109.868 Y120.799 E2.89033
G1 X109.754 Y120.362 E2.90562
G1 X109.506 Y119.925 E2.92263
G1 X108.689 Y119.052 E2.9631
G1 X108.38 Y118.615 E2.98122
G1 X108.203 Y118.178 E2.99718
G1 X108.13 Y117.741 E3.01218
G1 X108.144 Y117.305 E3.02695
G1 X108.258 Y116.868 E3.04224
G1 X108.506 Y116.431 E3.05925
G1 X109.322 Y115.557 E3.09972
G1 X109.632 Y115.121 E3.11783
G1 X109.808 Y114.684 E3.13378
G1 X109.882 Y114.247 E3.14878
G1 X109.868 Y113.81 E3.16358
G1 X109.754 Y113.374 E3.17883
G1 X109.506 Y112.937 E3.19584
G1 X108.689 Y112.063 E3.23634
G1 X108.38 Y111.626 E3.25446
G1 X108.203 Y111.19 E3.27039
G1 X108.13 Y110.753 E3.28539
G1 X108.144 Y110.316 E3.30019
G1 X108.258 Y109.879 E3.31548
G1 X108.506 Y109.443 E3.33246
G1 X109.322 Y108.569 E3.37293
G1 X109.632 Y108.132 E3.39107
G1 X109.808 Y107.695 E3.40702
G1 X109.882 Y107.259 E3.42199
G1 X109.868 Y106.822 E3.43679
G1 X109.754 Y106.385 E3.45208
G1 X109.506 Y105.948 E3.46909
G1 X108.689 Y105.075 E3.50956
G1 X108.38 Y104.638 E3.52768
G1 X108.203 Y104.201 E3.54364
G1 X108.143 Y103.844 E3.55589
G1 X104.638 Y103.844 E3.67453
G1 X104.65 Y104.201 E3.68662
G1 X104.763 Y104.638 E3.7019
G1 X105.012 Y105.075 E3.71892
G1 X105.828 Y105.948 E3.75937
G1 X106.137 Y106.385 E3.77749
G1 X106.314 Y106.822 E3.79345
G1 X106.388 Y107.259 E3.80845
G1 X106.373 Y107.695 E3.82322
G1 X106.26 Y108.132 E3.8385
G1 X106.011 Y108.569 E3.85552
G1 X105.195 Y109.443 E3.89599
G1 X104.886 Y109.879 E3.91408
G1 X104.709 Y110.316 E3.93004
G1 X104.636 Y110.753 E3.94504
G1 X104.65 Y111.19 E3.95984
G1 X104.763 Y111.626 E3.97509
G1 X105.012 Y112.063 E3.99211
G1 X105.828 Y112.937 E4.03258
G1 X106.137 Y113.374 E4.0507
G1 X106.314 Y113.81 E4.06663
G1 X106.388 Y114.247 E4.08163
G1 X106.373 Y114.684 E4.09643
G1 X106.26 Y115.121 E4.11171
G1 X106.011 Y115.557 E4.12871
G1 X105.195 Y116.431 E4.16918
G1 X104.886 Y116.868 E4.1873
G1 X104.709 Y117.305 E4.20326
G1 X104.636 Y117.741 E4.21822
G1 X104.65 Y118.178 E4.23302
G1 X104.763 Y118.615 E4.2483
G1 X105.012 Y119.052 E4.26532
G1 X105.828 Y119.925 E4.30577
G1 X106.137 Y120.362 E4.32389
G1 X106.314 Y120.799 E4.33985
G1 X106.374 Y121.156 E4.3521
G1 X103.932 Y121.156 E4.43476
G1 E2.43476 F2400
G92 E0
G1 X103.932 Y121.156 F7800
G1 X114.425 Y121.156
G1 E2 F2400
G1 F4800
G1 X116.868 Y121.156 E2.08269
G1 X116.856 Y120.799 E2.09478
G1 X116.742 Y120.362 E2.11007
G1 X116.494 Y119.925 E2.12708
G1 X115.678 Y119.052 E2.16753
G1 X115.368 Y118.615 E2.18567
G1 X115.192 Y118.178 E2.20162
G1 X115.118 Y117.741 E2.21662
G1 X115.132 Y117.305 E2.23139
G1 X115.246 Y116.868 E2.24668
G1 X115.494 Y116.431 E2.26369
G1 X116.311 Y115.557 E2.30419
G1 X116.62 Y115.121 E2.32228
G1 X116.797 Y114.684 E2.33824
G1 X116.87 Y114.247 E2.35324
G1 X116.856 Y113.81 E2.36804
G1 X116.742 Y113.374 E2.38329
G1 X116.494 Y112.937 E2.4003
G1 X115.678 Y112.063 E2.44077
G1 X115.368 Y111.626 E2.45891
G1 X115.192 Y111.19 E2.47483
G1 X115.118 Y110.753 E2.48983
G1 X115.132 Y110.316 E2.50463
G1 X115.246 Y109.879 E2.51992
G1 X115.494 Y109.443 E2.5369
G1 X116.311 Y108.569 E2.5774
G1 X116.62 Y108.132 E2.59552
G1 X116.797 Y107.695 E2.61148
G1 X116.87 Y107.259 E2.62644
G1 X116.856 Y106.822 E2.64124
G1 X116.742 Y106.385 E2.65653
G1 X116.494 Y105.948 E2.67354
G1 X115.678 Y105.075 E2.71399
G1 X115.368 Y104.638 E2.73213
G1 X115.192 Y104.201 E2.74808
G1 X115.132 Y103.844 E2.76033
G1 X118.615 Y103.844 E2.87823
G1 X118.627 Y104.201 E2.89032
G1 X118.74 Y104.638 E2.9056
G1 X118.989 Y105.075 E2.92262
G1 X119.805 Y105.948 E2.96307
G1 X120.114 Y106.385 E2.98119
G1 X120.291 Y106.822 E2.99715
G1 X120.364 Y107.259 E3.01215
G1 X120.35 Y107.695 E3.02692
G1 X120.237 Y108.132 E3.0422
G1 X119.988 Y108.569 E3.05922
G1 X119.172 Y109.443 E3.09969
G1 X118.863 Y109.879 E3.11778
G1 X118.686 Y110.316 E3.13374
G1 X118.612 Y110.753 E3.14874
G1 X118.627 Y111.19 E3.16354
G1 X118.74 Y111.626 E3.17879
G1 X118.989 Y112.063 E3.19581
G1 X119.805 Y112.937 E3.23628
G1 X120.114 Y113.374 E3.2544
G1 X120.291 Y113.81 E3.27033
G1 X120.364 Y114.247 E3.28533
G1 X120.35 Y114.684 E3.30013
G1 X120.237 Y115.121 E3.31541
G1 X119.988 Y115.557 E3.33241
G1 X119.172 Y116.431 E3.37288
G1 X118.863 Y116.868 E3.391
G1 X118.686 Y117.305 E3.40696
G1 X118.612 Y117.741 E3.42193
G1 X118.627 Y118.178 E3.43673
G1 X118.74 Y118.615 E3.45201
G1 X118.989 Y119.052 E3.46903
G1 X119.805 Y119.925 E3.50948
G1 X120.114 Y120.362 E3.5276
G1 X120.291 Y120.799 E3.54356
G1 X120.351 Y121.156 E3.55581
G1 X121.156 Y121.156 E3.58306
G1 X121.156 Y119.518 E3.6385
;LAYER_CHANGE
;Z:3.8
;HEIGHT:0.2
G1 Z3.8 F7800
G1 E1.6385 F2400
G1 Z3.8 F7800
G1 X103.539 Y103.539
G1 E3.6385 F2400
;TYPE:Perimeter
;WIDTH:0.449999
G1 F3600
G1 X121.461 Y103.539 E4.24514
G1 X121.461 Y112.5 E4.54846
G1 X121.461 Y121.461 E4.85178
G1 X103.539 Y121.461 E5.45842
G1 X103.539 Y103.599 E6.06303
G1 X103.539 Y103.599 F7800
G1 X103.132 Y103.132
G1 F3600
G1 X121.868 Y103.132 E6.69722
G1 X121.868 Y112.5 E7.01432
G1 X121.868 Y121.868 E7.33142
G1 X103.132 Y121.868 E7.96561
G1 X103.132 Y103.192 E8.59777
G1 X102.725 Y102.725 F7800
;TYPE:External perimeter
G1 F1800
G1 X122.275 Y102.725 E9.25951
G1 X122.275 Y112.5 E9.59038
G1 X122.275 Y122.275 E9.92125
G1 X102.725 Y122.275 E10.58299
G1 X102.725 Y102.785 E11.2427
G1 X103.121 Y102.726 F7800
G1 E9.2427 F2400
G92 E0
G1 X103.844 Y105.522 F7800
G1 E2 F2400
;TYPE:Internal infill
;WIDTH:0.45
G1 F4800
G1 X103.844 Y103.844 E2.0568
G1 X104.609 Y103.844 E2.08269
G1 X104.574 Y104.201 E2.09483
G1 X104.627 Y104.638 E2.10973
G1 X104.819 Y105.075 E2.12589
G1 X106.037 Y106.385 E2.18644
G1 X106.276 Y106.822 E2.2033
G1 X106.406 Y107.259 E2.21873
G1 X106.449 Y107.695 E2.23356
G1 X106.396 Y108.132 E2.24846
G1 X106.205 Y108.569 E2.2646
G1 X104.986 Y109.879 E2.32517
G1 X104.747 Y110.316 E2.34203
G1 X104.617 Y110.753 E2.35746
G1 X104.574 Y111.19 E2.37232
G1 X104.627 Y111.626 E2.38719
G1 X104.819 Y112.063 E2.40335
G1 X106.037 Y113.374 E2.46392
G1 X106.276 Y113.81 E2.48075
G1 X106.406 Y114.247 E2.49618
G1 X106.449 Y114.684 E2.51104
G1 X106.396 Y115.121 E2.52594
G1 X106.205 Y115.557 E2.54205
G1 X104.986 Y116.868 E2.60264
G1 X104.747 Y117.305 E2.6195
G1 X104.617 Y117.741 E2.6349
G1 X104.574 Y118.178 E2.64976
G1 X104.627 Y118.615 E2.66466
G1 X104.819 Y119.052 E2.68082
G1 X106.037 Y120.362 E2.74137
G1 X106.276 Y120.799 E2.75823
G1 X106.382 Y121.156 E2.77084
G1 X109.908 Y121.156 E2.89019
G1 X109.943 Y120.799 E2.90233
G1 X109.89 Y120.362 E2.91723
G1 X109.699 Y119.925 E2.93337
G1 X108.481 Y118.615 E2.99392
G1 X108.242 Y118.178 E3.01078
G1 X108.111 Y117.741 E3.02622
G1 X108.068 Y117.305 E3.04105
G1 X108.121 Y116.868 E3.05595
G1 X108.313 Y116.431 E3.07211
G1 X109.531 Y115.121 E3.13266
G1 X109.77 Y114.684 E3.14952
G1 X109.901 Y114.247 E3.16496
G1 X109.943 Y113.81 E3.17982
G1 X109.89 Y113.374 E3.19469
G1 X109.699 Y112.937 E3.21083
G1 X108.481 Y111.626 E3.2714
G1 X108.242 Y111.19 E3.28823
G1 X108.111 Y110.753 E3.30367
G1 X108.068 Y110.316 E3.31853
G1 X108.121 Y109.879 E3.33343
G1 X108.313 Y109.443 E3.34956
G1 X109.531 Y108.132 E3.41013
G1 X109.77 Y107.695 E3.42699
G1 X109.901 Y107.259 E3.4424
G1 X109.943 Y106.822 E3.45726
G1 X109.89 Y106.385 E3.47216
G1 X109.699 Y105.948 E3.4883
G1 X108.481 Y104.638 E3.54885
G1 X108.242 Y104.201 E3.56571
G1 X108.135 Y103.844 E3.57833
G1 X111.597 Y103.844 E3.69551
G1 X111.562 Y104.201 E3.70765
G1 X111.616 Y104.638 E3.72255
G1 X111.807 Y105.075 E3.73869
G1 X113.025 Y106.385 E3.79924
G1 X113.264 Y106.822 E3.8161
G1 X113.395 Y107.259 E3.83154
G1 X113.438 Y107.695 E3.84637
G1 X113.384 Y108.132 E3.86127
G1 X113.193 Y108.569 E3.87741
G1 X111.975 Y109.879 E3.93796
G1 X111.736 Y110.316 E3.95482
G1 X111.605 Y110.753 E3.97026
G1 X111.562 Y111.19 E3.98512
G1 X111.616 Y111.626 E3.99999
G1 X111.807 Y112.063 E4.01613
G1 X113.025 Y113.374 E4.0767
G1 X113.264 Y113.81 E4.09353
G1 X113.395 Y114.247 E4.10897
G1 X113.438 Y114.684 E4.12383
G1 X113.384 Y115.121 E4.13873
G1 X113.193 Y115.557 E4.15484
G1 X111.975 Y116.868 E4.21541
G1 X111.736 Y117.305 E4.23227
G1 X111.605 Y117.741 E4.24768
G1 X111.562 Y118.178 E4.26254
G1 X111.616 Y118.615 E4.27744
G1 X111.807 Y119.052 E4.29358
G1 X113.025 Y120.362 E4.35413
G1 X113.264 Y120.799 E4.37099
G1 X113.371 Y121.156 E4.38361
G1 X115.813 Y121.156 E4.46627
G1 E2.46627 F2400
G92 E0
G1 X115.813 Y121.156 F7800
G1 X112.681 Y103.844
G1 E2 F2400
G1 F4800
G1 X115.123 Y103.844 E2.08266
G1 X115.23 Y104.201 E2.09528
G1 X115.469 Y104.638 E2.11214
G1 X116.687 Y105.948 E2.17269
G1 X116.879 Y106.385 E2.18885
G1 X116.932 Y106.822 E2.20375
G1 X116.889 Y107.259 E2.21861
G1 X116.758 Y107.695 E2.23402
G1 X116.519 Y108.132 E2.25088
G1 X115.301 Y109.443 E2.31145
G1 X115.11 Y109.879 E2.32756
G1 X115.057 Y110.316 E2.34246
G1 X115.099 Y110.753 E2.35732
G1 X115.23 Y111.19 E2.37276
G1 X115.469 Y111.626 E2.38959
G1 X116.687 Y112.937 E2.45016
G1 X116.879 Y113.374 E2.46632
G1 X116.932 Y113.81 E2.48119
G1 X116.889 Y114.247 E2.49605
G1 X116.758 Y114.684 E2.51149
G1 X116.519 Y115.121 E2.52835
G1 X115.301 Y116.431 E2.5889
G1 X115.11 Y116.868 E2.60504
G1 X115.057 Y117.305 E2.61994
G1 X115.099 Y117.741 E2.63477
G1 X115.23 Y118.178 E2.65021
G1 X115.469 Y118.615 E2.66707
G1 X116.687 Y119.925 E2.72762
G1 X116.879 Y120.362 E2.74378
G1 X116.932 Y120.799 E2.75868
G1 X116.897 Y121.156 E2.77082
G1 X120.359 Y121.156 E2.888
G1 X120.253 Y120.799 E2.90061
G1 X120.014 Y120.362 E2.91747
G1 X118.795 Y119.052 E2.97804
G1 X118.604 Y118.615 E2.99418
G1 X118.551 Y118.178 E3.00908
G1 X118.594 Y117.741 E3.02394
G1 X118.724 Y117.305 E3.03934
G1 X118.963 Y116.868 E3.0562
G1 X120.181 Y115.557 E3.11677
G1 X120.373 Y115.121 E3.1329
G1 X120.426 Y114.684 E3.1478
G1 X120.383 Y114.247 E3.16266
G1 X120.253 Y113.81 E3.17809
G1 X120.014 Y113.374 E3.19492
G1 X118.795 Y112.063 E3.25551
G1 X118.604 Y111.626 E3.27165
G1 X118.551 Y111.19 E3.28652
G1 X118.594 Y110.753 E3.30138
G1 X118.724 Y110.316 E3.31681
G1 X118.963 Y109.879 E3.33367
G1 X120.181 Y108.569 E3.39422
G1 X120.373 Y108.132 E3.41038
G1 X120.426 Y107.695 E3.42528
G1 X120.383 Y107.259 E3.44011
G1 X120.253 Y106.822 E3.45554
G1 X120.014 Y106.385 E3.4724
G1 X118.795 Y105.075 E3.53297
G1 X118.604 Y104.638 E3.54911
G1 X118.551 Y104.201 E3.56401
G1 X118.586 Y103.844 E3.57615
G1 X121.028 Y103.844 E3.65881
;LAYER_CHANGE
;Z:4
;HEIGHT:0.2
G1 Z4 F7800
G1 E1.65881 F2400
G1 Z4 F7800
G1 X103.539 Y103.539
G1 E3.65881 F2400
;TYPE:Perimeter
;WIDTH:0.449999
G1 F3600
G1 X121.461 Y103.539 E4.26545
G1 X121.461 Y112.5 E4.56877
G1 X121.461 Y121.461 E4.87209
G1 X103.539 Y121.461 E5.47873
G1 X103.539 Y103.599 E6.08334
G1 X103.539 Y103.599 F7800
G1 X103.132 Y103.132
G1 F3600
G1 X121.868 Y103.132 E6.71753
G1 X121.868 Y112.5 E7.03463
G1 X121.868 Y121.868 E7.35173
G1 X103.132 Y121.868 E7.98592
G1 X103.132 Y103.192 E8.61808
G1 X102.725 Y102.725 F7800
;TYPE:External perimeter
G1 F1800
G1 X122.275 Y102.725 E9.27982
G1 X122.275 Y112.5 E9.61069
G1 X122.275 Y122.275 E9.94156
G1 X102.725 Y122.275 E10.6033
G1 X102.725 Y102.785 E11.26301
G1 X103.121 Y102.726 F7800
G1 E9.26301 F2400
G92 E0
G1 X120.987 Y103.844 F7800
G1 E2 F2400
;TYPE:Internal infill
;WIDTH:0.45
G1 F4800
G1 X118.545 Y103.844 E2.08266
G1 X118.441 Y104.638 E2.10977
G1 X118.564 Y105.075 E2.12514
G1 X118.92 Y105.512 E2.14422
G1 X119.924 Y106.385 E2.18925
G1 X120.232 Y106.822 E2.20735
G1 X120.421 Y107.259 E2.22347
G1 X120.536 Y108.132 E2.25328
G1 X120.413 Y108.569 E2.26865
G1 X120.057 Y109.006 E2.28773
G1 X119.053 Y109.879 E2.33276
G1 X118.745 Y110.316 E2.35086
G1 X118.555 Y110.753 E2.36699
G1 X118.441 Y111.626 E2.39679
G1 X118.564 Y112.063 E2.41216
G1 X118.92 Y112.5 E2.43124
G1 X119.924 Y113.374 E2.4763
G1 X120.232 Y113.81 E2.49437
G1 X120.421 Y114.247 E2.51049
G1 X120.536 Y115.121 E2.54033
G1 X120.413 Y115.557 E2.55566
G1 X120.057 Y115.994 E2.57474
G1 X119.053 Y116.868 E2.6198
G1 X118.745 Y117.305 E2.6379
G1 X118.555 Y117.741 E2.654
G1 X118.441 Y118.615 E2.68383
G1 X118.564 Y119.052 E2.6992
G1 X118.92 Y119.488 E2.71825
G1 X119.924 Y120.362 E2.76331
G1 X120.232 Y120.799 E2.78141
G1 X120.387 Y121.156 E2.79458
G1 X116.938 Y121.156 E2.91132
G1 X117.042 Y120.362 E2.93843
G1 X116.919 Y119.925 E2.9538
G1 X116.562 Y119.488 E2.9729
G1 X115.559 Y118.615 E3.01791
G1 X115.251 Y118.178 E3.03601
G1 X115.061 Y117.741 E3.05214
G1 X114.947 Y116.868 E3.08194
G1 X115.07 Y116.431 E3.09731
G1 X115.426 Y115.994 E3.11639
G1 X116.43 Y115.121 E3.16142
G1 X116.738 Y114.684 E3.17952
G1 X116.927 Y114.247 E3.19564
G1 X117.042 Y113.374 E3.22545
G1 X116.919 Y112.937 E3.24082
G1 X116.562 Y112.5 E3.25992
G1 X115.559 Y111.626 E3.30495
G1 X115.251 Y111.19 E3.32302
G1 X115.061 Y110.753 E3.33915
G1 X114.947 Y109.879 E3.36898
G1 X115.07 Y109.443 E3.38431
G1 X115.426 Y109.006 E3.40339
G1 X116.43 Y108.132 E3.44845
G1 X116.738 Y107.695 E3.46655
G1 X116.927 Y107.259 E3.48264
G1 X117.042 Y106.385 E3.51248
G1 X116.919 Y105.948 E3.52785
G1 X116.562 Y105.512 E3.54692
G1 X115.559 Y104.638 E3.59195
G1 X115.251 Y104.201 E3.61005
G1 X115.096 Y103.844 E3.62322
G1 X111.556 Y103.844 E3.74304
G1 X111.452 Y104.638 E3.77015
G1 X111.575 Y105.075 E3.78552
G1 X111.932 Y105.512 E3.80462
G1 X112.936 Y106.385 E3.84965
G1 X113.244 Y106.822 E3.86775
G1 X113.433 Y107.259 E3.88387
G1 X113.548 Y108.132 E3.91368
G1 X113.425 Y108.569 E3.92905
G1 X113.068 Y109.006 E3.94815
G1 X112.064 Y109.879 E3.99318
G1 X111.756 Y110.316 E4.01128
G1 X111.567 Y110.753 E4.0274
G1 X111.452 Y111.626 E4.05721
G1 X111.575 Y112.063 E4.07258
G1 X111.932 Y112.5 E4.09168
G1 X112.936 Y113.374 E4.13674
G1 X113.244 Y113.81 E4.15481
G1 X113.433 Y114.247 E4.17093
G1 X113.548 Y115.121 E4.20077
G1 X113.425 Y115.557 E4.2161
G1 X113.068 Y115.994 E4.2352
G1 X112.064 Y116.868 E4.28026
G1 X111.756 Y117.305 E4.29836
G1 X111.567 Y117.741 E4.31445
G1 X111.452 Y118.615 E4.34429
G1 X111.575 Y119.052 E4.35966
G1 X111.932 Y119.488 E4.37873
G1 X112.936 Y120.362 E4.42379
G1 X113.244 Y120.799 E4.44189
G1 X113.398 Y121.156 E4.45505
G1 X109.949 Y121.156 E4.57179
G1 X110.053 Y120.362 E4.5989
G1 X109.93 Y119.925 E4.61427
G1 X109.574 Y119.488 E4.63335
G1 X108.57 Y118.615 E4.67838
G1 X108.262 Y118.178 E4.69648
G1 X108.073 Y117.741 E4.7126
G1 X107.958 Y116.868 E4.74241
G1 X108.081 Y116.431 E4.75778
G1 X108.438 Y115.994 E4.77688
G1 X109.441 Y115.121 E4.82189
G1 X109.749 Y114.684 E4.83999
G1 X109.939 Y114.247 E4.85612
G1 X110.053 Y113.374 E4.88592
G1 X109.93 Y112.937 E4.90129
G1 X109.574 Y112.5 E4.92037
G1 X108.57 Y111.626 E4.96543
G1 X108.262 Y111.19 E4.9835
G1 X108.073 Y110.753 E4.99962
G1 X107.958 Y109.879 E5.02946
G1 X108.081 Y109.443 E5.04479
G1 X108.438 Y109.006 E5.06389
G1 X109.441 Y108.132 E5.10892
G1 X109.749 Y107.695 E5.12702
G1 X109.939 Y107.259 E5.14312
G1 X110.053 Y106.385 E5.17295
G1 X109.93 Y105.948 E5.18832
G1 X109.574 Y105.512 E5.20737
G1 X108.57 Y104.638 E5.25243
G1 X108.262 Y104.201 E5.27053
G1 X108.107 Y103.844 E5.2837
G1 X104.568 Y103.844 E5.40349
G1 X104.464 Y104.638 E5.4306
G1 X104.587 Y105.075 E5.44597
G1 X104.943 Y105.512 E5.46505
G1 X105.947 Y106.385 E5.51008
G1 X106.255 Y106.822 E5.52818
G1 X106.445 Y107.259 E5.54431
G1 X106.559 Y108.132 E5.57411
G1 X106.436 Y108.569 E5.58948
G1 X106.08 Y109.006 E5.60856
G1 X105.076 Y109.879 E5.65359
G1 X104.768 Y110.316 E5.67169
G1 X104.579 Y110.753 E5.68781
G1 X104.464 Y111.626 E5.71762
G1 X104.587 Y112.063 E5.73299
G1 X104.943 Y112.5 E5.75207
G1 X105.947 Y113.374 E5.79713
G1 X106.255 Y113.81 E5.8152
G1 X106.445 Y114.247 E5.83133
G1 X106.559 Y115.121 E5.86116
G1 X106.436 Y115.557 E5.87649
G1 X106.08 Y115.994 E5.89557
G1 X105.076 Y116.868 E5.94063
G1 X104.768 Y117.305 E5.95873
G1 X104.579 Y117.741 E5.97482
G1 X104.464 Y118.615 E6.00466
G1 X104.587 Y119.052 E6.02003
G1 X104.943 Y119.488 E6.03908
G1 X105.947 Y120.362 E6.08414
G1 X106.255 Y120.799 E6.10224
G1 X106.41 Y121.156 E6.11541
G1 X103.967 Y121.156 E6.1981
;LAYER_CHANGE
;Z:4.2
;HEIGHT:0.2
G1 Z4.2 F7800
G1 E4.1981 F2400
G1 Z4.2 F7800
G1 X103.539 Y103.539
G1 E6.1981 F2400
;TYPE:Perimeter
;WIDTH:0.449999
G1 F3600
G1 X121.461 Y103.539 E6.80474
G1 X121.461 Y112.5 E7.10806
G1 X121.461 Y121.461 E7.41138
G1 X103.539 Y121.461 E8.01802
G1 X103.539 Y103.599 E8.62263
G1 X103.539 Y103.599 F7800
G1 X103.132 Y103.132
G1 F3600
G1 X121.868 Y103.132 E9.25682
G1 X121.868 Y112.5 E9.57392
G1 X121.868 Y121.868 E9.89102
G1 X103.132 Y121.868 E10.52521
G1 X103.132 Y103.192 E11.15737
G1 X102.725 Y102.725 F7800
;TYPE:External perimeter
G1 F1800
G1 X122.275 Y102.725 E11.81911
G1 X122.275 Y112.5 E12.14998
G1 X122.275 Y122.275 E12.48085
G1 X102.725 Y122.275 E13.14259
G1 X102.725 Y102.785 E13.8023
G1 X103.121 Y102.726 F7800
G1 E11.8023 F2400
G92 E0
G1 X120.914 Y103.844 F7800
G1 E2 F2400
;TYPE:Internal infill
;WIDTH:0.45
G1 F4800
G1 X118.472 Y103.844 E2.08266
G1 X118.24 Y104.638 E2.11066
G1 X118.259 Y105.075 E2.12547
G1 X118.568 Y105.512 E2.14359
G1 X119.843 Y106.385 E2.19589
G1 X120.231 Y106.822 E2.21567
G1 X120.481 Y107.259 E2.23271
G1 X120.737 Y108.132 E2.2635
G1 X120.718 Y108.569 E2.27831
G1 X120.409 Y109.006 E2.29643
G1 X119.134 Y109.879 E2.34873
G1 X118.746 Y110.316 E2.36851
G1 X118.495 Y110.753 E2.38557
G1 X118.24 Y111.626 E2.41635
G1 X118.259 Y112.063 E2.43116
G1 X118.568 Y112.5 E2.44928
G1 X119.843 Y113.374 E2.5016
G1 X120.231 Y113.81 E2.52136
G1 X120.481 Y114.247 E2.5384
G1 X120.737 Y115.121 E2.56923
G1 X120.718 Y115.557 E2.584
G1 X120.409 Y115.994 E2.60212
G1 X119.134 Y116.868 E2.65444
G1 X118.746 Y117.305 E2.67422
G1 X118.495 Y117.741 E2.69125
G1 X118.24 Y118.615 E2.72207
G1 X118.259 Y119.052 E2.73688
G1 X118.568 Y119.488 E2.75497
G1 X119.843 Y120.362 E2.80729
G1 X120.231 Y120.799 E2.82707
G1 X120.436 Y121.156 E2.841
G1 X117.011 Y121.156 E2.95693
G1 X117.243 Y120.362 E2.98493
G1 X117.223 Y119.925 E2.99974
G1 X116.914 Y119.488 E3.01786
G1 X115.64 Y118.615 E3.07014
G1 X115.252 Y118.178 E3.08992
G1 X115.001 Y117.741 E3.10698
G1 X114.746 Y116.868 E3.13776
G1 X114.765 Y116.431 E3.15257
G1 X115.074 Y115.994 E3.17069
G1 X116.349 Y115.121 E3.22299
G1 X116.737 Y114.684 E3.24277
G1 X116.987 Y114.247 E3.25981
G1 X117.243 Y113.374 E3.2906
G1 X117.223 Y112.937 E3.30541
G1 X116.914 Y112.5 E3.32353
G1 X115.64 Y111.626 E3.37583
G1 X115.252 Y111.19 E3.39559
G1 X115.001 Y110.753 E3.41265
G1 X114.746 Y109.879 E3.44347
G1 X114.765 Y109.443 E3.45824
G1 X115.074 Y109.006 E3.47636
G1 X116.349 Y108.132 E3.52868
G1 X116.737 Y107.695 E3.54846
G1 X116.987 Y107.259 E3.56547
G1 X117.243 Y106.385 E3.5963
G1 X117.223 Y105.948 E3.61111
G1 X116.914 Y105.512 E3.6292
G1 X115.64 Y104.638 E3.6815
G1 X115.252 Y104.201 E3.70128
G1 X115.047 Y103.844 E3.71521
G1 X111.484 Y103.844 E3.83581
G1 X111.252 Y104.638 E3.86381
G1 X111.271 Y105.075 E3.87862
G1 X111.58 Y105.512 E3.89674
G1 X112.854 Y106.385 E3.94902
G1 X113.243 Y106.822 E3.96882
G1 X113.493 Y107.259 E3.98586
G1 X113.748 Y108.132 E4.01664
G1 X113.729 Y108.569 E4.03145
G1 X113.42 Y109.006 E4.04957
G1 X112.146 Y109.879 E4.10185
G1 X111.757 Y110.316 E4.12165
G1 X111.507 Y110.753 E4.13869
G1 X111.252 Y111.626 E4.16947
G1 X111.271 Y112.063 E4.18428
G1 X111.58 Y112.5 E4.2024
G1 X112.854 Y113.374 E4.2547
G1 X113.243 Y113.81 E4.27448
G1 X113.493 Y114.247 E4.29152
G1 X113.748 Y115.121 E4.32234
G1 X113.729 Y115.557 E4.33711
G1 X113.42 Y115.994 E4.35523
G1 X112.146 Y116.868 E4.40753
G1 X111.757 Y117.305 E4.42733
G1 X111.507 Y117.741 E4.44434
G1 X111.252 Y118.615 E4.47516
G1 X111.271 Y119.052 E4.48997
G1 X111.58 Y119.488 E4.50806
G1 X112.854 Y120.362 E4.56036
G1 X113.243 Y120.799 E4.58016
G1 X113.447 Y121.156 E4.59408
G1 X110.022 Y121.156 E4.71001
G1 X110.254 Y120.362 E4.73801
G1 X110.235 Y119.925 E4.75282
G1 X109.926 Y119.488 E4.77094
G1 X108.651 Y118.615 E4.82324
G1 X108.263 Y118.178 E4.84302
G1 X108.013 Y117.741 E4.86006
G1 X107.757 Y116.868 E4.89085
G1 X107.777 Y116.431 E4.90566
G1 X108.086 Y115.994 E4.92378
G1 X109.36 Y115.121 E4.97606
G1 X109.748 Y114.684 E4.99584
G1 X109.999 Y114.247 E5.0129
G1 X110.254 Y113.374 E5.04368
G1 X110.235 Y112.937 E5.05849
G1 X109.926 Y112.5 E5.07661
G1 X108.651 Y111.626 E5.12893
G1 X108.263 Y111.19 E5.14869
G1 X108.013 Y110.753 E5.16573
G1 X107.757 Y109.879 E5.19656
G1 X107.777 Y109.443 E5.21133
G1 X108.086 Y109.006 E5.22945
G1 X109.36 Y108.132 E5.28175
G1 X109.748 Y107.695 E5.30153
G1 X109.999 Y107.259 E5.31856
G1 X110.254 Y106.385 E5.34938
G1 X110.235 Y105.948 E5.36419
G1 X109.926 Y105.512 E5.38228
G1 X108.651 Y104.638 E5.4346
G1 X108.263 Y104.201 E5.45438
G1 X108.059 Y103.844 E5.4683
G1 X104.495 Y103.844 E5.58894
G1 X104.263 Y104.638 E5.61694
G1 X104.282 Y105.075 E5.63175
G1 X104.591 Y105.512 E5.64987
G1 X105.866 Y106.385 E5.70217
G1 X106.254 Y106.822 E5.72195
G1 X106.505 Y107.259 E5.73901
G1 X106.76 Y108.132 E5.76979
G1 X106.741 Y108.569 E5.7846
G1 X106.432 Y109.006 E5.80272
G1 X105.157 Y109.879 E5.85502
G1 X104.769 Y110.316 E5.8748
G1 X104.519 Y110.753 E5.89184
G1 X104.263 Y111.626 E5.92263
G1 X104.282 Y112.063 E5.93744
G1 X104.591 Y112.5 E5.95556
G1 X105.866 Y113.374 E6.00788
G1 X106.254 Y113.81 E6.02764
G1 X106.505 Y114.247 E6.0447
G1 X106.76 Y115.121 E6.07552
G1 X106.741 Y115.557 E6.09029
G1 X106.432 Y115.994 E6.10841
G1 X105.157 Y116.868 E6.16073
G1 X104.769 Y117.305 E6.18051
G1 X104.519 Y117.741 E6.19752
G1 X104.263 Y118.615 E6.22835
G1 X104.282 Y119.052 E6.24316
G1 X104.591 Y119.488 E6.26125
G1 X105.866 Y120.362 E6.31357
G1 X106.254 Y120.799 E6.33335
G1 X106.459 Y121.156 E6.34728
G1 X104.016 Y121.156 E6.42997
;LAYER_CHANGE
;Z:4.4
;HEIGHT:0.2
G1 Z4.4 F7800
G1 E4.42997 F2400
G1 Z4.4 F7800
G1 X103.539 Y103.539
G1 E6.42997 F2400
;TYPE:Perimeter
;WIDTH:0.449999
G1 F3600
G1 X121.461 Y103.539 E7.03661
G1 X121.461 Y112.5 E7.33993
G1 X121.461 Y121.461 E7.64325
G1 X103.539 Y121.461 E8.24989
G1 X103.539 Y103.599 E8.8545
G1 X103.539 Y103.599 F7800
G1 X103.132 Y103.132
G1 F3600
G1 X121.868 Y103.132 E9.48869
G1 X121.868 Y112.5 E9.80579
G1 X121.868 Y121.868 E10.12289
G1 X103.132 Y121.868 E10.75708
G1 X103.132 Y103.192 E11.38924
G1 X102.725 Y102.725 F7800
;TYPE:External perimeter
G1 F1800
G1 X122.275 Y102.725 E12.05098
G1 X122.275 Y112.5 E12.38185
G1 X122.275 Y122.275 E12.71272
G1 X102.725 Y122.275 E13.37446
G1 X102.725 Y102.785 E14.03417
G1 X103.121 Y102.726 F7800
G1 E12.03417 F2400
G92 E0
G1 X120.833 Y103.844 F7800
G1 E2 F2400
;TYPE:Internal infill
;WIDTH:0.45
G1 F4800
G1 X118.39 Y103.844 E2.08269
G1 X117.741 Y105.136 E2.13163
G1 X117.305 Y105.283 E2.1472
G1 X116.868 Y105.177 E2.16242
G1 X115.994 Y104.812 E2.19448
G1 X115.557 Y104.519 E2.21229
G1 X115.121 Y104.068 E2.23352
G1 X114.99 Y103.844 E2.2423
G1 X111.402 Y103.844 E2.36375
G1 X110.753 Y105.136 E2.41269
G1 X110.316 Y105.283 E2.4283
G1 X109.879 Y105.177 E2.44352
G1 X109.006 Y104.812 E2.47555
G1 X108.569 Y104.519 E2.49336
G1 X108.132 Y104.068 E2.51462
G1 X108.001 Y103.844 E2.5234
G1 X104.413 Y103.844 E2.64485
G1 X103.844 Y104.966 E2.68743
G1 X103.844 Y105.86 E2.71769
G1 X104.201 Y105.74 E2.73044
G1 X104.638 Y105.846 E2.74566
G1 X105.512 Y106.211 E2.77772
G1 X105.948 Y106.504 E2.7955
G1 X106.385 Y106.956 E2.81678
G1 X106.822 Y107.7 E2.84599
G1 X107.259 Y108.631 E2.8808
G1 X107.695 Y108.778 E2.89637
G1 X108.132 Y108.671 E2.9116
G1 X109.006 Y108.306 E2.94366
G1 X109.443 Y108.013 E2.96147
G1 X109.879 Y107.562 E2.9827
G1 X110.316 Y106.817 E3.01194
G1 X110.753 Y105.887 E3.04672
G1 X111.19 Y105.74 E3.06233
G1 X111.626 Y105.846 E3.07752
G1 X112.5 Y106.211 E3.10958
G1 X112.937 Y106.504 E3.12739
G1 X113.374 Y106.956 E3.14867
G1 X113.81 Y107.7 E3.17786
G1 X114.247 Y108.631 E3.21267
G1 X114.684 Y108.778 E3.22828
G1 X115.121 Y108.671 E3.24351
G1 X115.994 Y108.306 E3.27554
G1 X116.431 Y108.013 E3.29335
G1 X116.868 Y107.562 E3.31461
G1 X117.305 Y106.817 E3.34385
G1 X117.741 Y105.887 E3.37862
G1 X118.178 Y105.74 E3.39423
G1 X118.615 Y105.846 E3.40945
G1 X119.488 Y106.211 E3.44148
G1 X119.925 Y106.504 E3.45929
G1 X120.362 Y106.956 E3.48057
G1 X120.799 Y107.7 E3.50978
G1 X121.156 Y108.46 E3.5382
G1 X121.156 Y109.354 E3.56846
G1 X120.799 Y109.234 E3.58121
G1 X120.362 Y109.34 E3.59643
G1 X119.488 Y109.705 E3.62849
G1 X119.052 Y109.998 E3.64627
G1 X118.615 Y110.45 E3.66755
G1 X118.178 Y111.194 E3.69676
G1 X117.741 Y112.125 E3.73157
G1 X117.305 Y112.272 E3.74714
G1 X116.868 Y112.166 E3.76236
G1 X115.994 Y111.801 E3.79442
G1 X115.557 Y111.508 E3.81223
G1 X115.121 Y111.056 E3.83349
G1 X114.684 Y110.311 E3.86273
G1 X114.247 Y109.381 E3.89751
G1 X113.81 Y109.234 E3.91312
G1 X113.374 Y109.34 E3.92831
G1 X112.5 Y109.705 E3.96037
G1 X112.063 Y109.998 E3.97818
G1 X111.626 Y110.45 E3.99946
G1 X111.19 Y111.194 E4.02865
G1 X110.753 Y112.125 E4.06346
G1 X110.316 Y112.272 E4.07907
G1 X109.879 Y112.166 E4.09429
G1 X109.006 Y111.801 E4.12632
G1 X108.569 Y111.508 E4.14413
G1 X108.132 Y111.056 E4.16541
G1 X107.695 Y110.311 E4.19465
G1 X107.259 Y109.381 E4.22942
G1 X106.822 Y109.234 E4.24503
G1 X106.385 Y109.34 E4.26025
G1 X105.512 Y109.705 E4.29228
G1 X105.075 Y109.998 E4.31009
G1 X104.638 Y110.45 E4.33137
G1 X104.201 Y111.194 E4.36058
G1 X103.844 Y111.954 E4.389
G1 X103.844 Y112.848 E4.41926
G1 X104.201 Y112.728 E4.43201
G1 X104.638 Y112.834 E4.44723
G1 X105.512 Y113.199 E4.47929
G1 X105.948 Y113.492 E4.49707
G1 X106.385 Y113.944 E4.51835
G1 X106.822 Y114.689 E4.54759
G1 X107.259 Y115.619 E4.58237
G1 X107.695 Y115.766 E4.59794
G1 X108.132 Y115.66 E4.61316
G1 X109.006 Y115.295 E4.64522
G1 X109.443 Y115.002 E4.66303
G1 X109.879 Y114.55 E4.68429
G1 X110.316 Y113.806 E4.7135
G1 X110.753 Y112.875 E4.74831
G1 X111.19 Y112.728 E4.76392
G1 X111.626 Y112.834 E4.77911
G1 X112.5 Y113.199 E4.81117
G1 X112.937 Y113.492 E4.82898
G1 X113.374 Y113.944 E4.85026
G1 X113.81 Y114.689 E4.87948
G1 X114.247 Y115.619 E4.91426
G1 X114.684 Y115.766 E4.92987
G1 X115.121 Y115.66 E4.94509
G1 X115.994 Y115.295 E4.97712
G1 X116.431 Y115.002 E4.99493
G1 X116.868 Y114.55 E5.01621
G1 X117.305 Y113.806 E5.04542
G1 X117.741 Y112.875 E5.08022
G1 X118.178 Y112.728 E5.09583
G1 X118.615 Y112.834 E5.11105
G1 X119.488 Y113.199 E5.14308
G1 X119.925 Y113.492 E5.16089
G1 X120.362 Y113.944 E5.18217
G1 X120.799 Y114.689 E5.21141
G1 X121.156 Y115.449 E5.23983
G1 X121.156 Y116.343 E5.27009
G1 X120.799 Y116.222 E5.28285
G1 X120.362 Y116.329 E5.29808
G1 X119.488 Y116.694 E5.33014
G1 X119.052 Y116.987 E5.34792
G1 X118.615 Y117.438 E5.36918
G1 X118.178 Y118.183 E5.39842
G1 X117.741 Y119.113 E5.4332
G1 X117.305 Y119.26 E5.44877
G1 X116.868 Y119.154 E5.46399
G1 X115.994 Y118.789 E5.49605
G1 X115.557 Y118.496 E5.51386
G1 X115.121 Y118.044 E5.53512
G1 X114.684 Y117.3 E5.56433
G1 X114.247 Y116.369 E5.59914
G1 X113.81 Y116.222 E5.61475
G1 X113.374 Y116.329 E5.62995
G1 X112.5 Y116.694 E5.66201
G1 X112.063 Y116.987 E5.67982
G1 X111.626 Y117.438 E5.70108
G1 X111.19 Y118.183 E5.7303
G1 X110.753 Y119.113 E5.76508
G1 X110.316 Y119.26 E5.78069
G1 X109.879 Y119.154 E5.79591
G1 X109.006 Y118.789 E5.82794
G1 X108.569 Y118.496 E5.84575
G1 X108.132 Y118.044 E5.86703
G1 X107.695 Y117.3 E5.89624
G1 X107.259 Y116.369 E5.93104
G1 X106.822 Y116.222 E5.94665
G1 X106.385 Y116.329 E5.96188
G1 X105.512 Y116.694 E5.99391
G1 X105.075 Y116.987 E6.01172
G1 X104.638 Y117.438 E6.03298
G1 X104.201 Y118.183 E6.06222
G1 X103.844 Y118.943 E6.09064
G1 X103.844 Y119.837 E6.1209
G1 X104.201 Y119.717 E6.13365
G1 X104.638 Y119.823 E6.14887
G1 X105.512 Y120.188 E6.18093
G1 X105.948 Y120.481 E6.19871
G1 X106.385 Y120.932 E6.21997
G1 X106.516 Y121.156 E6.22875
G1 X110.104 Y121.156 E6.3502
G1 X110.753 Y119.864 E6.39914
G1 X111.19 Y119.717 E6.41475
G1 X111.626 Y119.823 E6.42994
G1 X112.5 Y120.188 E6.462
G1 X112.937 Y120.481 E6.47981
G1 X113.374 Y120.932 E6.50107
G1 X113.504 Y121.156 E6.50984
G1 X117.092 Y121.156 E6.63129
G1 X117.741 Y119.864 E6.68023
G1 X118.178 Y119.717 E6.69584
G1 X118.615 Y119.823 E6.71106
G1 X119.488 Y120.188 E6.74309
G1 X119.925 Y120.481 E6.7609
G1 X120.362 Y120.932 E6.78216
G1 X120.493 Y121.156 E6.79094
G1 X121.156 Y121.156 E6.81338
G1 X121.156 Y119.376 E6.87363
;LAYER_CHANGE
;Z:4.6
;HEIGHT:0.2
G1 Z4.6 F7800
G1 E4.87363 F2400
G1 Z4.6 F7800
G1 X103.539 Y103.539
G1 E6.87363 F2400
;TYPE:Perimeter
;WIDTH:0.449999
G1 F3600
G1 X121.461 Y103.539 E7.48027
G1 X121.461 Y112.5 E7.78359
G1 X121.461 Y121.461 E8.08691
G1 X103.539 Y121.461 E8.69355
G1 X103.539 Y103.599 E9.29816
G1 X103.539 Y103.599 F7800
G1 X103.132 Y103.132
G1 F3600
G1 X121.868 Y103.132 E9.93235
G1 X121.868 Y112.5 E10.24945
G1 X121.868 Y121.868 E10.56655
G1 X103.132 Y121.868 E11.20074
G1 X103.132 Y103.192 E11.8329
G1 X102.725 Y102.725 F7800
;TYPE:External perimeter
G1 F1800
G1 X122.275 Y102.725 E12.49464
G1 X122.275 Y112.5 E12.82551
G1 X122.275 Y122.275 E13.15638
G1 X102.725 Y122.275 E13.81812
G1 X102.725 Y102.785 E14.47783
G1 X103.121 Y102.726 F7800
G1 E12.47783 F2400
G92 E0
G1 X120.713 Y103.844 F7800
G1 E2 F2400
;TYPE:Internal infill
;WIDTH:0.45
G1 F4800
G1 X118.271 Y103.844 E2.08266
G1 X117.741 Y104.552 E2.1126
G1 X117.305 Y104.884 E2.13115
G1 X116.868 Y104.943 E2.14608
G1 X115.994 Y104.736 E2.17648
G1 X115.557 Y104.505 E2.19321
G1 X115.121 Y104.144 E2.21237
G1 X114.896 Y103.844 E2.22506
G1 X111.282 Y103.844 E2.34739
G1 X110.753 Y104.552 E2.37731
G1 X110.316 Y104.884 E2.39589
G1 X109.879 Y104.943 E2.41082
G1 X109.006 Y104.736 E2.44119
G1 X108.569 Y104.505 E2.45792
G1 X108.132 Y104.144 E2.47711
G1 X107.908 Y103.844 E2.48978
G1 X104.294 Y103.844 E2.61211
G1 X103.844 Y104.445 E2.63752
G1 X103.844 Y106.41 E2.70403
G1 X104.201 Y106.139 E2.7192
G1 X104.638 Y106.08 E2.73413
G1 X105.512 Y106.288 E2.76454
G1 X105.948 Y106.518 E2.78123
G1 X106.385 Y106.879 E2.80042
G1 X107.259 Y108.046 E2.84977
G1 X107.695 Y108.378 E2.86832
G1 X108.132 Y108.438 E2.88325
G1 X109.006 Y108.23 E2.91366
G1 X109.443 Y107.999 E2.93039
G1 X109.879 Y107.639 E2.94953
G1 X110.753 Y106.471 E2.99891
G1 X111.19 Y106.139 E3.01749
G1 X111.626 Y106.08 E3.03238
G1 X112.5 Y106.288 E3.06279
G1 X112.937 Y106.518 E3.07951
G1 X113.374 Y106.879 E3.0987
G1 X114.247 Y108.046 E3.14803
G1 X114.684 Y108.378 E3.16661
G1 X115.121 Y108.438 E3.18154
G1 X115.994 Y108.23 E3.21192
G1 X116.431 Y107.999 E3.22865
G1 X116.868 Y107.639 E3.24781
G1 X117.741 Y106.471 E3.29717
G1 X118.178 Y106.139 E3.31575
G1 X118.615 Y106.08 E3.33068
G1 X119.488 Y106.288 E3.36106
G1 X119.925 Y106.518 E3.37778
G1 X120.362 Y106.879 E3.39697
G1 X121.156 Y107.939 E3.4418
G1 X121.156 Y109.905 E3.50835
G1 X120.799 Y109.633 E3.52354
G1 X120.362 Y109.574 E3.53847
G1 X119.488 Y109.782 E3.56888
G1 X119.052 Y110.012 E3.58557
G1 X118.615 Y110.373 E3.60476
G1 X117.741 Y111.54 E3.65411
G1 X117.305 Y111.872 E3.67266
G1 X116.868 Y111.932 E3.68759
G1 X115.994 Y111.724 E3.718
G1 X115.557 Y111.494 E3.73472
G1 X115.121 Y111.133 E3.75388
G1 X114.247 Y109.965 E3.80326
G1 X113.81 Y109.633 E3.82184
G1 X113.374 Y109.574 E3.83673
G1 X112.5 Y109.782 E3.86714
G1 X112.063 Y110.012 E3.88386
G1 X111.626 Y110.373 E3.90305
G1 X110.753 Y111.54 E3.95238
G1 X110.316 Y111.872 E3.97096
G1 X109.879 Y111.932 E3.98589
G1 X109.006 Y111.724 E4.01627
G1 X108.569 Y111.494 E4.03299
G1 X108.132 Y111.133 E4.05218
G1 X107.259 Y109.965 E4.10154
G1 X106.822 Y109.633 E4.12012
G1 X106.385 Y109.574 E4.13505
G1 X105.512 Y109.782 E4.16543
G1 X105.075 Y110.012 E4.18215
G1 X104.638 Y110.373 E4.20134
G1 X103.844 Y111.433 E4.24617
G1 X103.844 Y113.399 E4.31272
G1 X104.201 Y113.128 E4.32789
G1 X104.638 Y113.068 E4.34282
G1 X105.512 Y113.276 E4.37323
G1 X105.948 Y113.506 E4.38992
G1 X106.385 Y113.867 E4.40911
G1 X107.259 Y115.035 E4.45849
G1 X107.695 Y115.367 E4.47704
G1 X108.132 Y115.426 E4.49197
G1 X109.006 Y115.218 E4.52238
G1 X109.443 Y114.988 E4.5391
G1 X109.879 Y114.627 E4.55826
G1 X110.753 Y113.46 E4.60761
G1 X111.19 Y113.128 E4.62619
G1 X111.626 Y113.068 E4.64109
G1 X112.5 Y113.276 E4.6715
G1 X112.937 Y113.506 E4.68822
G1 X113.374 Y113.867 E4.70741
G1 X114.247 Y115.035 E4.75677
G1 X114.684 Y115.367 E4.77535
G1 X115.121 Y115.426 E4.79028
G1 X115.994 Y115.218 E4.82066
G1 X116.431 Y114.988 E4.83738
G1 X116.868 Y114.627 E4.85657
G1 X117.741 Y113.46 E4.9059
G1 X118.178 Y113.128 E4.92448
G1 X118.615 Y113.068 E4.93941
G1 X119.488 Y113.276 E4.96979
G1 X119.925 Y113.506 E4.98651
G1 X120.362 Y113.867 E5.0057
G1 X121.156 Y114.928 E5.05056
G1 X121.156 Y116.893 E5.11707
G1 X120.799 Y116.622 E5.13224
G1 X120.362 Y116.562 E5.14717
G1 X119.488 Y116.77 E5.17758
G1 X119.052 Y117.001 E5.19428
G1 X118.615 Y117.361 E5.21344
G1 X117.741 Y118.529 E5.26282
G1 X117.305 Y118.861 E5.28137
G1 X116.868 Y118.92 E5.2963
G1 X115.994 Y118.712 E5.32671
G1 X115.557 Y118.482 E5.34343
G1 X115.121 Y118.121 E5.36259
G1 X114.247 Y116.954 E5.41194
G1 X113.81 Y116.622 E5.43052
G1 X113.374 Y116.562 E5.44542
G1 X112.5 Y116.77 E5.47583
G1 X112.063 Y117.001 E5.49256
G1 X111.626 Y117.361 E5.51172
G1 X110.753 Y118.529 E5.56108
G1 X110.316 Y118.861 E5.57966
G1 X109.879 Y118.92 E5.59459
G1 X109.006 Y118.712 E5.62497
G1 X108.569 Y118.482 E5.64169
G1 X108.132 Y118.121 E5.66088
G1 X107.259 Y116.954 E5.71021
G1 X106.822 Y116.622 E5.72879
G1 X106.385 Y116.562 E5.74372
G1 X105.512 Y116.77 E5.7741
G1 X105.075 Y117.001 E5.79083
G1 X104.638 Y117.361 E5.80999
G1 X103.844 Y118.422 E5.85485
G1 X103.844 Y120.387 E5.92136
G1 X104.201 Y120.116 E5.93653
G1 X104.638 Y120.057 E5.95146
G1 X105.512 Y120.264 E5.98186
G1 X105.948 Y120.495 E5.99856
G1 X106.385 Y120.856 E6.01775
G1 X106.641 Y121.156 E6.0311
G1 X110.223 Y121.156 E6.15235
G1 X110.753 Y120.448 E6.18229
G1 X111.19 Y120.116 E6.20087
G1 X111.626 Y120.057 E6.21576
G1 X112.5 Y120.264 E6.24616
G1 X112.937 Y120.495 E6.26289
G1 X113.374 Y120.856 E6.28208
G1 X113.629 Y121.156 E6.29541
G1 X117.212 Y121.156 E6.41669
G1 X117.741 Y120.448 E6.44661
G1 X118.178 Y120.116 E6.46519
G1 X118.615 Y120.057 E6.48012
G1 X119.488 Y120.264 E6.51049
G1 X119.925 Y120.495 E6.52722
G1 X120.362 Y120.856 E6.54641
G1 X120.618 Y121.156 E6.55976
G1 X121.156 Y121.156 E6.57797
G1 X121.156 Y119.251 E6.64245
;LAYER_CHANGE
;Z:4.8
;HEIGHT:0.2
G1 Z4.8 F7800
G1 E4.64245 F2400
G1 Z4.8 F7800
G1 X103.539 Y103.539
G1 E6.64245 F2400
;TYPE:Perimeter
;WIDTH:0.449999
G1 F3600
G1 X121.461 Y103.539 E7.24909
G1 X121.461 Y112.5 E7.55241
G1 X121.461 Y121.461 E7.85573
G1 X103.539 Y121.461 E8.46237
G1 X103.539 Y103.599 E9.06698
G1 X103.539 Y103.599 F7800
G1 X103.132 Y103.132
G1 F3600
G1 X121.868 Y103.132 E9.70117
G1 X121.868 Y112.5 E10.01827
G1 X121.868 Y121.868 E10.33537
G1 X103.132 Y121.868 E10.96956
G1 X103.132 Y103.192 E11.60172
G1 X102.725 Y102.725 F7800
;TYPE:External perimeter
G1 F1800
G1 X122.275 Y102.725 E12.26346
G1 X122.275 Y112.5 E12.59433
G1 X122.275 Y122.275 E12.9252
G1 X102.725 Y122.275 E13.58694
G1 X102.725 Y102.785 E14.24665
G1 X103.121 Y102.726 F7800
G1 E12.24665 F2400
G92 E0
G1 X120.555 Y103.844 F7800
G1 E2 F2400
;TYPE:Internal infill
;WIDTH:0.45
G1 F4800
G1 X118.112 Y103.844 E2.08269
G1 X117.305 Y104.609 E2.12033
G1 X116.868 Y104.756 E2.13594
G1 X115.994 Y104.683 E2.16563
G1 X115.557 Y104.513 E2.1815
G1 X115.121 Y104.228 E2.19913
G1 X114.766 Y103.844 E2.21683
G1 X111.124 Y103.844 E2.34011
G1 X110.316 Y104.609 E2.37777
G1 X109.879 Y104.756 E2.39338
G1 X109.006 Y104.683 E2.42303
G1 X108.569 Y104.513 E2.4389
G1 X108.132 Y104.228 E2.45656
G1 X107.777 Y103.844 E2.47426
G1 X104.135 Y103.844 E2.59754
G1 X103.844 Y104.159 E2.61206
G1 X103.844 Y106.711 E2.69844
G1 X104.201 Y106.415 E2.71414
G1 X104.638 Y106.267 E2.72976
G1 X105.512 Y106.34 E2.75945
G1 X105.948 Y106.51 E2.77529
G1 X106.385 Y106.795 E2.79295
G1 X107.259 Y107.74 E2.83652
G1 X107.695 Y108.103 E2.85572
G1 X108.132 Y108.25 E2.87133
G1 X109.006 Y108.177 E2.90102
G1 X109.443 Y108.007 E2.91689
G1 X109.879 Y107.722 E2.93452
G1 X110.753 Y106.778 E2.97807
G1 X111.19 Y106.415 E2.9973
G1 X111.626 Y106.267 E3.01289
G1 X112.5 Y106.34 E3.04258
G1 X112.937 Y106.51 E3.05845
G1 X113.374 Y106.795 E3.07611
G1 X114.247 Y107.74 E3.11966
G1 X114.684 Y108.103 E3.13889
G1 X115.121 Y108.25 E3.1545
G1 X115.994 Y108.177 E3.18415
G1 X116.431 Y108.007 E3.20002
G1 X116.868 Y107.722 E3.21768
G1 X117.741 Y106.778 E3.2612
G1 X118.178 Y106.415 E3.28043
G1 X118.615 Y106.267 E3.29605
G1 X119.488 Y106.34 E3.3257
G1 X119.925 Y106.51 E3.34157
G1 X120.362 Y106.795 E3.35923
G1 X121.156 Y107.653 E3.3988
G1 X121.156 Y110.206 E3.48522
G1 X120.799 Y109.909 E3.50094
G1 X120.362 Y109.761 E3.51656
G1 X119.488 Y109.834 E3.54625
G1 X119.052 Y110.005 E3.5621
G1 X118.615 Y110.289 E3.57974
G1 X117.741 Y111.234 E3.62331
G1 X117.305 Y111.597 E3.64251
G1 X116.868 Y111.744 E3.65812
G1 X115.994 Y111.671 E3.68781
G1 X115.557 Y111.501 E3.70368
G1 X115.121 Y111.216 E3.72131
G1 X114.247 Y110.272 E3.76486
G1 X113.81 Y109.909 E3.78409
G1 X113.374 Y109.761 E3.79968
G1 X112.5 Y109.834 E3.82937
G1 X112.063 Y110.005 E3.84525
G1 X111.626 Y110.289 E3.86289
G1 X110.753 Y111.234 E3.90644
G1 X110.316 Y111.597 E3.92567
G1 X109.879 Y111.744 E3.94128
G1 X109.006 Y111.671 E3.97093
G1 X108.569 Y111.501 E3.9868
G1 X108.132 Y111.216 E4.00446
G1 X107.259 Y110.272 E4.04798
G1 X106.822 Y109.909 E4.06721
G1 X106.385 Y109.761 E4.08283
G1 X105.512 Y109.834 E4.11248
G1 X105.075 Y110.005 E4.12836
G1 X104.638 Y110.289 E4.146
G1 X103.844 Y111.147 E4.18557
G1 X103.844 Y113.7 E4.27199
G1 X104.201 Y113.403 E4.28771
G1 X104.638 Y113.256 E4.30332
G1 X105.512 Y113.329 E4.33301
G1 X105.948 Y113.499 E4.34885
G1 X106.385 Y113.784 E4.36651
G1 X107.259 Y114.728 E4.41006
G1 X107.695 Y115.091 E4.42926
G1 X108.132 Y115.239 E4.44488
G1 X109.006 Y115.166 E4.47457
G1 X109.443 Y114.995 E4.49045
G1 X109.879 Y114.711 E4.50806
G1 X110.753 Y113.766 E4.55163
G1 X111.19 Y113.403 E4.57086
G1 X111.626 Y113.256 E4.58643
G1 X112.5 Y113.329 E4.61612
G1 X112.937 Y113.499 E4.63199
G1 X113.374 Y113.784 E4.64965
G1 X114.247 Y114.728 E4.69317
G1 X114.684 Y115.091 E4.7124
G1 X115.121 Y115.239 E4.72802
G1 X115.994 Y115.166 E4.75767
G1 X116.431 Y114.995 E4.77355
G1 X116.868 Y114.711 E4.79119
G1 X117.741 Y113.766 E4.83474
G1 X118.178 Y113.403 E4.85397
G1 X118.615 Y113.256 E4.86958
G1 X119.488 Y113.329 E4.89923
G1 X119.925 Y113.499 E4.9151
G1 X120.362 Y113.784 E4.93276
G1 X121.156 Y114.642 E4.97233
G1 X121.156 Y117.194 E5.05871
G1 X120.799 Y116.897 E5.07443
G1 X120.362 Y116.75 E5.09004
G1 X119.488 Y116.823 E5.11973
G1 X119.052 Y116.993 E5.13557
G1 X118.615 Y117.278 E5.15323
G1 X117.741 Y118.222 E5.19678
G1 X117.305 Y118.585 E5.21598
G1 X116.868 Y118.733 E5.2316
G1 X115.994 Y118.66 E5.26129
G1 X115.557 Y118.49 E5.27716
G1 X115.121 Y118.205 E5.29479
G1 X114.247 Y117.26 E5.33836
G1 X113.81 Y116.897 E5.35759
G1 X113.374 Y116.75 E5.37316
G1 X112.5 Y116.823 E5.40285
G1 X112.063 Y116.993 E5.41872
G1 X111.626 Y117.278 E5.43638
G1 X110.753 Y118.222 E5.4799
G1 X110.316 Y118.585 E5.49913
G1 X109.879 Y118.733 E5.51475
G1 X109.006 Y118.66 E5.5444
G1 X108.569 Y118.49 E5.56027
G1 X108.132 Y118.205 E5.57793
G1 X107.259 Y117.26 E5.62148
G1 X106.822 Y116.897 E5.64071
G1 X106.385 Y116.75 E5.65632
G1 X105.512 Y116.823 E5.68597
G1 X105.075 Y116.993 E5.70184
G1 X104.638 Y117.278 E5.7195
G1 X103.844 Y118.136 E5.75907
G1 X103.844 Y120.688 E5.84545
G1 X104.201 Y120.391 E5.86117
G1 X104.638 Y120.244 E5.87678
G1 X105.512 Y120.317 E5.90647
G1 X105.948 Y120.487 E5.92231
G1 X106.385 Y120.772 E5.93997
G1 X106.74 Y121.156 E5.95767
G1 X110.382 Y121.156 E6.08095
G1 X111.19 Y120.391 E6.11861
G1 X111.626 Y120.244 E6.13418
G1 X112.5 Y120.317 E6.16387
G1 X112.937 Y120.487 E6.17974
G1 X113.374 Y120.772 E6.1974
G1 X113.728 Y121.156 E6.21508
G1 X117.37 Y121.156 E6.33836
G1 X118.178 Y120.391 E6.37602
G1 X118.615 Y120.244 E6.39163
G1 X119.488 Y120.317 E6.42128
G1 X119.925 Y120.487 E6.43715
G1 X120.362 Y120.772 E6.45481
G1 X120.717 Y121.156 E6.47251
G1 X121.156 Y121.156 E6.48737
G1 X121.156 Y119.152 E6.5552
;LAYER_CHANGE
;Z:5
;HEIGHT:0.2
G1 Z5 F7800
G1 E4.5552 F2400
G1 Z5 F7800
G1 X103.539 Y103.539
G1 E6.5552 F2400
;TYPE:Perimeter
;WIDTH:0.449999
G1 F3600
G1 X121.461 Y103.539 E7.16184
G1 X121.461 Y112.5 E7.46516
G1 X121.461 Y121.461 E7.76848
G1 X103.539 Y121.461 E8.37512
G1 X103.539 Y103.599 E8.97973
G1 X103.539 Y103.599 F7800
G1 X103.132 Y103.132
G1 F3600
G1 X121.868 Y103.132 E9.61392
G1 X121.868 Y112.5 E9.93102
G1 X121.868 Y121.868 E10.24812
G1 X103.132 Y121.868 E10.88231
G1 X103.132 Y103.192 E11.51447
G1 X102.725 Y102.725 F7800
;TYPE:External perimeter
G1 F1800
G1 X122.275 Y102.725 E12.17621
G1 X122.275 Y112.5 E12.50708
G1 X122.275 Y122.275 E12.83795
G1 X102.725 Y122.275 E13.49969
G1 X102.725 Y102.785 E14.1594
G1 X103.121 Y102.726 F7800
G1 E12.1594 F2400
G92 E0
G1 X120.346 Y103.844 F7800
G1 E2 F2400
;TYPE:Internal infill
;WIDTH:0.45
G1 F4800
G1 X117.903 Y103.844 E2.08269
G1 X117.305 Y104.392 E2.11015
G1 X116.868 Y104.602 E2.12656
G1 X116.431 Y104.675 E2.14156
G1 X115.994 Y104.651 E2.15637
G1 X115.557 Y104.539 E2.17164
G1 X115.121 Y104.321 E2.18814
G1 X114.564 Y103.844 E2.21296
G1 X110.915 Y103.844 E2.33647
G1 X110.316 Y104.392 E2.36395
G1 X109.879 Y104.602 E2.38036
G1 X109.443 Y104.675 E2.39532
G1 X109.006 Y104.651 E2.41013
G1 X108.569 Y104.539 E2.4254
G1 X108.132 Y104.321 E2.44193
G1 X107.576 Y103.844 E2.46673
G1 X103.844 Y103.844 E2.59305
G1 X103.844 Y106.942 E2.69791
G1 X104.201 Y106.631 E2.71394
G1 X104.638 Y106.421 E2.73035
G1 X105.075 Y106.348 E2.74535
G1 X105.512 Y106.372 E2.76016
G1 X105.948 Y106.484 E2.7754
G1 X106.385 Y106.702 E2.79193
G1 X107.695 Y107.886 E2.8517
G1 X108.132 Y108.097 E2.86813
G1 X108.569 Y108.17 E2.88313
G1 X109.006 Y108.145 E2.89795
G1 X109.443 Y108.033 E2.91322
G1 X109.879 Y107.815 E2.92972
G1 X111.19 Y106.631 E2.98951
G1 X111.626 Y106.421 E3.00589
G1 X112.063 Y106.348 E3.02089
G1 X112.5 Y106.372 E3.0357
G1 X112.937 Y106.484 E3.05097
G1 X113.374 Y106.702 E3.0675
G1 X114.684 Y107.886 E3.12727
G1 X115.121 Y108.097 E3.1437
G1 X115.557 Y108.17 E3.15866
G1 X115.994 Y108.145 E3.17348
G1 X116.431 Y108.033 E3.18875
G1 X116.868 Y107.815 E3.20528
G1 X118.178 Y106.631 E3.26505
G1 X118.615 Y106.421 E3.28146
G1 X119.052 Y106.348 E3.29646
G1 X119.488 Y106.372 E3.31124
G1 X119.925 Y106.484 E3.32651
G1 X120.362 Y106.702 E3.34304
G1 X121.156 Y107.423 E3.37934
G1 X121.156 Y110.436 E3.48133
G1 X120.799 Y110.125 E3.49736
G1 X120.362 Y109.915 E3.51377
G1 X119.925 Y109.842 E3.52877
G1 X119.488 Y109.866 E3.54358
G1 X119.052 Y109.978 E3.55882
G1 X118.615 Y110.197 E3.57537
G1 X117.305 Y111.38 E3.63512
G1 X116.868 Y111.591 E3.65155
G1 X116.431 Y111.664 E3.66655
G1 X115.994 Y111.64 E3.68136
G1 X115.557 Y111.527 E3.69664
G1 X115.121 Y111.309 E3.71314
G1 X113.81 Y110.125 E3.77293
G1 X113.374 Y109.915 E3.78931
G1 X112.937 Y109.842 E3.80431
G1 X112.5 Y109.866 E3.81912
G1 X112.063 Y109.978 E3.83439
G1 X111.626 Y110.197 E3.85094
G1 X110.316 Y111.38 E3.91069
G1 X109.879 Y111.591 E3.92712
G1 X109.443 Y111.664 E3.94208
G1 X109.006 Y111.64 E3.95689
G1 X108.569 Y111.527 E3.97217
G1 X108.132 Y111.309 E3.9887
G1 X106.822 Y110.125 E4.04847
G1 X106.385 Y109.915 E4.06488
G1 X105.948 Y109.842 E4.07988
G1 X105.512 Y109.866 E4.09466
G1 X105.075 Y109.978 E4.10993
G1 X104.638 Y110.197 E4.12648
G1 X103.844 Y110.918 E4.16278
G1 X103.844 Y113.93 E4.26473
G1 X104.201 Y113.62 E4.28073
G1 X104.638 Y113.409 E4.29716
G1 X105.075 Y113.336 E4.31216
G1 X105.512 Y113.36 E4.32697
G1 X105.948 Y113.473 E4.34222
G1 X106.385 Y113.691 E4.35875
G1 X107.695 Y114.875 E4.41852
G1 X108.132 Y115.085 E4.43493
G1 X108.569 Y115.158 E4.44993
G1 X109.006 Y115.134 E4.46474
G1 X109.443 Y115.022 E4.48001
G1 X109.879 Y114.803 E4.49653
G1 X111.19 Y113.62 E4.5563
G1 X111.626 Y113.409 E4.5727
G1 X112.063 Y113.336 E4.5877
G1 X112.5 Y113.36 E4.60251
G1 X112.937 Y113.473 E4.61779
G1 X113.374 Y113.691 E4.63432
G1 X114.684 Y114.875 E4.69409
G1 X115.121 Y115.085 E4.7105
G1 X115.557 Y115.158 E4.72546
G1 X115.994 Y115.134 E4.74027
G1 X116.431 Y115.022 E4.75554
G1 X116.868 Y114.803 E4.77209
G1 X118.178 Y113.62 E4.83184
G1 X118.615 Y113.409 E4.84827
G1 X119.052 Y113.336 E4.86327
G1 X119.488 Y113.36 E4.87805
G1 X119.925 Y113.473 E4.89333
G1 X120.362 Y113.691 E4.90986
G1 X121.156 Y114.412 E4.94616
G1 X121.156 Y117.424 E5.04811
G1 X120.799 Y117.114 E5.06411
G1 X120.362 Y116.903 E5.08054
G1 X119.925 Y116.83 E5.09554
G1 X119.488 Y116.855 E5.11036
G1 X119.052 Y116.967 E5.1256
G1 X118.615 Y117.185 E5.14213
G1 X117.305 Y118.369 E5.2019
G1 X116.868 Y118.579 E5.21831
G1 X116.431 Y118.652 E5.23331
G1 X115.994 Y118.628 E5.24812
G1 X115.557 Y118.516 E5.26339
G1 X115.121 Y118.298 E5.27989
G1 X113.81 Y117.114 E5.33968
G1 X113.374 Y116.903 E5.35608
G1 X112.937 Y116.83 E5.37108
G1 X112.5 Y116.855 E5.3859
G1 X112.063 Y116.967 E5.40117
G1 X111.626 Y117.185 E5.4177
G1 X110.316 Y118.369 E5.47747
G1 X109.879 Y118.579 E5.49388
G1 X109.443 Y118.652 E5.50884
G1 X109.006 Y118.628 E5.52365
G1 X108.569 Y118.516 E5.53892
G1 X108.132 Y118.298 E5.55545
G1 X106.822 Y117.114 E5.61522
G1 X106.385 Y116.903 E5.63165
G1 X105.948 Y116.83 E5.64665
G1 X105.512 Y116.855 E5.66143
G1 X105.075 Y116.967 E5.6767
G1 X104.638 Y117.185 E5.69323
G1 X103.844 Y117.906 E5.72953
G1 X103.844 Y120.919 E5.83152
G1 X104.201 Y120.608 E5.84755
G1 X104.638 Y120.398 E5.86396
G1 X105.075 Y120.325 E5.87896
G1 X105.512 Y120.349 E5.89377
G1 X105.948 Y120.461 E5.90901
G1 X106.385 Y120.679 E5.92554
G1 X106.941 Y121.156 E5.95034
G1 X110.591 Y121.156 E6.07389
G1 X111.19 Y120.608 E6.10137
G1 X111.626 Y120.398 E6.11775
G1 X112.063 Y120.325 E6.13275
G1 X112.5 Y120.349 E6.14756
G1 X112.937 Y120.461 E6.16283
G1 X113.374 Y120.679 E6.17936
G1 X113.93 Y121.156 E6.20416
G1 X117.579 Y121.156 E6.32767
G1 X118.178 Y120.608 E6.35515
G1 X118.615 Y120.398 E6.37156
G1 X119.052 Y120.325 E6.38656
G1 X119.488 Y120.349 E6.40134
G1 X119.925 Y120.461 E6.41661
G1 X120.362 Y120.679 E6.43314
G1 X120.918 Y121.156 E6.45794
G1 X121.156 Y121.156 E6.466
G1 X121.156 Y118.95 E6.54067
;LAYER_CHANGE
;Z:5.2
;HEIGHT:0.2
G1 Z5.2 F7800
G1 E4.54067 F2400
G1 Z5.2 F7800
G1 X103.539 Y103.539
G1 E6.54067 F2400
;TYPE:Perimeter
;WIDTH:0.449999
G1 F3600
G1 X121.461 Y103.539 E7.14731
G1 X121.461 Y112.5 E7.45063
G1 X121.461 Y121.461 E7.75395
G1 X103.539 Y121.461 E8.36059
G1 X103.539 Y103.599 E8.9652
G1 X103.539 Y103.599 F7800
G1 X103.132 Y103.132
G1 F3600
G1 X121.868 Y103.132 E9.59939
G1 X121.868 Y112.5 E9.91649
G1 X121.868 Y121.868 E10.23359
G1 X103.132 Y121.868 E10.86778
G1 X103.132 Y103.192 E11.49994
G1 X102.725 Y102.725 F7800
;TYPE:External perimeter
G1 F1800
G1 X122.275 Y102.725 E12.16168
G1 X122.275 Y112.5 E12.49255
G1 X122.275 Y122.275 E12.82342
G1 X102.725 Y122.275 E13.48516
G1 X102.725 Y102.785 E14.14487
G1 X103.121 Y102.726 F7800
G1 E12.14487 F2400
G92 E0
G1 X120.142 Y103.844 F7800
G1 E2 F2400
;TYPE:Internal infill
;WIDTH:0.45
G1 F4800
G1 X117.699 Y103.844 E2.08269
G1 X117.305 Y104.207 E2.10082
G1 X116.868 Y104.473 E2.11814
G1 X116.431 Y104.606 E2.1336
G1 X115.994 Y104.638 E2.14843
G1 X115.557 Y104.583 E2.16334
G1 X115.121 Y104.426 E2.17903
G1 X114.684 Y104.136 E2.19678
G1 X114.376 Y103.844 E2.21115
G1 X110.711 Y103.844 E2.33521
G1 X110.316 Y104.207 E2.35337
G1 X109.879 Y104.473 E2.37069
G1 X109.443 Y104.606 E2.38612
G1 X109.006 Y104.638 E2.40095
G1 X108.569 Y104.583 E2.41586
G1 X108.132 Y104.426 E2.43158
G1 X107.695 Y104.136 E2.44933
G1 X107.387 Y103.844 E2.4637
G1 X103.844 Y103.844 E2.58363
G1 X103.844 Y107.144 E2.69533
G1 X104.201 Y106.816 E2.71174
G1 X104.638 Y106.55 E2.72906
G1 X105.075 Y106.417 E2.74452
G1 X105.512 Y106.385 E2.75935
G1 X105.948 Y106.44 E2.77423
G1 X106.385 Y106.598 E2.78996
G1 X106.822 Y106.888 E2.80771
G1 X107.695 Y107.701 E2.84809
G1 X108.132 Y107.967 E2.86541
G1 X108.569 Y108.1 E2.88087
G1 X109.006 Y108.133 E2.8957
G1 X109.443 Y108.077 E2.91061
G1 X109.879 Y107.92 E2.9263
G1 X110.316 Y107.63 E2.94405
G1 X111.19 Y106.816 E2.98448
G1 X111.626 Y106.55 E3.00177
G1 X112.063 Y106.417 E3.01723
G1 X112.5 Y106.385 E3.03206
G1 X112.937 Y106.44 E3.04697
G1 X113.374 Y106.598 E3.0627
G1 X113.81 Y106.888 E3.08042
G1 X114.684 Y107.701 E3.12082
G1 X115.121 Y107.967 E3.13814
G1 X115.557 Y108.1 E3.15357
G1 X115.994 Y108.133 E3.1684
G1 X116.431 Y108.077 E3.18331
G1 X116.868 Y107.92 E3.19903
G1 X117.305 Y107.63 E3.21678
G1 X118.178 Y106.816 E3.25718
G1 X118.615 Y106.55 E3.2745
G1 X119.052 Y106.417 E3.28996
G1 X119.488 Y106.385 E3.30476
G1 X119.925 Y106.44 E3.31967
G1 X120.362 Y106.598 E3.3354
G1 X120.799 Y106.888 E3.35315
G1 X121.156 Y107.225 E3.36977
G1 X121.156 Y110.638 E3.4853
G1 X120.799 Y110.31 E3.50171
G1 X120.362 Y110.044 E3.51903
G1 X119.925 Y109.911 E3.53449
G1 X119.488 Y109.879 E3.54932
G1 X119.052 Y109.935 E3.5642
G1 X118.615 Y110.092 E3.57992
G1 X118.178 Y110.382 E3.59767
G1 X117.305 Y111.195 E3.63805
G1 X116.868 Y111.462 E3.65538
G1 X116.431 Y111.594 E3.67083
G1 X115.994 Y111.627 E3.68566
G1 X115.557 Y111.571 E3.70057
G1 X115.121 Y111.414 E3.71626
G1 X114.684 Y111.124 E3.73401
G1 X113.81 Y110.31 E3.77444
G1 X113.374 Y110.044 E3.79173
G1 X112.937 Y109.911 E3.80719
G1 X112.5 Y109.879 E3.82202
G1 X112.063 Y109.935 E3.83693
G1 X111.626 Y110.092 E3.85265
G1 X111.19 Y110.382 E3.87037
G1 X110.316 Y111.195 E3.91077
G1 X109.879 Y111.462 E3.9281
G1 X109.443 Y111.594 E3.94352
G1 X109.006 Y111.627 E3.95835
G1 X108.569 Y111.571 E3.97326
G1 X108.132 Y111.414 E3.98898
G1 X107.695 Y111.124 E4.00673
G1 X106.822 Y110.31 E4.04713
G1 X106.385 Y110.044 E4.06445
G1 X105.948 Y109.911 E4.07991
G1 X105.512 Y109.879 E4.09471
G1 X105.075 Y109.935 E4.10962
G1 X104.638 Y110.092 E4.12534
G1 X104.201 Y110.382 E4.14309
G1 X103.844 Y110.719 E4.15971
G1 X103.844 Y114.132 E4.27524
G1 X104.201 Y113.805 E4.29163
G1 X104.638 Y113.538 E4.30896
G1 X105.075 Y113.406 E4.32441
G1 X105.512 Y113.373 E4.33924
G1 X105.948 Y113.429 E4.35412
G1 X106.385 Y113.586 E4.36984
G1 X106.822 Y113.876 E4.38759
G1 X107.695 Y114.69 E4.42799
G1 X108.132 Y114.956 E4.44531
G1 X108.569 Y115.089 E4.46077
G1 X109.006 Y115.121 E4.4756
G1 X109.443 Y115.065 E4.49051
G1 X109.879 Y114.908 E4.5062
G1 X110.316 Y114.618 E4.52395
G1 X111.19 Y113.805 E4.56435
G1 X111.626 Y113.538 E4.58166
G1 X112.063 Y113.406 E4.59711
G1 X112.5 Y113.373 E4.61194
G1 X112.937 Y113.429 E4.62685
G1 X113.374 Y113.586 E4.64257
G1 X113.81 Y113.876 E4.66029
G1 X114.684 Y114.69 E4.70072
G1 X115.121 Y114.956 E4.71804
G1 X115.557 Y115.089 E4.73347
G1 X115.994 Y115.121 E4.7483
G1 X116.431 Y115.065 E4.76321
G1 X116.868 Y114.908 E4.77893
G1 X117.305 Y114.618 E4.79668
G1 X118.178 Y113.805 E4.83706
G1 X118.615 Y113.538 E4.85439
G1 X119.052 Y113.406 E4.86984
G1 X119.488 Y113.373 E4.88464
G1 X119.925 Y113.429 E4.89955
G1 X120.362 Y113.586 E4.91527
G1 X120.799 Y113.876 E4.93302
G1 X121.156 Y114.213 E4.94964
G1 X121.156 Y117.627 E5.0652
G1 X120.799 Y117.299 E5.08161
G1 X120.362 Y117.033 E5.09893
G1 X119.925 Y116.9 E5.11439
G1 X119.488 Y116.867 E5.12922
G1 X119.052 Y116.923 E5.1441
G1 X118.615 Y117.08 E5.15982
G1 X118.178 Y117.37 E5.17757
G1 X117.305 Y118.184 E5.21797
G1 X116.868 Y118.45 E5.23529
G1 X116.431 Y118.583 E5.25075
G1 X115.994 Y118.615 E5.26558
G1 X115.557 Y118.56 E5.28049
G1 X115.121 Y118.402 E5.29619
G1 X114.684 Y118.112 E5.31394
G1 X113.81 Y117.299 E5.35434
G1 X113.374 Y117.033 E5.37163
G1 X112.937 Y116.9 E5.38709
G1 X112.5 Y116.867 E5.40192
G1 X112.063 Y116.923 E5.41683
G1 X111.626 Y117.08 E5.43255
G1 X111.19 Y117.37 E5.45027
G1 X110.316 Y118.184 E5.4907
G1 X109.879 Y118.45 E5.50802
G1 X109.443 Y118.583 E5.52345
G1 X109.006 Y118.615 E5.53828
G1 X108.569 Y118.56 E5.55319
G1 X108.132 Y118.402 E5.56892
G1 X107.695 Y118.112 E5.58667
G1 X106.822 Y117.299 E5.62705
G1 X106.385 Y117.033 E5.64437
G1 X105.948 Y116.9 E5.65983
G1 X105.512 Y116.867 E5.67463
G1 X105.075 Y116.923 E5.68954
G1 X104.638 Y117.08 E5.70526
G1 X104.201 Y117.37 E5.72301
G1 X103.844 Y117.707 E5.73963
G1 X103.844 Y121.121 E5.85519
G1 X104.201 Y120.793 E5.8716
G1 X104.638 Y120.527 E5.88892
G1 X105.075 Y120.394 E5.90438
G1 X105.512 Y120.362 E5.91921
G1 X105.948 Y120.417 E5.93409
G1 X106.385 Y120.574 E5.94981
G1 X106.822 Y120.864 E5.96756
G1 X107.13 Y121.156 E5.98193
G1 X110.795 Y121.156 E6.10599
G1 X111.19 Y120.793 E6.12415
G1 X111.626 Y120.527 E6.14144
G1 X112.063 Y120.394 E6.1569
G1 X112.5 Y120.362 E6.17173
G1 X112.937 Y120.417 E6.18664
G1 X113.374 Y120.574 E6.20236
G1 X113.81 Y120.864 E6.22008
G1 X114.119 Y121.156 E6.23447
G1 X117.783 Y121.156 E6.35849
G1 X118.178 Y120.793 E6.37665
G1 X118.615 Y120.527 E6.39397
G1 X119.052 Y120.394 E6.40943
G1 X119.488 Y120.362 E6.42423
G1 X119.925 Y120.417 E6.43914
G1 X120.362 Y120.574 E6.45486
G1 X121.156 Y121.156 E6.48818
G1 X121.156 Y118.762 E6.56921
;LAYER_CHANGE
;Z:5.4
;HEIGHT:0.2
G1 Z5.4 F7800
G1 E4.56921 F2400
G1 Z5.4 F7800
G1 X103.539 Y103.539
G1 E6.56921 F2400
;TYPE:Perimeter
;WIDTH:0.449999
G1 F3600
G1 X121.461 Y103.539 E7.17585
G1 X121.461 Y112.5 E7.47917
G1 X121.461 Y121.461 E7.78249
G1 X103.539 Y121.461 E8.38913
G1 X103.539 Y103.599 E8.99374
G1 X103.539 Y103.599 F7800
G1 X103.132 Y103.132
G1 F3600
G1 X121.868 Y103.132 E9.62793
G1 X121.868 Y112.5 E9.94503
G1 X121.868 Y121.868 E10.26213
G1 X103.132 Y121.868 E10.89632
G1 X103.132 Y103.192 E11.52848
G1 X102.725 Y102.725 F7800
;TYPE:External perimeter
G1 F1800
G1 X122.275 Y102.725 E12.19022
G1 X122.275 Y112.5 E12.52109
G1 X122.275 Y122.275 E12.85196
G1 X102.725 Y122.275 E13.5137
G1 X102.725 Y102.785 E14.17341
G1 X103.121 Y102.726 F7800
G1 X104.735 Y103.844
;TYPE:Internal infill
;WIDTH:0.45
G1 F4800
G1 X107.178 Y103.844 E14.2561
G1 X107.695 Y104.313 E14.27973
G1 X108.132 Y104.546 E14.29649
G1 X108.569 Y104.644 E14.31165
G1 X109.006 Y104.644 E14.32644
G1 X109.443 Y104.555 E14.34154
G1 X109.879 Y104.362 E14.35768
G1 X110.51 Y103.844 E14.38531
G1 X114.166 Y103.844 E14.50906
G1 X114.684 Y104.313 E14.53271
G1 X115.121 Y104.546 E14.54947
G1 X115.557 Y104.644 E14.5646
G1 X115.994 Y104.644 E14.57939
G1 X116.431 Y104.555 E14.59449
G1 X116.868 Y104.362 E14.61066
G1 X117.499 Y103.844 E14.63829
G1 X121.156 Y103.844 E14.76208
G1 X121.156 Y107.027 E14.86982
G1 X120.799 Y106.71 E14.88598
G1 X120.362 Y106.477 E14.90274
G1 X119.925 Y106.379 E14.9179
G1 X119.488 Y106.379 E14.93269
G1 X119.052 Y106.468 E14.94775
G1 X118.615 Y106.661 E14.96392
G1 X118.178 Y106.986 E14.98235
G1 X117.305 Y107.807 E15.02291
G1 X116.868 Y108.041 E15.03969
G1 X116.431 Y108.139 E15.05485
G1 X115.994 Y108.138 E15.06964
G1 X115.557 Y108.049 E15.08474
G1 X115.121 Y107.857 E15.10087
G1 X114.684 Y107.531 E15.11932
G1 X113.81 Y106.71 E15.15991
G1 X113.374 Y106.477 E15.17664
G1 X112.937 Y106.379 E15.1918
G1 X112.5 Y106.379 E15.20659
G1 X112.063 Y106.468 E15.22169
G1 X111.626 Y106.661 E15.23786
G1 X111.19 Y106.986 E15.25627
G1 X110.316 Y107.807 E15.29686
G1 X109.879 Y108.041 E15.31364
G1 X109.443 Y108.139 E15.32877
G1 X109.006 Y108.138 E15.34356
G1 X108.569 Y108.049 E15.35866
G1 X108.132 Y107.857 E15.37482
G1 X107.695 Y107.531 E15.39327
G1 X106.822 Y106.71 E15.43383
G1 X106.385 Y106.477 E15.45059
G1 X105.948 Y106.379 E15.46575
G1 X105.512 Y106.379 E15.48051
G1 X105.075 Y106.468 E15.49561
G1 X104.638 Y106.661 E15.51178
G1 X103.844 Y107.34 E15.54714
G1 X103.844 Y110.522 E15.65485
G1 X104.201 Y110.205 E15.67101
G1 X104.638 Y109.971 E15.68779
G1 X105.075 Y109.873 E15.70295
G1 X105.512 Y109.874 E15.71774
G1 X105.948 Y109.962 E15.7328
G1 X106.385 Y110.155 E15.74897
G1 X106.822 Y110.481 E15.76742
G1 X107.695 Y111.301 E15.80796
G1 X108.132 Y111.535 E15.82474
G1 X108.569 Y111.633 E15.8399
G1 X109.006 Y111.632 E15.85469
G1 X109.443 Y111.543 E15.86979
G1 X109.879 Y111.351 E15.88592
G1 X110.316 Y111.025 E15.90437
G1 X111.19 Y110.205 E15.94494
G1 X111.626 Y109.971 E15.96169
G1 X112.063 Y109.873 E15.97685
G1 X112.5 Y109.874 E15.99164
G1 X112.937 Y109.962 E16.00673
G1 X113.374 Y110.155 E16.0229
G1 X113.81 Y110.481 E16.04133
G1 X114.684 Y111.301 E16.0819
G1 X115.121 Y111.535 E16.09868
G1 X115.557 Y111.633 E16.11381
G1 X115.994 Y111.632 E16.1286
G1 X116.431 Y111.543 E16.1437
G1 X116.868 Y111.351 E16.15986
G1 X117.305 Y111.025 E16.17831
G1 X118.178 Y110.205 E16.21885
G1 X118.615 Y109.971 E16.23563
G1 X119.052 Y109.873 E16.25079
G1 X119.488 Y109.874 E16.26555
G1 X119.925 Y109.962 E16.28064
G1 X120.362 Y110.155 E16.29681
G1 X121.156 Y110.834 E16.33217
G1 X121.156 Y114.016 E16.43988
G1 X120.799 Y113.699 E16.45604
G1 X120.362 Y113.465 E16.47282
G1 X119.925 Y113.367 E16.48798
G1 X119.488 Y113.368 E16.50277
G1 X119.052 Y113.457 E16.51783
G1 X118.615 Y113.649 E16.53399
G1 X118.178 Y113.975 E16.55244
G1 X117.305 Y114.795 E16.59298
G1 X116.868 Y115.029 E16.60976
G1 X116.431 Y115.127 E16.62492
G1 X115.994 Y115.126 E16.63971
G1 X115.557 Y115.038 E16.6548
G1 X115.121 Y114.845 E16.67094
G1 X114.684 Y114.519 E16.68939
G1 X113.81 Y113.699 E16.72996
G1 X113.374 Y113.465 E16.74671
G1 X112.937 Y113.367 E16.76187
G1 X112.5 Y113.368 E16.77666
G1 X112.063 Y113.457 E16.79176
G1 X111.626 Y113.649 E16.80792
G1 X111.19 Y113.975 E16.82635
G1 X110.316 Y114.795 E16.86692
G1 X109.879 Y115.029 E16.8837
G1 X109.443 Y115.127 E16.89883
G1 X109.006 Y115.126 E16.91362
G1 X108.569 Y115.038 E16.92871
G1 X108.132 Y114.845 E16.94488
G1 X107.695 Y114.519 E16.96333
G1 X106.822 Y113.699 E17.00387
G1 X106.385 Y113.465 E17.02065
G1 X105.948 Y113.367 E17.03581
G1 X105.512 Y113.368 E17.05057
G1 X105.075 Y113.457 E17.06567
G1 X104.638 Y113.649 E17.08183
G1 X103.844 Y114.328 E17.11719
G1 X103.844 Y117.51 E17.2249
G1 X104.201 Y117.193 E17.24106
G1 X104.638 Y116.959 E17.25784
G1 X105.075 Y116.861 E17.273
G1 X105.512 Y116.862 E17.28779
G1 X105.948 Y116.951 E17.30285
G1 X106.385 Y117.143 E17.31901
G1 X106.822 Y117.469 E17.33746
G1 X107.695 Y118.29 E17.37802
G1 X108.132 Y118.523 E17.39478
G1 X108.569 Y118.621 E17.40994
G1 X109.006 Y118.621 E17.42473
G1 X109.443 Y118.532 E17.43983
G1 X109.879 Y118.339 E17.45597
G1 X110.316 Y118.014 E17.4744
G1 X111.19 Y117.193 E17.51499
G1 X111.626 Y116.959 E17.53174
G1 X112.063 Y116.861 E17.5469
G1 X112.5 Y116.862 E17.56169
G1 X112.937 Y116.951 E17.57679
G1 X113.374 Y117.143 E17.59295
G1 X113.81 Y117.469 E17.61138
G1 X114.684 Y118.29 E17.65197
G1 X115.121 Y118.523 E17.66873
G1 X115.557 Y118.621 E17.68386
G1 X115.994 Y118.621 E17.69865
G1 X116.431 Y118.532 E17.71375
G1 X116.868 Y118.339 E17.72992
G1 X117.305 Y118.014 E17.74835
G1 X118.178 Y117.193 E17.78891
G1 X118.615 Y116.959 E17.80569
G1 X119.052 Y116.861 E17.82085
G1 X119.488 Y116.862 E17.83561
G1 X119.925 Y116.951 E17.85071
G1 X120.362 Y117.143 E17.86687
G1 X121.156 Y117.822 E17.90223
G1 X121.156 Y121.004 E18.00994
G1 X120.799 Y120.687 E18.0261
G1 X120.362 Y120.454 E18.04286
G1 X119.925 Y120.356 E18.05802
G1 X119.488 Y120.356 E18.07281
G1 X119.052 Y120.445 E18.08787
G1 X118.615 Y120.638 E18.10404
G1 X117.984 Y121.156 E18.13167
G1 X114.328 Y121.156 E18.25542
G1 X113.81 Y120.687 E18.27907
G1 X113.374 Y120.454 E18.2958
G1 X112.937 Y120.356 E18.31096
G1 X112.5 Y120.356 E18.32575
G1 X112.063 Y120.445 E18.34085
G1 X111.626 Y120.638 E18.35702
G1 X110.996 Y121.156 E18.38463
G1 X107.34 Y121.156 E18.50838
G1 X106.822 Y120.687 E18.53203
G1 X106.385 Y120.454 E18.54879
G1 X105.948 Y120.356 E18.56395
G1 X105.512 Y120.356 E18.57871
G1 X105.075 Y120.445 E18.59381
G1 X104.638 Y120.638 E18.60998
G1 X104.007 Y121.156 E18.63761
G1 X103.844 Y121.156 E18.64313
G1 X103.844 Y118.876 E18.72031
;LAYER_CHANGE
;Z:5.6
;HEIGHT:0.2
G1 Z5.6 F7800
G1 E16.72031 F2400
G1 Z5.6 F7800
G1 X103.539 Y103.539
G1 E18.72031 F2400
;TYPE:Perimeter
;WIDTH:0.449999
G1 F3600
G1 X121.461 Y103.539 E19.32695
G1 X121.461 Y112.5 E19.63027
G1 X121.461 Y121.461 E19.93359
G1 X103.539 Y121.461 E20.54023
G1 X103.539 Y103.599 E21.14484
G1 X103.539 Y103.599 F7800
G1 X103.132 Y103.132
G1 F3600
G1 X121.868 Y103.132 E21.77903
G1 X121.868 Y112.5 E22.09613
G1 X121.868 Y121.868 E22.41323
G1 X103.132 Y121.868 E23.04742
G1 X103.132 Y103.192 E23.67958
G1 X102.725 Y102.725 F7800
;TYPE:External perimeter
G1 F1800
G1 X122.275 Y102.725 E24.34132
G1 X122.275 Y112.5 E24.67219
G1 X122.275 Y122.275 E25.00306
G1 X102.725 Y122.275 E25.6648
G1 X102.725 Y102.785 E26.32451
G1 X103.121 Y102.726 F7800
G1 X104.519 Y103.844
;TYPE:Internal infill
;WIDTH:0.45
G1 F4800
G1 X106.962 Y103.844 E26.4072
G1 X107.695 Y104.514 E26.44081
G1 X108.132 Y104.689 E26.45674
G1 X108.569 Y104.725 E26.47158
G1 X109.006 Y104.667 E26.4865
G1 X109.443 Y104.521 E26.5021
G1 X109.879 Y104.265 E26.51921
G1 X110.297 Y103.844 E26.53929
G1 X113.95 Y103.844 E26.66294
G1 X114.684 Y104.514 E26.69658
G1 X115.121 Y104.689 E26.71251
G1 X115.557 Y104.725 E26.72732
G1 X115.994 Y104.667 E26.74224
G1 X116.431 Y104.521 E26.75784
G1 X116.868 Y104.265 E26.77498
G1 X117.285 Y103.844 E26.79504
G1 X121.156 Y103.844 E26.92607
G1 X121.156 Y106.812 E27.02653
G1 X120.799 Y106.509 E27.04238
G1 X120.362 Y106.334 E27.05831
G1 X119.925 Y106.298 E27.07315
G1 X119.488 Y106.356 E27.08807
G1 X119.052 Y106.502 E27.10363
G1 X118.615 Y106.758 E27.12077
G1 X117.305 Y108.008 E27.18206
G1 X116.868 Y108.183 E27.19799
G1 X116.431 Y108.22 E27.21283
G1 X115.994 Y108.162 E27.22775
G1 X115.557 Y108.016 E27.24335
G1 X115.121 Y107.759 E27.26048
G1 X113.81 Y106.509 E27.32179
G1 X113.374 Y106.334 E27.33769
G1 X112.937 Y106.298 E27.35253
G1 X112.5 Y106.356 E27.36745
G1 X112.063 Y106.502 E27.38305
G1 X111.626 Y106.758 E27.40019
G1 X110.316 Y108.008 E27.46148
G1 X109.879 Y108.183 E27.47741
G1 X109.443 Y108.22 E27.49222
G1 X109.006 Y108.162 E27.50714
G1 X108.569 Y108.016 E27.52274
G1 X108.132 Y107.759 E27.5399
G1 X106.822 Y106.509 E27.60119
G1 X106.385 Y106.334 E27.61712
G1 X105.948 Y106.298 E27.63196
G1 X105.512 Y106.356 E27.64685
G1 X105.075 Y106.502 E27.66245
G1 X104.638 Y106.758 E27.67959
G1 X103.844 Y107.557 E27.71772
G1 X103.844 Y110.306 E27.81077
G1 X104.201 Y110.003 E27.82662
G1 X104.638 Y109.828 E27.84255
G1 X105.075 Y109.792 E27.85739
G1 X105.512 Y109.85 E27.87231
G1 X105.948 Y109.996 E27.88787
G1 X106.385 Y110.252 E27.90501
G1 X107.695 Y111.502 E27.9663
G1 X108.132 Y111.677 E27.98223
G1 X108.569 Y111.714 E27.99707
G1 X109.006 Y111.656 E28.01199
G1 X109.443 Y111.51 E28.02759
G1 X109.879 Y111.253 E28.04472
G1 X111.19 Y110.003 E28.10603
G1 X111.626 Y109.828 E28.12193
G1 X112.063 Y109.792 E28.13677
G1 X112.5 Y109.85 E28.15169
G1 X112.937 Y109.996 E28.16729
G1 X113.374 Y110.252 E28.18443
G1 X114.684 Y111.502 E28.24572
G1 X115.121 Y111.677 E28.26165
G1 X115.557 Y111.714 E28.27646
G1 X115.994 Y111.656 E28.29138
G1 X116.431 Y111.51 E28.30698
G1 X116.868 Y111.253 E28.32414
G1 X118.178 Y110.003 E28.38543
G1 X118.615 Y109.828 E28.40136
G1 X119.052 Y109.792 E28.4162
G1 X119.488 Y109.85 E28.43109
G1 X119.925 Y109.996 E28.44669
G1 X120.362 Y110.252 E28.46383
G1 X121.156 Y111.051 E28.50196
G1 X121.156 Y113.8 E28.59501
G1 X120.799 Y113.498 E28.61084
G1 X120.362 Y113.323 E28.62677
G1 X119.925 Y113.286 E28.64161
G1 X119.488 Y113.344 E28.65653
G1 X119.052 Y113.49 E28.67209
G1 X118.615 Y113.747 E28.68925
G1 X117.305 Y114.997 E28.75054
G1 X116.868 Y115.172 E28.76647
G1 X116.431 Y115.208 E28.78131
G1 X115.994 Y115.15 E28.79623
G1 X115.557 Y115.004 E28.81183
G1 X115.121 Y114.748 E28.82894
G1 X113.81 Y113.498 E28.89025
G1 X113.374 Y113.323 E28.90615
G1 X112.937 Y113.286 E28.92099
G1 X112.5 Y113.344 E28.93591
G1 X112.063 Y113.49 E28.95151
G1 X111.626 Y113.747 E28.96867
G1 X110.316 Y114.997 E29.02996
G1 X109.879 Y115.172 E29.04589
G1 X109.443 Y115.208 E29.0607
G1 X109.006 Y115.15 E29.07562
G1 X108.569 Y115.004 E29.09122
G1 X108.132 Y114.748 E29.10836
G1 X106.822 Y113.498 E29.16965
G1 X106.385 Y113.323 E29.18558
G1 X105.948 Y113.286 E29.20042
G1 X105.512 Y113.344 E29.21531
G1 X105.075 Y113.49 E29.23091
G1 X104.638 Y113.747 E29.24807
G1 X103.844 Y114.546 E29.2862
G1 X103.844 Y117.295 E29.37925
G1 X104.201 Y116.992 E29.3951
G1 X104.638 Y116.817 E29.41103
G1 X105.075 Y116.78 E29.42587
G1 X105.512 Y116.838 E29.44079
G1 X105.948 Y116.984 E29.45635
G1 X106.385 Y117.241 E29.47351
G1 X107.695 Y118.491 E29.5348
G1 X108.132 Y118.666 E29.55073
G1 X108.569 Y118.702 E29.56557
G1 X109.006 Y118.644 E29.58049
G1 X109.443 Y118.498 E29.59609
G1 X109.879 Y118.242 E29.6132
G1 X111.19 Y116.992 E29.67451
G1 X111.626 Y116.817 E29.69041
G1 X112.063 Y116.78 E29.70525
G1 X112.5 Y116.838 E29.72017
G1 X112.937 Y116.984 E29.73577
G1 X113.374 Y117.241 E29.75293
G1 X114.684 Y118.491 E29.81422
G1 X115.121 Y118.666 E29.83015
G1 X115.557 Y118.702 E29.84496
G1 X115.994 Y118.644 E29.85988
G1 X116.431 Y118.498 E29.87548
G1 X116.868 Y118.242 E29.89262
G1 X118.178 Y116.992 E29.95391
G1 X118.615 Y116.817 E29.96984
G1 X119.052 Y116.78 E29.98468
G1 X119.488 Y116.838 E29.99957
G1 X119.925 Y116.984 E30.01517
G1 X120.362 Y117.241 E30.03233
G1 X121.156 Y118.04 E30.07046
G1 X121.156 Y120.789 E30.16351
G1 X120.799 Y120.486 E30.17936
G1 X120.362 Y120.311 E30.19529
G1 X119.925 Y120.275 E30.21013
G1 X119.488 Y120.333 E30.22505
G1 X119.052 Y120.479 E30.24061
G1 X118.615 Y120.735 E30.25775
G1 X118.197 Y121.156 E30.27783
G1 X114.544 Y121.156 E30.40148
G1 X113.81 Y120.486 E30.43512
G1 X113.374 Y120.311 E30.45102
G1 X112.937 Y120.275 E30.46586
G1 X112.5 Y120.333 E30.48078
G1 X112.063 Y120.479 E30.49638
G1 X111.626 Y120.735 E30.51352
G1 X111.209 Y121.156 E30.53358
G1 X107.556 Y121.156 E30.65723
G1 X106.822 Y120.486 E30.69087
G1 X106.385 Y120.311 E30.7068
G1 X105.948 Y120.275 E30.72164
G1 X105.512 Y120.333 E30.73653
G1 X105.075 Y120.479 E30.75213
G1 X104.638 Y120.735 E30.76927
G1 X104.22 Y121.156 E30.78935
G1 X103.844 Y121.156 E30.80208
G1 X103.844 Y119.089 E30.87205
;LAYER_CHANGE
;Z:5.8
;HEIGHT:0.2
G1 Z5.8 F7800
G1 E28.87205 F2400
G1 Z5.8 F7800
G1 X103.539 Y103.539
G1 E30.87205 F2400
;TYPE:Perimeter
;WIDTH:0.449999
G1 F3600
G1 X121.461 Y103.539 E31.47869
G1 X121.461 Y112.5 E31.78201
G1 X121.461 Y121.461 E32.08533
G1 X103.539 Y121.461 E32.69197
G1 X103.539 Y103.599 E33.29658
G1 X103.539 Y103.599 F7800
G1 X103.132 Y103.132
G1 F3600
G1 X121.868 Y103.132 E33.93077
G1 X121.868 Y112.5 E34.24787
G1 X121.868 Y121.868 E34.56497
G1 X103.132 Y121.868 E35.19916
G1 X103.132 Y103.192 E35.83132
G1 X102.725 Y102.725 F7800
;TYPE:External perimeter
G1 F1800
G1 X122.275 Y102.725 E36.49306
G1 X122.275 Y112.5 E36.82393
G1 X122.275 Y122.275 E37.1548
G1 X102.725 Y122.275 E37.81654
G1 X102.725 Y102.785 E38.47625
G1 X103.121 Y102.726 F7800
G1 X104.349 Y103.844
;TYPE:Internal infill
;WIDTH:0.45
G1 F4800
G1 X106.792 Y103.844 E38.55894
G1 X107.259 Y104.411 E38.5838
G1 X107.695 Y104.76 E38.6027
G1 X108.132 Y104.861 E38.61788
G1 X109.006 Y104.711 E38.6479
G1 X109.443 Y104.506 E38.66424
G1 X109.879 Y104.178 E38.68271
G1 X110.154 Y103.844 E38.69735
G1 X113.78 Y103.844 E38.82009
G1 X114.247 Y104.411 E38.84495
G1 X114.684 Y104.76 E38.86388
G1 X115.121 Y104.861 E38.87906
G1 X115.994 Y104.711 E38.90904
G1 X116.431 Y104.506 E38.92538
G1 X116.868 Y104.178 E38.94387
G1 X117.143 Y103.844 E38.95851
G1 X120.769 Y103.844 E39.08125
G1 X121.156 Y104.314 E39.10186
G1 X121.156 Y106.548 E39.17748
G1 X120.799 Y106.263 E39.19294
G1 X120.362 Y106.162 E39.20812
G1 X119.488 Y106.312 E39.23814
G1 X119.052 Y106.517 E39.25445
G1 X118.615 Y106.845 E39.27294
G1 X117.741 Y107.906 E39.31947
G1 X117.305 Y108.255 E39.33837
G1 X116.868 Y108.355 E39.35354
G1 X115.994 Y108.205 E39.38356
G1 X115.557 Y108 E39.3999
G1 X115.121 Y107.672 E39.41837
G1 X114.247 Y106.612 E39.46487
G1 X113.81 Y106.263 E39.4838
G1 X113.374 Y106.162 E39.49895
G1 X112.5 Y106.312 E39.52897
G1 X112.063 Y106.517 E39.54531
G1 X111.626 Y106.845 E39.5638
G1 X110.753 Y107.906 E39.61031
G1 X110.316 Y108.255 E39.62924
G1 X109.879 Y108.355 E39.64441
G1 X109.006 Y108.205 E39.67439
G1 X108.569 Y108 E39.69073
G1 X108.132 Y107.672 E39.70922
G1 X107.259 Y106.612 E39.7557
G1 X106.822 Y106.263 E39.77463
G1 X106.385 Y106.162 E39.78981
G1 X105.512 Y106.312 E39.81979
G1 X105.075 Y106.517 E39.83613
G1 X104.638 Y106.845 E39.85462
G1 X103.844 Y107.808 E39.89687
G1 X103.844 Y110.042 E39.97249
G1 X104.201 Y109.757 E39.98795
G1 X104.638 Y109.656 E40.00313
G1 X105.512 Y109.806 E40.03315
G1 X105.948 Y110.012 E40.04947
G1 X106.385 Y110.339 E40.06794
G1 X107.259 Y111.4 E40.11447
G1 X107.695 Y111.749 E40.13337
G1 X108.132 Y111.85 E40.14855
G1 X109.006 Y111.7 E40.17857
G1 X109.443 Y111.494 E40.19492
G1 X109.879 Y111.166 E40.21339
G1 X110.753 Y110.106 E40.25989
G1 X111.19 Y109.757 E40.27882
G1 X111.626 Y109.656 E40.29397
G1 X112.5 Y109.806 E40.32399
G1 X112.937 Y110.012 E40.34034
G1 X113.374 Y110.339 E40.35881
G1 X114.247 Y111.4 E40.40532
G1 X114.684 Y111.749 E40.42425
G1 X115.121 Y111.85 E40.43943
G1 X115.994 Y111.7 E40.46941
G1 X116.431 Y111.494 E40.48576
G1 X116.868 Y111.166 E40.50425
G1 X117.741 Y110.106 E40.55073
G1 X118.178 Y109.757 E40.56966
G1 X118.615 Y109.656 E40.58484
G1 X119.488 Y109.806 E40.61482
G1 X119.925 Y110.012 E40.63117
G1 X120.362 Y110.339 E40.64964
G1 X121.156 Y111.303 E40.69191
G1 X121.156 Y113.536 E40.76749
G1 X120.799 Y113.251 E40.78295
G1 X120.362 Y113.15 E40.79813
G1 X119.488 Y113.3 E40.82815
G1 X119.052 Y113.506 E40.84447
G1 X118.615 Y113.834 E40.86296
G1 X117.741 Y114.894 E40.90946
G1 X117.305 Y115.243 E40.92836
G1 X116.868 Y115.344 E40.94354
G1 X115.994 Y115.194 E40.97356
G1 X115.557 Y114.988 E40.98991
G1 X115.121 Y114.661 E41.00836
G1 X114.247 Y113.6 E41.05489
G1 X113.81 Y113.251 E41.07382
G1 X113.374 Y113.15 E41.08897
G1 X112.5 Y113.3 E41.11899
G1 X112.063 Y113.506 E41.13534
G1 X111.626 Y113.834 E41.15383
G1 X110.753 Y114.894 E41.20031
G1 X110.316 Y115.243 E41.21924
G1 X109.879 Y115.344 E41.23442
G1 X109.006 Y115.194 E41.2644
G1 X108.569 Y114.988 E41.28075
G1 X108.132 Y114.661 E41.29922
G1 X107.259 Y113.6 E41.34573
G1 X106.822 Y113.251 E41.36466
G1 X106.385 Y113.15 E41.37984
G1 X105.512 Y113.3 E41.40982
G1 X105.075 Y113.506 E41.42617
G1 X104.638 Y113.834 E41.44466
G1 X103.844 Y114.797 E41.48691
G1 X103.844 Y117.031 E41.56253
G1 X104.201 Y116.745 E41.57801
G1 X104.638 Y116.645 E41.59318
G1 X105.512 Y116.795 E41.6232
G1 X105.948 Y117 E41.63951
G1 X106.385 Y117.328 E41.658
G1 X107.259 Y118.388 E41.7045
G1 X107.695 Y118.737 E41.7234
G1 X108.132 Y118.838 E41.73858
G1 X109.006 Y118.688 E41.7686
G1 X109.443 Y118.483 E41.78494
G1 X109.879 Y118.155 E41.80341
G1 X110.753 Y117.094 E41.84994
G1 X111.19 Y116.745 E41.86887
G1 X111.626 Y116.645 E41.88401
G1 X112.5 Y116.795 E41.91403
G1 X112.937 Y117 E41.93037
G1 X113.374 Y117.328 E41.94886
G1 X114.247 Y118.388 E41.99534
G1 X114.684 Y118.737 E42.01427
G1 X115.121 Y118.838 E42.02945
G1 X115.994 Y118.688 E42.05943
G1 X116.431 Y118.483 E42.07577
G1 X116.868 Y118.155 E42.09426
G1 X117.741 Y117.094 E42.14077
G1 X118.178 Y116.745 E42.1597
G1 X118.615 Y116.645 E42.17487
G1 X119.488 Y116.795 E42.20485
G1 X119.925 Y117 E42.22119
G1 X120.362 Y117.328 E42.23968
G1 X121.156 Y118.291 E42.28193
G1 X121.156 Y120.525 E42.35755
G1 X120.799 Y120.24 E42.37301
G1 X120.362 Y120.139 E42.38819
G1 X119.488 Y120.289 E42.41821
G1 X119.052 Y120.494 E42.43452
G1 X118.615 Y120.822 E42.45301
G1 X118.34 Y121.156 E42.46765
G1 X114.714 Y121.156 E42.59039
G1 X114.247 Y120.589 E42.61525
G1 X113.81 Y120.24 E42.63418
G1 X113.374 Y120.139 E42.64933
G1 X112.5 Y120.289 E42.67935
G1 X112.063 Y120.494 E42.69569
G1 X111.626 Y120.822 E42.71418
G1 X111.351 Y121.156 E42.72882
G1 X107.726 Y121.156 E42.85152
G1 X107.259 Y120.589 E42.87638
G1 X106.822 Y120.24 E42.89531
G1 X106.385 Y120.139 E42.91049
G1 X105.512 Y120.289 E42.94047
G1 X105.075 Y120.494 E42.95681
G1 X104.638 Y120.822 E42.9753
G1 X104.363 Y121.156 E42.98994
G1 X103.844 Y121.156 E43.00751
G1 X103.844 Y119.231 E43.07267
;LAYER_CHANGE
;Z:6
;HEIGHT:0.2
G1 Z6 F7800
G1 E41.07267 F2400
G1 Z6 F7800
G1 X103.539 Y103.539
G1 E43.07267 F2400
;TYPE:Perimeter
;WIDTH:0.449999
G1 F3600
G1 X121.461 Y103.539 E43.67931
G1 X121.461 Y112.5 E43.98263
G1 X121.461 Y121.461 E44.28595
G1 X103.539 Y121.461 E44.89259
G1 X103.539 Y103.599 E45.4972
G1 X103.539 Y103.599 F7800
G1 X103.132 Y103.132
G1 F3600
G1 X121.868 Y103.132 E46.13139
G1 X121.868 Y112.5 E46.44849
G1 X121.868 Y121.868 E46.76559
G1 X103.132 Y121.868 E47.39978
G1 X103.132 Y103.192 E48.03194
G1 X102.725 Y102.725 F7800
;TYPE:External perimeter
G1 F1800
G1 X122.275 Y102.725 E48.69368
G1 X122.275 Y112.5 E49.02455
G1 X122.275 Y122.275 E49.35542
G1 X102.725 Y122.275 E50.01716
G1 X102.725 Y102.785 E50.67687
G1 X103.121 Y102.726 F7800
G1 X104.223 Y103.844
;TYPE:Internal infill
;WIDTH:0.45
G1 F4800
G1 X106.665 Y103.844 E50.75953
G1 X107.259 Y104.819 E50.79817
G1 X107.695 Y105.095 E50.81564
G1 X108.132 Y105.074 E50.83045
G1 X109.006 Y104.777 E50.8617
G1 X109.443 Y104.511 E50.87902
G1 X109.879 Y104.099 E50.89932
G1 X110.051 Y103.844 E50.90973
G1 X113.654 Y103.844 E51.03169
G1 X114.247 Y104.819 E51.07032
G1 X114.684 Y105.095 E51.08782
G1 X115.121 Y105.074 E51.10263
G1 X115.994 Y104.777 E51.13384
G1 X116.431 Y104.511 E51.15116
G1 X116.868 Y104.099 E51.17149
G1 X117.04 Y103.844 E51.1819
G1 X120.642 Y103.844 E51.30382
G1 X121.156 Y104.683 E51.33712
G1 X121.156 Y106.154 E51.38691
G1 X120.799 Y105.928 E51.40121
G1 X120.362 Y105.949 E51.41602
G1 X119.488 Y106.246 E51.44727
G1 X119.052 Y106.513 E51.46458
G1 X118.615 Y106.925 E51.48491
G1 X117.741 Y108.313 E51.54043
G1 X117.305 Y108.589 E51.5579
G1 X116.868 Y108.568 E51.57271
G1 X115.994 Y108.272 E51.60394
G1 X115.557 Y108.005 E51.62127
G1 X115.121 Y107.593 E51.64157
G1 X114.247 Y106.204 E51.69712
G1 X113.81 Y105.928 E51.71462
G1 X113.374 Y105.949 E51.7294
G1 X112.5 Y106.246 E51.76065
G1 X112.063 Y106.513 E51.77798
G1 X111.626 Y106.925 E51.79831
G1 X110.753 Y108.313 E51.85381
G1 X110.316 Y108.589 E51.87131
G1 X109.879 Y108.568 E51.88612
G1 X109.006 Y108.272 E51.91732
G1 X108.569 Y108.005 E51.93465
G1 X108.132 Y107.593 E51.95498
G1 X107.259 Y106.204 E52.01051
G1 X106.822 Y105.928 E52.02801
G1 X106.385 Y105.949 E52.04282
G1 X105.512 Y106.246 E52.07403
G1 X105.075 Y106.513 E52.09136
G1 X104.638 Y106.925 E52.11169
G1 X103.844 Y108.177 E52.16187
G1 X103.844 Y109.648 E52.21166
G1 X104.201 Y109.422 E52.22596
G1 X104.638 Y109.443 E52.24077
G1 X105.512 Y109.74 E52.27202
G1 X105.948 Y110.007 E52.28933
G1 X106.385 Y110.419 E52.30966
G1 X107.259 Y111.807 E52.36518
G1 X107.695 Y112.084 E52.38266
G1 X108.132 Y112.062 E52.39747
G1 X109.006 Y111.766 E52.4287
G1 X109.443 Y111.499 E52.44603
G1 X109.879 Y111.087 E52.46633
G1 X110.753 Y109.699 E52.52185
G1 X111.19 Y109.422 E52.53936
G1 X111.626 Y109.443 E52.55414
G1 X112.5 Y109.74 E52.58539
G1 X112.937 Y110.007 E52.60272
G1 X113.374 Y110.419 E52.62305
G1 X114.247 Y111.807 E52.67855
G1 X114.684 Y112.084 E52.69606
G1 X115.121 Y112.062 E52.71087
G1 X115.994 Y111.766 E52.74207
G1 X116.431 Y111.499 E52.7594
G1 X116.868 Y111.087 E52.77973
G1 X117.741 Y109.699 E52.83523
G1 X118.178 Y109.422 E52.85274
G1 X118.615 Y109.443 E52.86755
G1 X119.488 Y109.74 E52.89876
G1 X119.925 Y110.007 E52.91609
G1 X120.362 Y110.419 E52.93642
G1 X121.156 Y111.671 E52.9866
G1 X121.156 Y113.142 E53.03639
G1 X120.799 Y112.917 E53.05067
G1 X120.362 Y112.938 E53.06548
G1 X119.488 Y113.234 E53.09671
G1 X119.052 Y113.501 E53.11402
G1 X118.615 Y113.913 E53.13435
G1 X117.741 Y115.301 E53.18987
G1 X117.305 Y115.578 E53.20735
G1 X116.868 Y115.557 E53.22216
G1 X115.994 Y115.26 E53.25341
G1 X115.557 Y114.993 E53.27074
G1 X115.121 Y114.581 E53.29104
G1 X114.247 Y113.193 E53.34656
G1 X113.81 Y112.917 E53.36406
G1 X113.374 Y112.938 E53.37884
G1 X112.5 Y113.234 E53.41007
G1 X112.063 Y113.501 E53.4274
G1 X111.626 Y113.913 E53.44773
G1 X110.753 Y115.301 E53.50323
G1 X110.316 Y115.578 E53.52074
G1 X109.879 Y115.557 E53.53555
G1 X109.006 Y115.26 E53.56676
G1 X108.569 Y114.993 E53.58409
G1 X108.132 Y114.581 E53.60442
G1 X107.259 Y113.193 E53.65992
G1 X106.822 Y112.917 E53.67742
G1 X106.385 Y112.938 E53.69223
G1 X105.512 Y113.234 E53.72343
G1 X105.075 Y113.501 E53.74076
G1 X104.638 Y113.913 E53.76109
G1 X103.844 Y115.165 E53.81127
G1 X103.844 Y116.636 E53.86106
G1 X104.201 Y116.411 E53.87534
G1 X104.638 Y116.432 E53.89015
G1 X105.512 Y116.728 E53.92138
G1 X105.948 Y116.995 E53.93869
G1 X106.385 Y117.407 E53.95902
G1 X107.259 Y118.796 E54.01457
G1 X107.695 Y119.072 E54.03204
G1 X108.132 Y119.051 E54.04685
G1 X109.006 Y118.754 E54.0781
G1 X109.443 Y118.487 E54.09543
G1 X109.879 Y118.075 E54.11573
G1 X110.753 Y116.687 E54.17125
G1 X111.19 Y116.411 E54.18875
G1 X111.626 Y116.432 E54.20353
G1 X112.5 Y116.728 E54.23476
G1 X112.937 Y116.995 E54.25209
G1 X113.374 Y117.407 E54.27242
G1 X114.247 Y118.796 E54.32795
G1 X114.684 Y119.072 E54.34545
G1 X115.121 Y119.051 E54.36026
G1 X115.994 Y118.754 E54.39147
G1 X116.431 Y118.487 E54.4088
G1 X116.868 Y118.075 E54.42913
G1 X117.741 Y116.687 E54.48463
G1 X118.178 Y116.411 E54.50213
G1 X118.615 Y116.432 E54.51694
G1 X119.488 Y116.728 E54.54814
G1 X119.925 Y116.995 E54.56547
G1 X120.362 Y117.407 E54.5858
G1 X121.156 Y118.66 E54.63601
G1 X121.156 Y120.131 E54.6858
G1 X120.799 Y119.905 E54.7001
G1 X120.362 Y119.926 E54.71491
G1 X119.488 Y120.223 E54.74616
G1 X119.052 Y120.489 E54.76345
G1 X118.615 Y120.901 E54.78378
G1 X118.443 Y121.156 E54.79419
G1 X114.841 Y121.156 E54.91611
G1 X114.247 Y120.181 E54.95475
G1 X113.81 Y119.905 E54.97225
G1 X113.374 Y119.926 E54.98703
G1 X112.5 Y120.223 E55.01828
G1 X112.063 Y120.489 E55.0356
G1 X111.626 Y120.901 E55.05593
G1 X111.455 Y121.156 E55.06632
G1 X107.852 Y121.156 E55.18828
G1 X107.259 Y120.181 E55.22691
G1 X106.822 Y119.905 E55.24441
G1 X106.385 Y119.926 E55.25922
G1 X105.512 Y120.223 E55.29043
G1 X105.075 Y120.489 E55.30775
G1 X104.638 Y120.901 E55.32808
G1 X104.466 Y121.156 E55.33849
G1 X103.844 Y121.156 E55.35954
G1 X103.844 Y119.335 E55.42118
;LAYER_CHANGE
;Z:6.2
;HEIGHT:0.2
G1 Z6.2 F7800
G1 E53.42118 F2400
G1 Z6.2 F7800
G1 X103.539 Y103.539
G1 E55.42118 F2400
;TYPE:Perimeter
;WIDTH:0.449999
G1 F3600
G1 X121.461 Y103.539 E56.02782
G1 X121.461 Y112.5 E56.33114
G1 X121.461 Y121.461 E56.63446
G1 X103.539 Y121.461 E57.2411
G1 X103.539 Y103.599 E57.84571
G1 X103.539 Y103.599 F7800
G1 X103.132 Y103.132
G1 F3600
G1 X121.868 Y103.132 E58.4799
G1 X121.868 Y112.5 E58.797
G1 X121.868 Y121.868 E59.1141
G1 X103.132 Y121.868 E59.74829
G1 X103.132 Y103.192 E60.38045
G1 X102.725 Y102.725 F7800
;TYPE:External perimeter
G1 F1800
G1 X122.275 Y102.725 E61.04219
G1 X122.275 Y112.5 E61.37306
G1 X122.275 Y122.275 E61.70393
G1 X102.725 Y122.275 E62.36567
G1 X102.725 Y102.785 E63.02538
G1 X103.121 Y102.726 F7800
G1 X104.123 Y103.844
;TYPE:Internal infill
;WIDTH:0.45
G1 F4800
G1 X106.566 Y103.844 E63.10807
G1 X106.857 Y104.638 E63.13669
G1 X106.905 Y105.075 E63.15157
G1 X106.658 Y105.512 E63.16856
G1 X105.189 Y106.385 E63.2264
G1 X104.763 Y106.822 E63.24706
G1 X104.487 Y107.259 E63.26456
G1 X104.166 Y108.132 E63.29604
G1 X104.118 Y108.569 E63.31092
G1 X104.366 Y109.006 E63.32793
G1 X105.834 Y109.879 E63.38574
G1 X106.26 Y110.316 E63.4064
G1 X106.537 Y110.753 E63.42391
G1 X106.857 Y111.626 E63.45538
G1 X106.905 Y112.063 E63.47026
G1 X106.658 Y112.5 E63.48725
G1 X105.189 Y113.374 E63.54511
G1 X104.763 Y113.81 E63.56574
G1 X104.487 Y114.247 E63.58324
G1 X104.166 Y115.121 E63.61476
G1 X104.118 Y115.557 E63.62961
G1 X104.366 Y115.994 E63.64662
G1 X105.834 Y116.868 E63.70445
G1 X106.26 Y117.305 E63.72511
G1 X106.537 Y117.741 E63.74259
G1 X106.857 Y118.615 E63.77409
G1 X106.905 Y119.052 E63.78897
G1 X106.658 Y119.488 E63.80593
G1 X105.189 Y120.362 E63.86379
G1 X104.763 Y120.799 E63.88445
G1 X104.537 Y121.156 E63.89875
G1 X107.952 Y121.156 E64.01434
G1 X107.66 Y120.362 E64.04298
G1 X107.612 Y119.925 E64.05786
G1 X107.86 Y119.488 E64.07487
G1 X109.329 Y118.615 E64.13271
G1 X109.754 Y118.178 E64.15334
G1 X110.031 Y117.741 E64.17085
G1 X110.351 Y116.868 E64.20232
G1 X110.399 Y116.431 E64.2172
G1 X110.152 Y115.994 E64.23419
G1 X108.683 Y115.121 E64.29203
G1 X108.257 Y114.684 E64.31269
G1 X107.981 Y114.247 E64.33019
G1 X107.66 Y113.374 E64.36167
G1 X107.612 Y112.937 E64.37655
G1 X107.86 Y112.5 E64.39356
G1 X109.329 Y111.626 E64.45142
G1 X109.754 Y111.19 E64.47203
G1 X110.031 Y110.753 E64.48954
G1 X110.351 Y109.879 E64.52104
G1 X110.399 Y109.443 E64.53589
G1 X110.152 Y109.006 E64.55288
G1 X108.683 Y108.132 E64.61074
G1 X108.257 Y107.695 E64.6314
G1 X107.981 Y107.259 E64.64887
G1 X107.66 Y106.385 E64.68039
G1 X107.612 Y105.948 E64.69527
G1 X107.86 Y105.512 E64.71225
G1 X109.329 Y104.638 E64.77011
G1 X109.754 Y104.201 E64.79074
G1 X109.98 Y103.844 E64.80504
G1 X113.554 Y103.844 E64.92602
G1 X113.845 Y104.638 E64.95464
G1 X113.893 Y105.075 E64.96952
G1 X113.646 Y105.512 E64.98651
G1 X112.177 Y106.385 E65.04435
G1 X111.751 Y106.822 E65.06501
G1 X111.475 Y107.259 E65.08251
G1 X111.155 Y108.132 E65.11398
G1 X111.107 Y108.569 E65.12886
G1 X111.354 Y109.006 E65.14585
G1 X112.823 Y109.879 E65.20369
G1 X113.249 Y110.316 E65.22435
G1 X113.525 Y110.753 E65.24185
G1 X113.845 Y111.626 E65.27332
G1 X113.893 Y112.063 E65.2882
G1 X113.646 Y112.5 E65.30519
G1 X112.177 Y113.374 E65.36305
G1 X111.751 Y113.81 E65.38368
G1 X111.475 Y114.247 E65.40118
G1 X111.155 Y115.121 E65.43268
G1 X111.107 Y115.557 E65.44753
G1 X111.354 Y115.994 E65.46452
G1 X112.823 Y116.868 E65.52238
G1 X113.249 Y117.305 E65.54304
G1 X113.525 Y117.741 E65.56051
G1 X113.845 Y118.615 E65.59201
G1 X113.893 Y119.052 E65.60689
G1 X113.646 Y119.488 E65.62385
G1 X112.177 Y120.362 E65.68171
G1 X111.751 Y120.799 E65.70237
G1 X111.526 Y121.156 E65.71665
G1 X114.94 Y121.156 E65.83221
G1 X114.649 Y120.362 E65.86083
G1 X114.601 Y119.925 E65.87571
G1 X114.848 Y119.488 E65.8927
G1 X116.317 Y118.615 E65.95054
G1 X116.743 Y118.178 E65.9712
G1 X117.019 Y117.741 E65.9887
G1 X117.34 Y116.868 E66.02018
G1 X117.388 Y116.431 E66.03506
G1 X117.14 Y115.994 E66.05207
G1 X115.671 Y115.121 E66.10991
G1 X115.246 Y114.684 E66.13054
G1 X114.969 Y114.247 E66.14805
G1 X114.649 Y113.374 E66.17952
G1 X114.601 Y112.937 E66.1944
G1 X114.848 Y112.5 E66.21139
G1 X116.317 Y111.626 E66.26925
G1 X116.743 Y111.19 E66.28988
G1 X117.019 Y110.753 E66.30738
G1 X117.34 Y109.879 E66.3389
G1 X117.388 Y109.443 E66.35375
G1 X117.14 Y109.006 E66.37076
G1 X115.671 Y108.132 E66.42862
G1 X115.246 Y107.695 E66.44925
G1 X114.969 Y107.259 E66.46673
G1 X114.649 Y106.385 E66.49823
G1 X114.601 Y105.948 E66.51311
G1 X114.848 Y105.512 E66.53007
G1 X116.317 Y104.638 E66.58793
G1 X116.743 Y104.201 E66.60859
G1 X116.969 Y103.844 E66.62289
G1 X120.543 Y103.844 E66.74387
G1 X120.834 Y104.638 E66.77249
G1 X120.882 Y105.075 E66.78737
G1 X120.635 Y105.512 E66.80436
G1 X119.166 Y106.385 E66.8622
G1 X118.74 Y106.822 E66.88286
G1 X118.463 Y107.259 E66.90037
G1 X118.143 Y108.132 E66.93184
G1 X118.095 Y108.569 E66.94672
G1 X118.342 Y109.006 E66.96371
G1 X119.811 Y109.879 E67.02155
G1 X120.237 Y110.316 E67.04221
G1 X120.513 Y110.753 E67.05971
G1 X120.834 Y111.626 E67.09119
G1 X120.882 Y112.063 E67.10607
G1 X120.635 Y112.5 E67.12306
G1 X119.166 Y113.374 E67.18092
G1 X118.74 Y113.81 E67.20155
G1 X118.463 Y114.247 E67.21906
G1 X118.143 Y115.121 E67.25056
G1 X118.095 Y115.557 E67.26541
G1 X118.342 Y115.994 E67.2824
G1 X119.811 Y116.868 E67.34026
G1 X120.237 Y117.305 E67.36092
G1 X120.513 Y117.741 E67.37839
G1 X120.834 Y118.615 E67.40991
G1 X120.882 Y119.052 E67.42479
G1 X120.635 Y119.488 E67.44175
G1 X119.166 Y120.362 E67.49961
G1 X118.74 Y120.799 E67.52027
G1 X118.514 Y121.156 E67.53457
G1 X120.957 Y121.156 E67.61726
;LAYER_CHANGE
;Z:6.4
;HEIGHT:0.2
G1 Z6.4 F7800
G1 E65.61726 F2400
G1 Z6.4 F7800
G1 X103.539 Y103.539
G1 E67.61726 F2400
;TYPE:Perimeter
;WIDTH:0.449999
G1 F3600
G1 X121.461 Y103.539 E68.2239
G1 X121.461 Y112.5 E68.52722
G1 X121.461 Y121.461 E68.83054
G1 X103.539 Y121.461 E69.43718
G1 X103.539 Y103.599 E70.04179
G1 X103.539 Y103.599 F7800
G1 X103.132 Y103.132
G1 F3600
G1 X121.868 Y103.132 E70.67598
G1 X121.868 Y112.5 E70.99308
G1 X121.868 Y121.868 E71.31018
G1 X103.132 Y121.868 E71.94437
G1 X103.132 Y103.192 E72.57653
G1 X102.725 Y102.725 F7800
;TYPE:External perimeter
G1 F1800
G1 X122.275 Y102.725 E73.23827
G1 X122.275 Y112.5 E73.56914
G1 X122.275 Y122.275 E73.90001
G1 X102.725 Y122.275 E74.56175
G1 X102.725 Y102.785 E75.22146
G1 X103.121 Y102.726 F7800
G1 X104.04 Y103.844
;TYPE:Internal infill
;WIDTH:0.45
G1 F4800
G1 X106.482 Y103.844 E75.30412
G1 X106.637 Y104.638 E75.3315
G1 X106.55 Y105.075 E75.34658
G1 X106.206 Y105.512 E75.36541
G1 X105.11 Y106.385 E75.41284
G1 X104.771 Y106.822 E75.43156
G1 X104.557 Y107.259 E75.44803
G1 X104.386 Y108.132 E75.47814
G1 X104.473 Y108.569 E75.49322
G1 X104.817 Y109.006 E75.51205
G1 X105.913 Y109.879 E75.55948
G1 X106.252 Y110.316 E75.5782
G1 X106.467 Y110.753 E75.59469
G1 X106.637 Y111.626 E75.6248
G1 X106.55 Y112.063 E75.63988
G1 X106.206 Y112.5 E75.65871
G1 X105.11 Y113.374 E75.70616
G1 X104.771 Y113.81 E75.72485
G1 X104.557 Y114.247 E75.74132
G1 X104.386 Y115.121 E75.77146
G1 X104.473 Y115.557 E75.78651
G1 X104.817 Y115.994 E75.80534
G1 X105.913 Y116.868 E75.85279
G1 X106.252 Y117.305 E75.87151
G1 X106.467 Y117.741 E75.88796
G1 X106.637 Y118.615 E75.9181
G1 X106.55 Y119.052 E75.93318
G1 X106.206 Y119.488 E75.95198
G1 X105.11 Y120.362 E75.99943
G1 X104.771 Y120.799 E76.01815
G1 X104.596 Y121.156 E76.03161
G1 X108.035 Y121.156 E76.14802
G1 X107.88 Y120.362 E76.1754
G1 X107.967 Y119.925 E76.19048
G1 X108.311 Y119.488 E76.20931
G1 X109.407 Y118.615 E76.25674
G1 X109.746 Y118.178 E76.27546
G1 X109.961 Y117.741 E76.29195
G1 X110.131 Y116.868 E76.32206
G1 X110.044 Y116.431 E76.33714
G1 X109.7 Y115.994 E76.35597
G1 X108.605 Y115.121 E76.40337
G1 X108.265 Y114.684 E76.42211
G1 X108.051 Y114.247 E76.43858
G1 X107.88 Y113.374 E76.46869
G1 X107.967 Y112.937 E76.48377
G1 X108.311 Y112.5 E76.5026
G1 X109.407 Y111.626 E76.55005
G1 X109.746 Y111.19 E76.56874
G1 X109.961 Y110.753 E76.58523
G1 X110.131 Y109.879 E76.61537
G1 X110.044 Y109.443 E76.63042
G1 X109.7 Y109.006 E76.64925
G1 X108.605 Y108.132 E76.69667
G1 X108.265 Y107.695 E76.71541
G1 X108.051 Y107.259 E76.73185
G1 X107.88 Y106.385 E76.76199
G1 X107.967 Y105.948 E76.77707
G1 X108.311 Y105.512 E76.79587
G1 X109.407 Y104.638 E76.84332
G1 X109.746 Y104.201 E76.86204
G1 X109.922 Y103.844 E76.87551
G1 X113.471 Y103.844 E76.99564
G1 X113.625 Y104.638 E77.02302
G1 X113.538 Y105.075 E77.0381
G1 X113.194 Y105.512 E77.05693
G1 X112.099 Y106.385 E77.10433
G1 X111.759 Y106.822 E77.12307
G1 X111.545 Y107.259 E77.13954
G1 X111.375 Y108.132 E77.16965
G1 X111.462 Y108.569 E77.18473
G1 X111.806 Y109.006 E77.20356
G1 X112.901 Y109.879 E77.25096
G1 X113.241 Y110.316 E77.2697
G1 X113.455 Y110.753 E77.28617
G1 X113.625 Y111.626 E77.31628
G1 X113.538 Y112.063 E77.33136
G1 X113.194 Y112.5 E77.35019
G1 X112.099 Y113.374 E77.39761
G1 X111.759 Y113.81 E77.41632
G1 X111.545 Y114.247 E77.43279
G1 X111.375 Y115.121 E77.46293
G1 X111.462 Y115.557 E77.47798
G1 X111.806 Y115.994 E77.49681
G1 X112.901 Y116.868 E77.54423
G1 X113.241 Y117.305 E77.56297
G1 X113.455 Y117.741 E77.57941
G1 X113.625 Y118.615 E77.60955
G1 X113.538 Y119.052 E77.62463
G1 X113.194 Y119.488 E77.64343
G1 X112.099 Y120.362 E77.69085
G1 X111.759 Y120.799 E77.70959
G1 X111.584 Y121.156 E77.72305
G1 X115.024 Y121.156 E77.83949
G1 X114.869 Y120.362 E77.86687
G1 X114.956 Y119.925 E77.88195
G1 X115.3 Y119.488 E77.90078
G1 X116.395 Y118.615 E77.94818
G1 X116.735 Y118.178 E77.96692
G1 X116.949 Y117.741 E77.98339
G1 X117.12 Y116.868 E78.0135
G1 X117.033 Y116.431 E78.02858
G1 X116.689 Y115.994 E78.04741
G1 X115.593 Y115.121 E78.09484
G1 X115.254 Y114.684 E78.11356
G1 X115.039 Y114.247 E78.13005
G1 X114.869 Y113.374 E78.16016
G1 X114.956 Y112.937 E78.17524
G1 X115.3 Y112.5 E78.19407
G1 X116.395 Y111.626 E78.24149
G1 X116.735 Y111.19 E78.2602
G1 X116.949 Y110.753 E78.27667
G1 X117.12 Y109.879 E78.30681
G1 X117.033 Y109.443 E78.32186
G1 X116.689 Y109.006 E78.34069
G1 X115.593 Y108.132 E78.38814
G1 X115.254 Y107.695 E78.40686
G1 X115.039 Y107.259 E78.42331
G1 X114.869 Y106.385 E78.45345
G1 X114.956 Y105.948 E78.46853
G1 X115.3 Y105.512 E78.48733
G1 X116.395 Y104.638 E78.53475
G1 X116.735 Y104.201 E78.55349
G1 X116.91 Y103.844 E78.56695
G1 X120.459 Y103.844 E78.68708
G1 X120.614 Y104.638 E78.71446
G1 X120.527 Y105.075 E78.72954
G1 X120.183 Y105.512 E78.74837
G1 X119.087 Y106.385 E78.7958
G1 X118.748 Y106.822 E78.81452
G1 X118.533 Y107.259 E78.83101
G1 X118.363 Y108.132 E78.86112
G1 X118.45 Y108.569 E78.8762
G1 X118.794 Y109.006 E78.89503
G1 X119.89 Y109.879 E78.94246
G1 X120.229 Y110.316 E78.96118
G1 X120.443 Y110.753 E78.97765
G1 X120.614 Y111.626 E79.00776
G1 X120.527 Y112.063 E79.02284
G1 X120.183 Y112.5 E79.04167
G1 X119.087 Y113.374 E79.08912
G1 X118.748 Y113.81 E79.10781
G1 X118.533 Y114.247 E79.1243
G1 X118.363 Y115.121 E79.15444
G1 X118.45 Y115.557 E79.16949
G1 X118.794 Y115.994 E79.18832
G1 X119.89 Y116.868 E79.23577
G1 X120.229 Y117.305 E79.25449
G1 X120.443 Y117.741 E79.27093
G1 X120.614 Y118.615 E79.30107
G1 X120.527 Y119.052 E79.31615
G1 X120.183 Y119.488 E79.33495
G1 X119.087 Y120.362 E79.3824
G1 X118.748 Y120.799 E79.40112
G1 X118.573 Y121.156 E79.41458
G1 X121.015 Y121.156 E79.49724
;LAYER_CHANGE
;Z:6.6
;HEIGHT:0.2
G1 Z6.6 F7800
G1 E77.49724 F2400
G1 Z6.6 F7800
G1 X103.539 Y103.539
G1 E79.49724 F2400
;TYPE:Perimeter
;WIDTH:0.449999
G1 F3600
G1 X121.461 Y103.539 E80.10388
G1 X121.461 Y112.5 E80.4072
G1 X121.461 Y121.461 E80.71052
G1 X103.539 Y121.461 E81.31716
G1 X103.539 Y103.599 E81.92177
G1 X103.539 Y103.599 F7800
G1 X103.132 Y103.132
G1 F3600
G1 X121.868 Y103.132 E82.55596
G1 X121.868 Y112.5 E82.87306
G1 X121.868 Y121.868 E83.19016
G1 X103.132 Y121.868 E83.82435
G1 X103.132 Y103.192 E84.45651
G1 X102.725 Y102.725 F7800
;TYPE:External perimeter
G1 F1800
G1 X122.275 Y102.725 E85.11825
G1 X122.275 Y112.5 E85.44912
G1 X122.275 Y122.275 E85.77999
G1 X102.725 Y122.275 E86.44173
G1 X102.725 Y102.785 E87.10144
G1 X103.121 Y102.726 F7800
G1 X103.989 Y103.844
;TYPE:Internal infill
;WIDTH:0.45
G1 F4800
G1 X106.432 Y103.844 E87.18413
G1 X106.486 Y104.201 E87.19635
G1 X106.46 Y104.638 E87.21117
G1 X106.294 Y105.075 E87.22699
G1 X105.926 Y105.512 E87.24633
G1 X105.025 Y106.385 E87.2888
G1 X104.758 Y106.822 E87.30613
G1 X104.603 Y107.259 E87.32182
G1 X104.537 Y107.695 E87.33675
G1 X104.564 Y108.132 E87.35157
G1 X104.729 Y108.569 E87.36738
G1 X105.097 Y109.006 E87.38672
G1 X105.999 Y109.879 E87.42921
G1 X106.265 Y110.316 E87.44653
G1 X106.42 Y110.753 E87.46222
G1 X106.486 Y111.19 E87.47718
G1 X106.46 Y111.626 E87.49196
G1 X106.294 Y112.063 E87.50778
G1 X105.926 Y112.5 E87.52712
G1 X105.025 Y113.374 E87.56961
G1 X104.758 Y113.81 E87.58692
G1 X104.603 Y114.247 E87.60261
G1 X104.537 Y114.684 E87.61757
G1 X104.564 Y115.121 E87.63239
G1 X104.729 Y115.557 E87.64817
G1 X105.097 Y115.994 E87.66751
G1 X105.999 Y116.868 E87.71002
G1 X106.265 Y117.305 E87.72734
G1 X106.42 Y117.741 E87.743
G1 X106.486 Y118.178 E87.75796
G1 X106.46 Y118.615 E87.77278
G1 X106.294 Y119.052 E87.7886
G1 X105.926 Y119.488 E87.80791
G1 X105.025 Y120.362 E87.8504
G1 X104.758 Y120.799 E87.86773
G1 X104.632 Y121.156 E87.88054
G1 X108.085 Y121.156 E87.99742
G1 X108.031 Y120.799 E88.00964
G1 X108.058 Y120.362 E88.02446
G1 X108.223 Y119.925 E88.04027
G1 X108.591 Y119.488 E88.05961
G1 X109.493 Y118.615 E88.1021
G1 X109.759 Y118.178 E88.11942
G1 X109.914 Y117.741 E88.13511
G1 X109.981 Y117.305 E88.15004
G1 X109.954 Y116.868 E88.16486
G1 X109.788 Y116.431 E88.18068
G1 X109.42 Y115.994 E88.20002
G1 X108.519 Y115.121 E88.24249
G1 X108.252 Y114.684 E88.25982
G1 X108.098 Y114.247 E88.2755
G1 X108.031 Y113.81 E88.29046
G1 X108.058 Y113.374 E88.30525
G1 X108.223 Y112.937 E88.32106
G1 X108.591 Y112.5 E88.3404
G1 X109.493 Y111.626 E88.38291
G1 X109.759 Y111.19 E88.4002
G1 X109.914 Y110.753 E88.41589
G1 X109.981 Y110.316 E88.43085
G1 X109.954 Y109.879 E88.44567
G1 X109.788 Y109.443 E88.46146
G1 X109.42 Y109.006 E88.4808
G1 X108.519 Y108.132 E88.52329
G1 X108.252 Y107.695 E88.54062
G1 X108.098 Y107.259 E88.55627
G1 X108.031 Y106.822 E88.57123
G1 X108.058 Y106.385 E88.58605
G1 X108.223 Y105.948 E88.60186
G1 X108.591 Y105.512 E88.62117
G1 X109.493 Y104.638 E88.66368
G1 X109.759 Y104.201 E88.681
G1 X109.886 Y103.844 E88.69383
G1 X113.42 Y103.844 E88.81345
G1 X113.475 Y104.201 E88.82568
G1 X113.448 Y104.638 E88.8405
G1 X113.283 Y105.075 E88.85631
G1 X112.915 Y105.512 E88.87565
G1 X112.013 Y106.385 E88.91814
G1 X111.747 Y106.822 E88.93546
G1 X111.592 Y107.259 E88.95115
G1 X111.525 Y107.695 E88.96608
G1 X111.552 Y108.132 E88.9809
G1 X111.717 Y108.569 E88.99671
G1 X112.085 Y109.006 E89.01605
G1 X112.987 Y109.879 E89.05854
G1 X113.253 Y110.316 E89.07586
G1 X113.408 Y110.753 E89.09155
G1 X113.475 Y111.19 E89.10651
G1 X113.448 Y111.626 E89.1213
G1 X113.283 Y112.063 E89.13711
G1 X112.915 Y112.5 E89.15645
G1 X112.013 Y113.374 E89.19896
G1 X111.747 Y113.81 E89.21625
G1 X111.592 Y114.247 E89.23194
G1 X111.525 Y114.684 E89.2469
G1 X111.552 Y115.121 E89.26172
G1 X111.717 Y115.557 E89.2775
G1 X112.085 Y115.994 E89.29684
G1 X112.987 Y116.868 E89.33935
G1 X113.253 Y117.305 E89.35667
G1 X113.408 Y117.741 E89.37233
G1 X113.475 Y118.178 E89.38729
G1 X113.448 Y118.615 E89.40211
G1 X113.283 Y119.052 E89.41792
G1 X112.915 Y119.488 E89.43723
G1 X112.013 Y120.362 E89.47974
G1 X111.747 Y120.799 E89.49706
G1 X111.62 Y121.156 E89.50989
G1 X115.074 Y121.156 E89.6268
G1 X115.019 Y120.799 E89.63903
G1 X115.046 Y120.362 E89.65385
G1 X115.212 Y119.925 E89.66967
G1 X115.58 Y119.488 E89.68901
G1 X116.481 Y118.615 E89.73148
G1 X116.748 Y118.178 E89.74881
G1 X116.902 Y117.741 E89.76449
G1 X116.969 Y117.305 E89.77942
G1 X116.942 Y116.868 E89.79424
G1 X116.777 Y116.431 E89.81005
G1 X116.409 Y115.994 E89.82939
G1 X115.507 Y115.121 E89.87188
G1 X115.241 Y114.684 E89.8892
G1 X115.086 Y114.247 E89.90489
G1 X115.019 Y113.81 E89.91985
G1 X115.046 Y113.374 E89.93464
G1 X115.212 Y112.937 E89.95046
G1 X115.58 Y112.5 E89.9698
G1 X116.481 Y111.626 E90.01229
G1 X116.748 Y111.19 E90.0296
G1 X116.902 Y110.753 E90.04528
G1 X116.969 Y110.316 E90.06024
G1 X116.942 Y109.879 E90.07506
G1 X116.777 Y109.443 E90.09084
G1 X116.409 Y109.006 E90.11018
G1 X115.507 Y108.132 E90.15269
G1 X115.241 Y107.695 E90.17001
G1 X115.086 Y107.259 E90.18567
G1 X115.019 Y106.822 E90.20063
G1 X115.046 Y106.385 E90.21545
G1 X115.212 Y105.948 E90.23127
G1 X115.58 Y105.512 E90.25058
G1 X116.481 Y104.638 E90.29307
G1 X116.748 Y104.201 E90.3104
G1 X116.874 Y103.844 E90.32321
G1 X120.409 Y103.844 E90.44287
G1 X120.463 Y104.201 E90.45509
G1 X120.436 Y104.638 E90.46991
G1 X120.271 Y105.075 E90.48572
G1 X119.903 Y105.512 E90.50506
G1 X119.001 Y106.385 E90.54755
G1 X118.735 Y106.822 E90.56487
G1 X118.58 Y107.259 E90.58056
G1 X118.514 Y107.695 E90.59549
G1 X118.54 Y108.132 E90.61031
G1 X118.706 Y108.569 E90.62613
G1 X119.074 Y109.006 E90.64547
G1 X119.975 Y109.879 E90.68794
G1 X120.242 Y110.316 E90.70527
G1 X120.397 Y110.753 E90.72096
G1 X120.463 Y111.19 E90.73592
G1 X120.436 Y111.626 E90.75071
G1 X120.271 Y112.063 E90.76652
G1 X119.903 Y112.5 E90.78586
G1 X119.001 Y113.374 E90.82837
G1 X118.735 Y113.81 E90.84566
G1 X118.58 Y114.247 E90.86135
G1 X118.514 Y114.684 E90.87631
G1 X118.54 Y115.121 E90.89113
G1 X118.706 Y115.557 E90.90692
G1 X119.074 Y115.994 E90.92626
G1 X119.975 Y116.868 E90.96875
G1 X120.242 Y117.305 E90.98608
G1 X120.397 Y117.741 E91.00174
G1 X120.463 Y118.178 E91.0167
G1 X120.436 Y118.615 E91.03152
G1 X120.271 Y119.052 E91.04733
G1 X119.903 Y119.488 E91.06664
G1 X119.001 Y120.362 E91.10915
G1 X118.735 Y120.799 E91.12647
G1 X118.609 Y121.156 E91.13928
G1 X121.051 Y121.156 E91.22194
;LAYER_CHANGE
;Z:6.8
;HEIGHT:0.2
G1 Z6.8 F7800
G1 E89.22194 F2400
G1 Z6.8 F7800
G1 X103.539 Y103.539
G1 E91.22194 F2400
;TYPE:Perimeter
;WIDTH:0.449999
G1 F3600
G1 X121.461 Y103.539 E91.82858
G1 X121.461 Y112.5 E92.1319
G1 X121.461 Y121.461 E92.43522
G1 X103.539 Y121.461 E93.04186
G1 X103.539 Y103.599 E93.64647
G1 X103.539 Y103.599 F7800
G1 X103.132 Y103.132
G1 F3600
G1 X121.868 Y103.132 E94.28066
G1 X121.868 Y112.5 E94.59776
G1 X121.868 Y121.868 E94.91486
G1 X103.132 Y121.868 E95.54905
G1 X103.132 Y103.192 E96.18121
G1 X102.725 Y102.725 F7800
;TYPE:External perimeter
G1 F1800
G1 X122.275 Y102.725 E96.84295
G1 X122.275 Y112.5 E97.17382
G1 X122.275 Y122.275 E97.50469
G1 X102.725 Y122.275 E98.16643
G1 X102.725 Y102.785 E98.82614
G1 X103.121 Y102.726 F7800
G1 X103.952 Y103.844
;TYPE:Internal infill
;WIDTH:0.45
G1 F4800
G1 X106.395 Y103.844 E98.90883
G1 X106.402 Y104.201 E98.92092
G1 X106.313 Y104.638 E98.93602
G1 X106.088 Y105.075 E98.95266
G1 X105.264 Y105.948 E98.99329
G1 X104.929 Y106.385 E99.01193
G1 X104.727 Y106.822 E99.02823
G1 X104.63 Y107.259 E99.04338
G1 X104.621 Y107.695 E99.05814
G1 X104.71 Y108.132 E99.07324
G1 X104.935 Y108.569 E99.08988
G1 X105.759 Y109.443 E99.13054
G1 X106.094 Y109.879 E99.14915
G1 X106.296 Y110.316 E99.16545
G1 X106.393 Y110.753 E99.1806
G1 X106.402 Y111.19 E99.1954
G1 X106.313 Y111.626 E99.21046
G1 X106.088 Y112.063 E99.2271
G1 X105.264 Y112.937 E99.26776
G1 X104.929 Y113.374 E99.2864
G1 X104.727 Y113.81 E99.30267
G1 X104.63 Y114.247 E99.31782
G1 X104.621 Y114.684 E99.33262
G1 X104.71 Y115.121 E99.34772
G1 X104.935 Y115.557 E99.36433
G1 X105.759 Y116.431 E99.40499
G1 X106.094 Y116.868 E99.42363
G1 X106.296 Y117.305 E99.43993
G1 X106.393 Y117.741 E99.45505
G1 X106.402 Y118.178 E99.46985
G1 X106.313 Y118.615 E99.48495
G1 X106.088 Y119.052 E99.50159
G1 X105.264 Y119.925 E99.54222
G1 X104.929 Y120.362 E99.56086
G1 X104.727 Y120.799 E99.57716
G1 X104.648 Y121.156 E99.58954
G1 X108.123 Y121.156 E99.70716
G1 X108.115 Y120.799 E99.71925
G1 X108.204 Y120.362 E99.73435
G1 X108.429 Y119.925 E99.75099
G1 X109.253 Y119.052 E99.79162
G1 X109.588 Y118.615 E99.81026
G1 X109.79 Y118.178 E99.82656
G1 X109.887 Y117.741 E99.84171
G1 X109.896 Y117.305 E99.85647
G1 X109.807 Y116.868 E99.87157
G1 X109.582 Y116.431 E99.88821
G1 X108.758 Y115.557 E99.92887
G1 X108.423 Y115.121 E99.94748
G1 X108.221 Y114.684 E99.96378
G1 X108.124 Y114.247 E99.97893
G1 X108.115 Y113.81 E99.99373
G1 X108.204 Y113.374 E100.00879
G1 X108.429 Y112.937 E100.02543
G1 X109.253 Y112.063 E100.06609
G1 X109.588 Y111.626 E100.08473
G1 X109.79 Y111.19 E100.101
G1 X109.887 Y110.753 E100.11615
G1 X109.896 Y110.316 E100.13095
G1 X109.807 Y109.879 E100.14605
G1 X109.582 Y109.443 E100.16266
G1 X108.758 Y108.569 E100.20332
G1 X108.423 Y108.132 E100.22196
G1 X108.221 Y107.695 E100.23826
G1 X108.124 Y107.259 E100.25338
G1 X108.115 Y106.822 E100.26818
G1 X108.204 Y106.385 E100.28328
G1 X108.429 Y105.948 E100.29992
G1 X109.253 Y105.075 E100.34055
G1 X109.588 Y104.638 E100.35919
G1 X109.79 Y104.201 E100.37549
G1 X109.87 Y103.844 E100.38787
G1 X113.383 Y103.844 E100.50678
G1 X113.391 Y104.201 E100.51887
G1 X113.302 Y104.638 E100.53397
G1 X113.076 Y105.075 E100.55062
G1 X112.253 Y105.948 E100.59123
G1 X111.917 Y106.385 E100.60989
G1 X111.716 Y106.822 E100.62617
G1 X111.618 Y107.259 E100.64133
G1 X111.609 Y107.695 E100.65609
G1 X111.698 Y108.132 E100.67119
G1 X111.924 Y108.569 E100.68784
G1 X112.747 Y109.443 E100.72848
G1 X113.083 Y109.879 E100.74711
G1 X113.284 Y110.316 E100.76339
G1 X113.382 Y110.753 E100.77855
G1 X113.391 Y111.19 E100.79335
G1 X113.302 Y111.626 E100.80841
G1 X113.076 Y112.063 E100.82506
G1 X112.253 Y112.937 E100.8657
G1 X111.917 Y113.374 E100.88436
G1 X111.716 Y113.81 E100.90061
G1 X111.618 Y114.247 E100.91577
G1 X111.609 Y114.684 E100.93057
G1 X111.698 Y115.121 E100.94567
G1 X111.924 Y115.557 E100.96229
G1 X112.747 Y116.431 E101.00293
G1 X113.083 Y116.868 E101.02159
G1 X113.284 Y117.305 E101.03787
G1 X113.382 Y117.741 E101.053
G1 X113.391 Y118.178 E101.0678
G1 X113.302 Y118.615 E101.0829
G1 X113.076 Y119.052 E101.09955
G1 X112.253 Y119.925 E101.14016
G1 X111.917 Y120.362 E101.15882
G1 X111.716 Y120.799 E101.1751
G1 X111.636 Y121.156 E101.18748
G1 X115.111 Y121.156 E101.3051
G1 X115.104 Y120.799 E101.31719
G1 X115.193 Y120.362 E101.33229
G1 X115.418 Y119.925 E101.34893
G1 X116.242 Y119.052 E101.38956
G1 X116.577 Y118.615 E101.4082
G1 X116.779 Y118.178 E101.4245
G1 X116.876 Y117.741 E101.43965
G1 X116.885 Y117.305 E101.45441
G1 X116.796 Y116.868 E101.46951
G1 X116.571 Y116.431 E101.48615
G1 X115.747 Y115.557 E101.52681
G1 X115.412 Y115.121 E101.54542
G1 X115.21 Y114.684 E101.56172
G1 X115.113 Y114.247 E101.57687
G1 X115.104 Y113.81 E101.59167
G1 X115.193 Y113.374 E101.60673
G1 X115.418 Y112.937 E101.62337
G1 X116.242 Y112.063 E101.66403
G1 X116.577 Y111.626 E101.68267
G1 X116.779 Y111.19 E101.69894
G1 X116.876 Y110.753 E101.71409
G1 X116.885 Y110.316 E101.72889
G1 X116.796 Y109.879 E101.74399
G1 X116.571 Y109.443 E101.7606
G1 X115.747 Y108.569 E101.80126
G1 X115.412 Y108.132 E101.8199
G1 X115.21 Y107.695 E101.8362
G1 X115.113 Y107.259 E101.85132
G1 X115.104 Y106.822 E101.86612
G1 X115.193 Y106.385 E101.88122
G1 X115.418 Y105.948 E101.89786
G1 X116.242 Y105.075 E101.93849
G1 X116.577 Y104.638 E101.95713
G1 X116.779 Y104.201 E101.97343
G1 X116.858 Y103.844 E101.98581
G1 X120.372 Y103.844 E102.10475
G1 X120.379 Y104.201 E102.11684
G1 X120.29 Y104.638 E102.13194
G1 X120.065 Y105.075 E102.14858
G1 X119.241 Y105.948 E102.18921
G1 X118.906 Y106.385 E102.20785
G1 X118.704 Y106.822 E102.22415
G1 X118.607 Y107.259 E102.2393
G1 X118.598 Y107.695 E102.25406
G1 X118.687 Y108.132 E102.26916
G1 X118.912 Y108.569 E102.2858
G1 X119.736 Y109.443 E102.32646
G1 X120.071 Y109.879 E102.34507
G1 X120.273 Y110.316 E102.36137
G1 X120.37 Y110.753 E102.37652
G1 X120.379 Y111.19 E102.39132
G1 X120.29 Y111.626 E102.40638
G1 X120.065 Y112.063 E102.42302
G1 X119.241 Y112.937 E102.46368
G1 X118.906 Y113.374 E102.48232
G1 X118.704 Y113.81 E102.49859
G1 X118.607 Y114.247 E102.51374
G1 X118.598 Y114.684 E102.52854
G1 X118.687 Y115.121 E102.54364
G1 X118.912 Y115.557 E102.56025
G1 X119.736 Y116.431 E102.60091
G1 X120.071 Y116.868 E102.61955
G1 X120.273 Y117.305 E102.63585
G1 X120.37 Y117.741 E102.65097
G1 X120.379 Y118.178 E102.66577
G1 X120.29 Y118.615 E102.68087
G1 X120.065 Y119.052 E102.69751
G1 X119.241 Y119.925 E102.73814
G1 X118.906 Y120.362 E102.75678
G1 X118.704 Y120.799 E102.77308
G1 X118.625 Y121.156 E102.78546
G1 X121.067 Y121.156 E102.86812
;LAYER_CHANGE
;Z:7
;HEIGHT:0.2
G1 Z7 F7800
G1 E100.86812 F2400
G1 Z7 F7800
G1 X103.539 Y103.539
G1 E102.86812 F2400
;TYPE:Perimeter
;WIDTH:0.449999
G1 F3600
G1 X121.461 Y103.539 E103.47476
G1 X121.461 Y112.5 E103.77808
G1 X121.461 Y121.461 E104.0814
G1 X103.539 Y121.461 E104.68804
G1 X103.539 Y103.599 E105.29265
G1 X103.539 Y103.599 F7800
G1 X103.132 Y103.132
G1 F3600
G1 X121.868 Y103.132 E105.92684
G1 X121.868 Y112.5 E106.24394
G1 X121.868 Y121.868 E106.56104
G1 X103.132 Y121.868 E107.19523
G1 X103.132 Y103.192 E107.82739
G1 X102.725 Y102.725 F7800
;TYPE:External perimeter
G1 F1800
G1 X122.275 Y102.725 E108.48913
G1 X122.275 Y112.5 E108.82
G1 X122.275 Y122.275 E109.15087
G1 X102.725 Y122.275 E109.81261
G1 X102.725 Y102.785 E110.47232
G1 X103.121 Y102.726 F7800
G1 E108.47232 F2400
G92 E0
G1 X103.844 Y119.514 F7800
G1 E2 F2400
;TYPE:Internal infill
;WIDTH:0.45
G1 F4800
G1 X103.844 Y121.156 E2.05558
G1 X104.645 Y121.156 E2.08269
G1 X104.679 Y120.799 E2.09483
G1 X104.82 Y120.362 E2.11037
G1 X105.095 Y119.925 E2.12785
G1 X105.908 Y119.052 E2.16823
G1 X106.189 Y118.615 E2.18582
G1 X106.338 Y118.178 E2.20145
G1 X106.385 Y117.741 E2.21633
G1 X106.344 Y117.305 E2.23115
G1 X106.203 Y116.868 E2.24669
G1 X105.928 Y116.431 E2.26417
G1 X105.115 Y115.557 E2.30457
G1 X104.834 Y115.121 E2.32213
G1 X104.685 Y114.684 E2.33776
G1 X104.638 Y114.247 E2.35264
G1 X104.679 Y113.81 E2.3675
G1 X104.82 Y113.374 E2.38301
G1 X105.095 Y112.937 E2.40049
G1 X105.908 Y112.063 E2.44089
G1 X106.189 Y111.626 E2.45848
G1 X106.338 Y111.19 E2.47408
G1 X106.385 Y110.753 E2.48896
G1 X106.344 Y110.316 E2.50382
G1 X106.203 Y109.879 E2.51936
G1 X105.928 Y109.443 E2.53681
G1 X105.115 Y108.569 E2.57721
G1 X104.834 Y108.132 E2.5948
G1 X104.685 Y107.695 E2.61043
G1 X104.638 Y107.259 E2.62527
G1 X104.679 Y106.822 E2.64013
G1 X104.82 Y106.385 E2.65567
G1 X105.095 Y105.948 E2.67315
G1 X105.908 Y105.075 E2.71353
G1 X106.189 Y104.638 E2.73112
G1 X106.338 Y104.201 E2.74675
G1 X106.377 Y103.844 E2.75891
G1 X109.872 Y103.844 E2.87721
G1 X109.839 Y104.201 E2.88935
G1 X109.697 Y104.638 E2.9049
G1 X109.422 Y105.075 E2.92238
G1 X108.609 Y105.948 E2.96276
G1 X108.328 Y106.385 E2.98035
G1 X108.179 Y106.822 E2.99598
G1 X108.132 Y107.259 E3.01086
G1 X108.173 Y107.695 E3.02568
G1 X108.315 Y108.132 E3.04123
G1 X108.589 Y108.569 E3.05869
G1 X109.402 Y109.443 E3.09909
G1 X109.684 Y109.879 E3.11667
G1 X109.832 Y110.316 E3.13229
G1 X109.879 Y110.753 E3.14717
G1 X109.839 Y111.19 E3.16202
G1 X109.697 Y111.626 E3.17754
G1 X109.422 Y112.063 E3.19502
G1 X108.609 Y112.937 E3.23542
G1 X108.328 Y113.374 E3.25301
G1 X108.179 Y113.81 E3.26861
G1 X108.132 Y114.247 E3.28349
G1 X108.173 Y114.684 E3.29835
G1 X108.315 Y115.121 E3.3139
G1 X108.589 Y115.557 E3.33133
G1 X109.402 Y116.431 E3.37173
G1 X109.684 Y116.868 E3.38933
G1 X109.832 Y117.305 E3.40495
G1 X109.879 Y117.741 E3.41979
G1 X109.839 Y118.178 E3.43464
G1 X109.697 Y118.615 E3.45019
G1 X109.422 Y119.052 E3.46767
G1 X108.609 Y119.925 E3.50805
G1 X108.328 Y120.362 E3.52564
G1 X108.179 Y120.799 E3.54127
G1 X108.141 Y121.156 E3.55342
G1 X111.634 Y121.156 E3.67165
G1 X111.667 Y120.799 E3.68379
G1 X111.809 Y120.362 E3.69934
G1 X112.083 Y119.925 E3.7168
G1 X112.897 Y119.052 E3.7572
G1 X113.178 Y118.615 E3.77479
G1 X113.326 Y118.178 E3.79041
G1 X113.374 Y117.741 E3.80529
G1 X113.333 Y117.305 E3.82011
G1 X113.191 Y116.868 E3.83566
G1 X112.917 Y116.431 E3.85312
G1 X112.103 Y115.557 E3.89355
G1 X111.822 Y115.121 E3.91111
G1 X111.674 Y114.684 E3.92673
G1 X111.626 Y114.247 E3.94161
G1 X111.667 Y113.81 E3.95647
G1 X111.809 Y113.374 E3.97199
G1 X112.083 Y112.937 E3.98945
G1 X112.897 Y112.063 E4.02988
G1 X113.178 Y111.626 E4.04747
G1 X113.326 Y111.19 E4.06306
G1 X113.374 Y110.753 E4.07794
G1 X113.333 Y110.316 E4.0928
G1 X113.191 Y109.879 E4.10835
G1 X112.917 Y109.443 E4.12578
G1 X112.103 Y108.569 E4.16621
G1 X111.822 Y108.132 E4.1838
G1 X111.674 Y107.695 E4.19942
G1 X111.626 Y107.259 E4.21427
G1 X111.667 Y106.822 E4.22913
G1 X111.809 Y106.385 E4.24468
G1 X112.083 Y105.948 E4.26214
G1 X112.897 Y105.075 E4.30254
G1 X113.178 Y104.638 E4.32013
G1 X113.326 Y104.201 E4.33575
G1 X113.365 Y103.844 E4.34791
G1 X116.86 Y103.844 E4.46621
G1 X116.827 Y104.201 E4.47835
G1 X116.685 Y104.638 E4.4939
G1 X116.411 Y105.075 E4.51136
G1 X115.598 Y105.948 E4.55174
G1 X115.316 Y106.385 E4.56934
G1 X115.168 Y106.822 E4.58496
G1 X115.121 Y107.259 E4.59984
G1 X115.161 Y107.695 E4.61466
G1 X115.303 Y108.132 E4.63021
G1 X115.578 Y108.569 E4.64769
G1 X116.391 Y109.443 E4.68809
G1 X116.672 Y109.879 E4.70565
G1 X116.821 Y110.316 E4.72128
G1 X116.868 Y110.753 E4.73616
G1 X116.827 Y111.19 E4.75102
G1 X116.685 Y111.626 E4.76654
G1 X116.411 Y112.063 E4.784
G1 X115.598 Y112.937 E4.8244
G1 X115.316 Y113.374 E4.842
G1 X115.168 Y113.81 E4.85759
G1 X115.121 Y114.247 E4.87247
G1 X115.161 Y114.684 E4.88732
G1 X115.303 Y115.121 E4.90287
G1 X115.578 Y115.557 E4.92032
G1 X116.391 Y116.431 E4.96072
G1 X116.672 Y116.868 E4.97831
G1 X116.821 Y117.305 E4.99394
G1 X116.868 Y117.741 E5.00878
G1 X116.827 Y118.178 E5.02364
G1 X116.685 Y118.615 E5.03919
G1 X116.411 Y119.052 E5.05665
G1 X115.598 Y119.925 E5.09703
G1 X115.316 Y120.362 E5.11463
G1 X115.168 Y120.799 E5.13025
G1 X115.129 Y121.156 E5.14241
G1 X118.622 Y121.156 E5.26064
G1 X118.656 Y120.799 E5.27278
G1 X118.797 Y120.362 E5.28832
G1 X119.072 Y119.925 E5.3058
G1 X119.885 Y119.052 E5.34618
G1 X120.166 Y118.615 E5.36377
G1 X120.315 Y118.178 E5.3794
G1 X120.362 Y117.741 E5.39428
G1 X120.321 Y117.305 E5.4091
G1 X120.18 Y116.868 E5.42464
G1 X119.905 Y116.431 E5.44212
G1 X119.092 Y115.557 E5.48252
G1 X118.811 Y115.121 E5.50008
G1 X118.662 Y114.684 E5.51571
G1 X118.615 Y114.247 E5.53059
G1 X118.656 Y113.81 E5.54545
G1 X118.797 Y113.374 E5.56096
G1 X119.072 Y112.937 E5.57844
G1 X119.885 Y112.063 E5.61884
G1 X120.166 Y111.626 E5.63643
G1 X120.315 Y111.19 E5.65203
G1 X120.362 Y110.753 E5.66691
G1 X120.321 Y110.316 E5.68177
G1 X120.18 Y109.879 E5.69731
G1 X119.905 Y109.443 E5.71476
G1 X119.092 Y108.569 E5.75516
G1 X118.811 Y108.132 E5.77275
G1 X118.662 Y107.695 E5.78838
G1 X118.615 Y107.259 E5.80322
G1 X118.656 Y106.822 E5.81808
G1 X118.797 Y106.385 E5.83362
G1 X119.072 Y105.948 E5.8511
G1 X119.885 Y105.075 E5.89148
G1 X120.166 Y104.638 E5.90907
G1 X120.315 Y104.201 E5.9247
G1 X120.353 Y103.844 E5.93685
G1 X121.156 Y103.844 E5.96403
G1 X121.156 Y105.485 E6.01958
;LAYER_CHANGE
;Z:7.2
;HEIGHT:0.2
G1 Z7.2 F7800
G1 E4.01958 F2400
G1 Z7.2 F7800
G1 X103.539 Y103.539
G1 E6.01958 F2400
;TYPE:Perimeter
;WIDTH:0.449999
G1 F3600
G1 X121.461 Y103.539 E6.62622
G1 X121.461 Y112.5 E6.92954
G1 X121.461 Y121.461 E7.23286
G1 X103.539 Y121.461 E7.8395
G1 X103.539 Y103.599 E8.44411
G1 X103.539 Y103.599 F7800
G1 X103.132 Y103.132
G1 F3600
G1 X121.868 Y103.132 E9.0783
G1 X121.868 Y112.5 E9.3954
G1 X121.868 Y121.868 E9.7125
G1 X103.132 Y121.868 E10.34669
G1 X103.132 Y103.192 E10.97885
G1 X102.725 Y102.725 F7800
;TYPE:External perimeter
G1 F1800
G1 X122.275 Y102.725 E11.64059
G1 X122.275 Y112.5 E11.97146
G1 X122.275 Y122.275 E12.30233
G1 X102.725 Y122.275 E12.96407
G1 X102.725 Y102.785 E13.62378
G1 X103.121 Y102.726 F7800
G1 X103.934 Y103.844
;TYPE:Internal infill
;WIDTH:0.45
G1 F4800
G1 X106.376 Y103.844 E13.70644
G1 X106.292 Y104.201 E13.71885
G1 X106.083 Y104.638 E13.73525
G1 X104.913 Y105.948 E13.7947
G1 X104.694 Y106.385 E13.81125
G1 X104.612 Y106.822 E13.8263
G1 X104.628 Y107.259 E13.8411
G1 X104.732 Y107.695 E13.85627
G1 X104.941 Y108.132 E13.87267
G1 X106.11 Y109.443 E13.93213
G1 X106.329 Y109.879 E13.94865
G1 X106.411 Y110.316 E13.9637
G1 X106.395 Y110.753 E13.9785
G1 X106.292 Y111.19 E13.9937
G1 X106.083 Y111.626 E14.01007
G1 X104.913 Y112.937 E14.06955
G1 X104.694 Y113.374 E14.0861
G1 X104.612 Y113.81 E14.10112
G1 X104.628 Y114.247 E14.11592
G1 X104.732 Y114.684 E14.13113
G1 X104.941 Y115.121 E14.14753
G1 X106.11 Y116.431 E14.20696
G1 X106.329 Y116.868 E14.22351
G1 X106.411 Y117.305 E14.23856
G1 X106.395 Y117.741 E14.25333
G1 X106.292 Y118.178 E14.26853
G1 X106.083 Y118.615 E14.28493
G1 X104.913 Y119.925 E14.34438
G1 X104.694 Y120.362 E14.36093
G1 X104.612 Y120.799 E14.37598
G1 X104.625 Y121.156 E14.38807
G1 X108.141 Y121.156 E14.50708
G1 X108.226 Y120.799 E14.5195
G1 X108.435 Y120.362 E14.5359
G1 X109.604 Y119.052 E14.59533
G1 X109.823 Y118.615 E14.61188
G1 X109.905 Y118.178 E14.62693
G1 X109.889 Y117.741 E14.64173
G1 X109.786 Y117.305 E14.65689
G1 X109.577 Y116.868 E14.67329
G1 X109.234 Y116.431 E14.69209
G1 X108.407 Y115.557 E14.73282
G1 X108.189 Y115.121 E14.74932
G1 X108.106 Y114.684 E14.76438
G1 X108.122 Y114.247 E14.77918
G1 X108.226 Y113.81 E14.79439
G1 X108.435 Y113.374 E14.81076
G1 X109.604 Y112.063 E14.87022
G1 X109.823 Y111.626 E14.88677
G1 X109.905 Y111.19 E14.90179
G1 X109.889 Y110.753 E14.91659
G1 X109.786 Y110.316 E14.93179
G1 X109.577 Y109.879 E14.94819
G1 X108.407 Y108.569 E15.00764
G1 X108.189 Y108.132 E15.02417
G1 X108.106 Y107.695 E15.03923
G1 X108.122 Y107.259 E15.054
G1 X108.226 Y106.822 E15.06921
G1 X108.435 Y106.385 E15.08561
G1 X108.778 Y105.948 E15.10441
G1 X109.604 Y105.075 E15.14509
G1 X109.823 Y104.638 E15.16164
G1 X109.905 Y104.201 E15.17669
G1 X109.892 Y103.844 E15.18878
G1 X113.365 Y103.844 E15.30634
G1 X113.28 Y104.201 E15.31876
G1 X113.071 Y104.638 E15.33516
G1 X111.901 Y105.948 E15.39461
G1 X111.683 Y106.385 E15.41114
G1 X111.601 Y106.822 E15.42619
G1 X111.616 Y107.259 E15.44099
G1 X111.72 Y107.695 E15.45616
G1 X111.929 Y108.132 E15.47256
G1 X113.099 Y109.443 E15.53204
G1 X113.317 Y109.879 E15.54854
G1 X113.399 Y110.316 E15.56359
G1 X113.384 Y110.753 E15.57839
G1 X113.28 Y111.19 E15.5936
G1 X113.071 Y111.626 E15.60997
G1 X111.901 Y112.937 E15.66945
G1 X111.683 Y113.374 E15.68598
G1 X111.601 Y113.81 E15.701
G1 X111.616 Y114.247 E15.7158
G1 X111.72 Y114.684 E15.73101
G1 X111.929 Y115.121 E15.74741
G1 X113.099 Y116.431 E15.80686
G1 X113.317 Y116.868 E15.82339
G1 X113.399 Y117.305 E15.83844
G1 X113.384 Y117.741 E15.85321
G1 X113.28 Y118.178 E15.86842
G1 X113.071 Y118.615 E15.88482
G1 X111.901 Y119.925 E15.94427
G1 X111.683 Y120.362 E15.9608
G1 X111.601 Y120.799 E15.97585
G1 X111.613 Y121.156 E15.98794
G1 X115.13 Y121.156 E16.10699
G1 X115.214 Y120.799 E16.1194
G1 X115.423 Y120.362 E16.1358
G1 X116.593 Y119.052 E16.19525
G1 X116.811 Y118.615 E16.21178
G1 X116.894 Y118.178 E16.22684
G1 X116.878 Y117.741 E16.24164
G1 X116.774 Y117.305 E16.25681
G1 X116.565 Y116.868 E16.27321
G1 X115.396 Y115.557 E16.33267
G1 X115.177 Y115.121 E16.34919
G1 X115.095 Y114.684 E16.36424
G1 X115.111 Y114.247 E16.37904
G1 X115.214 Y113.81 E16.39424
G1 X115.423 Y113.374 E16.41061
G1 X116.593 Y112.063 E16.47009
G1 X116.811 Y111.626 E16.48662
G1 X116.894 Y111.19 E16.50164
G1 X116.878 Y110.753 E16.51644
G1 X116.774 Y110.316 E16.53165
G1 X116.565 Y109.879 E16.54805
G1 X115.396 Y108.569 E16.60748
G1 X115.177 Y108.132 E16.62403
G1 X115.095 Y107.695 E16.63908
G1 X115.111 Y107.259 E16.65385
G1 X115.214 Y106.822 E16.66905
G1 X115.423 Y106.385 E16.68545
G1 X115.766 Y105.948 E16.70425
G1 X116.593 Y105.075 E16.74495
G1 X116.811 Y104.638 E16.76148
G1 X116.894 Y104.201 E16.77654
G1 X116.881 Y103.844 E16.78863
G1 X120.353 Y103.844 E16.90615
G1 X120.268 Y104.201 E16.91857
G1 X120.059 Y104.638 E16.93497
G1 X118.89 Y105.948 E16.9944
G1 X118.671 Y106.385 E17.01095
G1 X118.589 Y106.822 E17.026
G1 X118.605 Y107.259 E17.0408
G1 X118.708 Y107.695 E17.05596
G1 X118.917 Y108.132 E17.07236
G1 X120.087 Y109.443 E17.13184
G1 X120.306 Y109.879 E17.14836
G1 X120.388 Y110.316 E17.16341
G1 X120.372 Y110.753 E17.17821
G1 X120.268 Y111.19 E17.19342
G1 X120.059 Y111.626 E17.20979
G1 X118.89 Y112.937 E17.26925
G1 X118.671 Y113.374 E17.2858
G1 X118.589 Y113.81 E17.30082
G1 X118.605 Y114.247 E17.31562
G1 X118.708 Y114.684 E17.33082
G1 X118.917 Y115.121 E17.34722
G1 X120.087 Y116.431 E17.40667
G1 X120.306 Y116.868 E17.42322
G1 X120.388 Y117.305 E17.43827
G1 X120.372 Y117.741 E17.45304
G1 X120.268 Y118.178 E17.46825
G1 X120.059 Y118.615 E17.48465
G1 X118.89 Y119.925 E17.54408
G1 X118.671 Y120.362 E17.56063
G1 X118.589 Y120.799 E17.57568
G1 X118.602 Y121.156 E17.58777
G1 X121.044 Y121.156 E17.67043
;LAYER_CHANGE
;Z:7.4
;HEIGHT:0.2
G1 Z7.4 F7800
G1 E15.67043 F2400
G1 Z7.4 F7800
G1 X103.539 Y103.539
G1 E17.67043 F2400
;TYPE:Perimeter
;WIDTH:0.449999
G1 F3600
G1 X121.461 Y103.539 E18.27707
G1 X121.461 Y112.5 E18.58039
G1 X121.461 Y121.461 E18.88371
G1 X103.539 Y121.461 E19.49035
G1 X103.539 Y103.599 E20.09496
G1 X103.539 Y103.599 F7800
G1 X103.132 Y103.132
G1 F3600
G1 X121.868 Y103.132 E20.72915
G1 X121.868 Y112.5 E21.04625
G1 X121.868 Y121.868 E21.36335
G1 X103.132 Y121.868 E21.99754
G1 X103.132 Y103.192 E22.6297
G1 X102.725 Y102.725 F7800
;TYPE:External perimeter
G1 F1800
G1 X122.275 Y102.725 E23.29144
G1 X122.275 Y112.5 E23.62231
G1 X122.275 Y122.275 E23.95318
G1 X102.725 Y122.275 E24.61492
G1 X102.725 Y102.785 E25.27463
G1 X103.121 Y102.726 F7800
G1 E23.27463 F2400
G92 E0
G1 X103.844 Y119.454 F7800
G1 E2 F2400
;TYPE:Internal infill
;WIDTH:0.45
G1 F4800
G1 X103.844 Y121.156 E2.05761
G1 X104.586 Y121.156 E2.08273
G1 X104.526 Y120.799 E2.09498
G1 X104.545 Y120.362 E2.10979
G1 X104.702 Y119.925 E2.12551
G1 X105.068 Y119.488 E2.1448
G1 X105.988 Y118.615 E2.18773
G1 X106.263 Y118.178 E2.20521
G1 X106.424 Y117.741 E2.22097
G1 X106.498 Y117.305 E2.23594
G1 X106.478 Y116.868 E2.25075
G1 X106.321 Y116.431 E2.26647
G1 X105.955 Y115.994 E2.28576
G1 X105.035 Y115.121 E2.32869
G1 X104.761 Y114.684 E2.34615
G1 X104.599 Y114.247 E2.36193
G1 X104.526 Y113.81 E2.37693
G1 X104.545 Y113.374 E2.3917
G1 X104.702 Y112.937 E2.40742
G1 X105.068 Y112.5 E2.42671
G1 X105.988 Y111.626 E2.46966
G1 X106.263 Y111.19 E2.48711
G1 X106.424 Y110.753 E2.50287
G1 X106.498 Y110.316 E2.51787
G1 X106.478 Y109.879 E2.53268
G1 X106.321 Y109.443 E2.54837
G1 X105.955 Y109.006 E2.56766
G1 X105.035 Y108.132 E2.61061
G1 X104.761 Y107.695 E2.62807
G1 X104.599 Y107.259 E2.64381
G1 X104.526 Y106.822 E2.65881
G1 X104.545 Y106.385 E2.67362
G1 X104.702 Y105.948 E2.68934
G1 X105.068 Y105.512 E2.70861
G1 X105.988 Y104.638 E2.75156
G1 X106.263 Y104.201 E2.76904
G1 X106.395 Y103.844 E2.78192
G1 X109.932 Y103.844 E2.90164
G1 X109.992 Y104.201 E2.91389
G1 X109.973 Y104.638 E2.9287
G1 X109.815 Y105.075 E2.94443
G1 X109.449 Y105.512 E2.96372
G1 X108.529 Y106.385 E3.00665
G1 X108.255 Y106.822 E3.02411
G1 X108.093 Y107.259 E3.03989
G1 X108.02 Y107.695 E3.05485
G1 X108.039 Y108.132 E3.06966
G1 X108.197 Y108.569 E3.08539
G1 X108.563 Y109.006 E3.10468
G1 X109.482 Y109.879 E3.14759
G1 X109.757 Y110.316 E3.16507
G1 X109.918 Y110.753 E3.18083
G1 X109.992 Y111.19 E3.19583
G1 X109.973 Y111.626 E3.2106
G1 X109.815 Y112.063 E3.22633
G1 X109.449 Y112.5 E3.24562
G1 X108.529 Y113.374 E3.28857
G1 X108.255 Y113.81 E3.306
G1 X108.093 Y114.247 E3.32178
G1 X108.02 Y114.684 E3.33678
G1 X108.039 Y115.121 E3.35159
G1 X108.197 Y115.557 E3.36729
G1 X108.563 Y115.994 E3.38658
G1 X109.482 Y116.868 E3.42951
G1 X109.757 Y117.305 E3.44699
G1 X109.918 Y117.741 E3.46272
G1 X109.992 Y118.178 E3.47772
G1 X109.973 Y118.615 E3.49253
G1 X109.815 Y119.052 E3.50826
G1 X109.449 Y119.488 E3.52753
G1 X108.529 Y120.362 E3.57048
G1 X108.255 Y120.799 E3.58794
G1 X108.123 Y121.156 E3.60082
G1 X111.574 Y121.156 E3.71763
G1 X111.514 Y120.799 E3.72988
G1 X111.533 Y120.362 E3.74469
G1 X111.691 Y119.925 E3.76042
G1 X112.057 Y119.488 E3.77971
G1 X112.977 Y118.615 E3.82264
G1 X113.251 Y118.178 E3.8401
G1 X113.413 Y117.741 E3.85588
G1 X113.486 Y117.305 E3.87084
G1 X113.467 Y116.868 E3.88565
G1 X113.309 Y116.431 E3.90138
G1 X112.943 Y115.994 E3.92067
G1 X112.023 Y115.121 E3.9636
G1 X111.749 Y114.684 E3.98106
G1 X111.588 Y114.247 E3.99682
G1 X111.514 Y113.81 E4.01182
G1 X111.533 Y113.374 E4.02659
G1 X111.691 Y112.937 E4.04232
G1 X112.057 Y112.5 E4.06161
G1 X112.977 Y111.626 E4.10456
G1 X113.251 Y111.19 E4.12199
G1 X113.413 Y110.753 E4.13777
G1 X113.486 Y110.316 E4.15277
G1 X113.467 Y109.879 E4.16758
G1 X113.309 Y109.443 E4.18328
G1 X112.943 Y109.006 E4.20257
G1 X112.023 Y108.132 E4.24552
G1 X111.749 Y107.695 E4.26298
G1 X111.588 Y107.259 E4.27871
G1 X111.514 Y106.822 E4.29371
G1 X111.533 Y106.385 E4.30852
G1 X111.691 Y105.948 E4.32425
G1 X112.057 Y105.512 E4.34352
G1 X112.977 Y104.638 E4.38647
G1 X113.251 Y104.201 E4.40393
G1 X113.383 Y103.844 E4.41681
G1 X116.92 Y103.844 E4.53653
G1 X116.98 Y104.201 E4.54878
G1 X116.961 Y104.638 E4.56359
G1 X116.803 Y105.075 E4.57932
G1 X116.437 Y105.512 E4.59861
G1 X115.518 Y106.385 E4.64152
G1 X115.243 Y106.822 E4.659
G1 X115.082 Y107.259 E4.67476
G1 X115.008 Y107.695 E4.68973
G1 X115.027 Y108.132 E4.70454
G1 X115.185 Y108.569 E4.72027
G1 X115.551 Y109.006 E4.73956
G1 X116.471 Y109.879 E4.78249
G1 X116.745 Y110.316 E4.79995
G1 X116.907 Y110.753 E4.81573
G1 X116.98 Y111.19 E4.83073
G1 X116.961 Y111.626 E4.8455
G1 X116.803 Y112.063 E4.86123
G1 X116.437 Y112.5 E4.88052
G1 X115.518 Y113.374 E4.92345
G1 X115.243 Y113.81 E4.9409
G1 X115.082 Y114.247 E4.95666
G1 X115.008 Y114.684 E4.97166
G1 X115.027 Y115.121 E4.98647
G1 X115.185 Y115.557 E5.00217
G1 X115.551 Y115.994 E5.02146
G1 X116.471 Y116.868 E5.06441
G1 X116.745 Y117.305 E5.08187
G1 X116.907 Y117.741 E5.09761
G1 X116.98 Y118.178 E5.11261
G1 X116.961 Y118.615 E5.12742
G1 X116.803 Y119.052 E5.14315
G1 X116.437 Y119.488 E5.16242
G1 X115.518 Y120.362 E5.20535
G1 X115.243 Y120.799 E5.22283
G1 X115.111 Y121.156 E5.23571
G1 X118.562 Y121.156 E5.35252
G1 X118.502 Y120.799 E5.36477
G1 X118.522 Y120.362 E5.37958
G1 X118.679 Y119.925 E5.3953
G1 X119.045 Y119.488 E5.41459
G1 X119.965 Y118.615 E5.45752
G1 X120.239 Y118.178 E5.47498
G1 X120.401 Y117.741 E5.49076
G1 X120.474 Y117.305 E5.50572
G1 X120.455 Y116.868 E5.52053
G1 X120.298 Y116.431 E5.53625
G1 X119.932 Y115.994 E5.55554
G1 X119.012 Y115.121 E5.59847
G1 X118.737 Y114.684 E5.61595
G1 X118.576 Y114.247 E5.63171
G1 X118.502 Y113.81 E5.64671
G1 X118.522 Y113.374 E5.66148
G1 X118.679 Y112.937 E5.6772
G1 X119.045 Y112.5 E5.69649
G1 X119.965 Y111.626 E5.73944
G1 X120.239 Y111.19 E5.75687
G1 X120.401 Y110.753 E5.77265
G1 X120.474 Y110.316 E5.78765
G1 X120.455 Y109.879 E5.80246
G1 X120.298 Y109.443 E5.81815
G1 X119.932 Y109.006 E5.83744
G1 X119.012 Y108.132 E5.88039
G1 X118.737 Y107.695 E5.89787
G1 X118.576 Y107.259 E5.9136
G1 X118.502 Y106.822 E5.9286
G1 X118.522 Y106.385 E5.94341
G1 X118.679 Y105.948 E5.95913
G1 X119.045 Y105.512 E5.9784
G1 X119.965 Y104.638 E6.02135
G1 X120.239 Y104.201 E6.03881
G1 X120.371 Y103.844 E6.05169
G1 X121.156 Y103.844 E6.07826
G1 X121.156 Y105.503 E6.13442
;LAYER_CHANGE
;Z:7.6
;HEIGHT:0.2
G1 Z7.6 F7800
G1 E4.13442 F2400
G1 Z7.6 F7800
G1 X103.539 Y103.539
G1 E6.13442 F2400
;TYPE:Perimeter
;WIDTH:0.449999
G1 F3600
G1 X121.461 Y103.539 E6.74106
G1 X121.461 Y112.5 E7.04438
G1 X121.461 Y121.461 E7.3477
G1 X103.539 Y121.461 E7.95434
G1 X103.539 Y103.599 E8.55895
G1 X103.539 Y103.599 F7800
G1 X103.132 Y103.132
G1 F3600
G1 X121.868 Y103.132 E9.19314
G1 X121.868 Y112.5 E9.51024
G1 X121.868 Y121.868 E9.82734
G1 X103.132 Y121.868 E10.46153
G1 X103.132 Y103.192 E11.09369
G1 X102.725 Y102.725 F7800
;TYPE:External perimeter
G1 F1800
G1 X122.275 Y102.725 E11.75543
G1 X122.275 Y112.5 E12.0863
G1 X122.275 Y122.275 E12.41717
G1 X102.725 Y122.275 E13.07891
G1 X102.725 Y102.785 E13.73862
G1 X103.121 Y102.726 F7800
G1 E11.73862 F2400
G92 E0
G1 X115.864 Y103.844 F7800
G1 E2 F2400
;TYPE:Internal infill
;WIDTH:0.45
G1 F4800
G1 X113.421 Y103.844 E2.08269
G1 X113.24 Y104.201 E2.09624
G1 X112.892 Y104.638 E2.11515
G1 X111.766 Y105.512 E2.1634
G1 X111.427 Y105.948 E2.18209
G1 X111.352 Y106.385 E2.1971
G1 X111.538 Y107.259 E2.22735
G1 X111.76 Y107.695 E2.24391
G1 X112.108 Y108.132 E2.26282
G1 X113.234 Y109.006 E2.31107
G1 X113.573 Y109.443 E2.32979
G1 X113.648 Y109.879 E2.34476
G1 X113.462 Y110.753 E2.37501
G1 X113.24 Y111.19 E2.3916
G1 X112.892 Y111.626 E2.41048
G1 X111.766 Y112.5 E2.45873
G1 X111.427 Y112.937 E2.47745
G1 X111.352 Y113.374 E2.49246
G1 X111.538 Y114.247 E2.52267
G1 X111.76 Y114.684 E2.53926
G1 X112.108 Y115.121 E2.55817
G1 X113.234 Y115.994 E2.6064
G1 X113.573 Y116.431 E2.62512
G1 X113.648 Y116.868 E2.64013
G1 X113.462 Y117.741 E2.67034
G1 X113.24 Y118.178 E2.68693
G1 X112.892 Y118.615 E2.70584
G1 X111.766 Y119.488 E2.75407
G1 X111.427 Y119.925 E2.77279
G1 X111.352 Y120.362 E2.7878
G1 X111.521 Y121.156 E2.81528
G1 X108.084 Y121.156 E2.93162
G1 X108.265 Y120.799 E2.94517
G1 X108.614 Y120.362 E2.9641
G1 X109.74 Y119.488 E3.01235
G1 X110.079 Y119.052 E3.03104
G1 X110.154 Y118.615 E3.04605
G1 X109.968 Y117.741 E3.0763
G1 X109.746 Y117.305 E3.09286
G1 X109.398 Y116.868 E3.11177
G1 X108.272 Y115.994 E3.16002
G1 X107.933 Y115.557 E3.17874
G1 X107.857 Y115.121 E3.19372
G1 X108.044 Y114.247 E3.22397
G1 X108.265 Y113.81 E3.24055
G1 X108.614 Y113.374 E3.25945
G1 X109.74 Y112.5 E3.3077
G1 X110.079 Y112.063 E3.32642
G1 X110.154 Y111.626 E3.34143
G1 X109.968 Y110.753 E3.37164
G1 X109.746 Y110.316 E3.38823
G1 X109.398 Y109.879 E3.40714
G1 X108.272 Y109.006 E3.45537
G1 X107.933 Y108.569 E3.47409
G1 X107.857 Y108.132 E3.4891
G1 X108.044 Y107.259 E3.51932
G1 X108.265 Y106.822 E3.5359
G1 X108.614 Y106.385 E3.55483
G1 X109.74 Y105.512 E3.60306
G1 X110.079 Y105.075 E3.62178
G1 X110.154 Y104.638 E3.63679
G1 X109.985 Y103.844 E3.66427
G1 X106.433 Y103.844 E3.7845
G1 X106.252 Y104.201 E3.79805
G1 X105.903 Y104.638 E3.81698
G1 X104.778 Y105.512 E3.8652
G1 X104.439 Y105.948 E3.88389
G1 X104.363 Y106.385 E3.8989
G1 X104.55 Y107.259 E3.92915
G1 X104.771 Y107.695 E3.9457
G1 X105.12 Y108.132 E3.96463
G1 X106.245 Y109.006 E4.01285
G1 X106.585 Y109.443 E4.03159
G1 X106.66 Y109.879 E4.04656
G1 X106.473 Y110.753 E4.07681
G1 X106.252 Y111.19 E4.09339
G1 X105.903 Y111.626 E4.11229
G1 X104.778 Y112.5 E4.16051
G1 X104.439 Y112.937 E4.17923
G1 X104.363 Y113.374 E4.19424
G1 X104.55 Y114.247 E4.22446
G1 X104.771 Y114.684 E4.24104
G1 X105.12 Y115.121 E4.25997
G1 X106.245 Y115.994 E4.30817
G1 X106.585 Y116.431 E4.32691
G1 X106.66 Y116.868 E4.34192
G1 X106.473 Y117.741 E4.37214
G1 X106.252 Y118.178 E4.38872
G1 X105.903 Y118.615 E4.40765
G1 X104.778 Y119.488 E4.45585
G1 X104.439 Y119.925 E4.47457
G1 X104.363 Y120.362 E4.48958
G1 X104.533 Y121.156 E4.51707
G1 X103.844 Y121.156 E4.54039
G1 X103.844 Y119.401 E4.59979
G1 E2.59979 F2400
G92 E0
G1 X103.844 Y119.401 F7800
G1 X112.63 Y121.156
G1 E2 F2400
G1 F4800
G1 X115.073 Y121.156 E2.08269
G1 X115.254 Y120.799 E2.09624
G1 X115.602 Y120.362 E2.11515
G1 X116.728 Y119.488 E2.1634
G1 X117.067 Y119.052 E2.18209
G1 X117.143 Y118.615 E2.1971
G1 X116.956 Y117.741 E2.22735
G1 X116.735 Y117.305 E2.2439
G1 X116.386 Y116.868 E2.26283
G1 X115.26 Y115.994 E2.31108
G1 X114.921 Y115.557 E2.3298
G1 X114.846 Y115.121 E2.34477
G1 X115.032 Y114.247 E2.37502
G1 X115.254 Y113.81 E2.39161
G1 X115.602 Y113.374 E2.41049
G1 X116.728 Y112.5 E2.45874
G1 X117.067 Y112.063 E2.47746
G1 X117.143 Y111.626 E2.49247
G1 X116.956 Y110.753 E2.52269
G1 X116.735 Y110.316 E2.53927
G1 X116.386 Y109.879 E2.5582
G1 X115.26 Y109.006 E2.60643
G1 X114.921 Y108.569 E2.62515
G1 X114.846 Y108.132 E2.64016
G1 X115.032 Y107.259 E2.67037
G1 X115.254 Y106.822 E2.68696
G1 X115.602 Y106.385 E2.70587
G1 X116.728 Y105.512 E2.7541
G1 X117.067 Y105.075 E2.77282
G1 X117.143 Y104.638 E2.78783
G1 X116.973 Y103.844 E2.81532
G1 X120.41 Y103.844 E2.93166
G1 X120.229 Y104.201 E2.94521
G1 X119.88 Y104.638 E2.96414
G1 X118.755 Y105.512 E3.01236
G1 X118.415 Y105.948 E3.03107
G1 X118.34 Y106.385 E3.04608
G1 X118.527 Y107.259 E3.07633
G1 X118.748 Y107.695 E3.09288
G1 X119.097 Y108.132 E3.11181
G1 X120.222 Y109.006 E3.16003
G1 X120.561 Y109.443 E3.17875
G1 X120.637 Y109.879 E3.19373
G1 X120.45 Y110.753 E3.22398
G1 X120.229 Y111.19 E3.24056
G1 X119.88 Y111.626 E3.25946
G1 X118.755 Y112.5 E3.30768
G1 X118.415 Y112.937 E3.32642
G1 X118.34 Y113.374 E3.34143
G1 X118.527 Y114.247 E3.37165
G1 X118.748 Y114.684 E3.38823
G1 X119.097 Y115.121 E3.40716
G1 X120.222 Y115.994 E3.45536
G1 X120.561 Y116.431 E3.47408
G1 X120.637 Y116.868 E3.48909
G1 X120.45 Y117.741 E3.51931
G1 X120.229 Y118.178 E3.53589
G1 X119.88 Y118.615 E3.55482
G1 X118.755 Y119.488 E3.60302
G1 X118.415 Y119.925 E3.62176
G1 X118.34 Y120.362 E3.63677
G1 X118.509 Y121.156 E3.66425
G1 X120.952 Y121.156 E3.74694
;LAYER_CHANGE
;Z:7.8
;HEIGHT:0.2
G1 Z7.8 F7800
G1 E1.74694 F2400
G1 Z7.8 F7800
G1 X103.539 Y103.539
G1 E3.74694 F2400
;TYPE:Perimeter
;WIDTH:0.449999
G1 F3600
G1 X121.461 Y103.539 E4.35358
G1 X121.461 Y112.5 E4.6569
G1 X121.461 Y121.461 E4.96022
G1 X103.539 Y121.461 E5.56686
G1 X103.539 Y103.599 E6.17147
G1 X103.539 Y103.599 F7800
G1 X103.132 Y103.132
G1 F3600
G1 X121.868 Y103.132 E6.80566
G1 X121.868 Y112.5 E7.12276
G1 X121.868 Y121.868 E7.43986
G1 X103.132 Y121.868 E8.07405
G1 X103.132 Y103.192 E8.70621
G1 X102.725 Y102.725 F7800
;TYPE:External perimeter
G1 F1800
G1 X122.275 Y102.725 E9.36795
G1 X122.275 Y112.5 E9.69882
G1 X122.275 Y122.275 E10.02969
G1 X102.725 Y122.275 E10.69143
G1 X102.725 Y102.785 E11.35114
G1 X103.121 Y102.726 F7800
G1 E9.35114 F2400
G92 E0
G1 X121.156 Y105.603 F7800
G1 E2 F2400
;TYPE:Internal infill
;WIDTH:0.45
G1 F4800
G1 X121.156 Y103.844 E2.05954
G1 X120.471 Y103.844 E2.08273
G1 X120.24 Y104.201 E2.09712
G1 X119.803 Y104.638 E2.11804
G1 X118.257 Y105.512 E2.17815
G1 X118.042 Y105.948 E2.1946
G1 X118.114 Y106.385 E2.20959
G1 X118.454 Y107.259 E2.24133
G1 X118.737 Y107.695 E2.25892
G1 X119.174 Y108.132 E2.27984
G1 X120.72 Y109.006 E2.33995
G1 X120.934 Y109.443 E2.35642
G1 X120.863 Y109.879 E2.37137
G1 X120.523 Y110.753 E2.40311
G1 X120.24 Y111.19 E2.42073
G1 X119.803 Y111.626 E2.44163
G1 X118.257 Y112.5 E2.50174
G1 X118.042 Y112.937 E2.51823
G1 X118.114 Y113.374 E2.53322
G1 X118.454 Y114.247 E2.56493
G1 X118.737 Y114.684 E2.58255
G1 X119.174 Y115.121 E2.60347
G1 X120.72 Y115.994 E2.66357
G1 X120.934 Y116.431 E2.68004
G1 X120.863 Y116.868 E2.69503
G1 X120.523 Y117.741 E2.72674
G1 X120.24 Y118.178 E2.74436
G1 X119.803 Y118.615 E2.76528
G1 X118.257 Y119.488 E2.82538
G1 X118.042 Y119.925 E2.84187
G1 X118.114 Y120.362 E2.85686
G1 X118.423 Y121.156 E2.8857
G1 X115.011 Y121.156 E3.00119
G1 X115.243 Y120.799 E3.0156
G1 X115.68 Y120.362 E3.03652
G1 X117.225 Y119.488 E3.0966
G1 X117.44 Y119.052 E3.11305
G1 X117.369 Y118.615 E3.12804
G1 X117.029 Y117.741 E3.15978
G1 X116.745 Y117.305 E3.17739
G1 X116.308 Y116.868 E3.19831
G1 X114.763 Y115.994 E3.25839
G1 X114.548 Y115.557 E3.27488
G1 X114.62 Y115.121 E3.28984
G1 X114.96 Y114.247 E3.32158
G1 X115.243 Y113.81 E3.3392
G1 X115.68 Y113.374 E3.3601
G1 X117.225 Y112.5 E3.42018
G1 X117.44 Y112.063 E3.43667
G1 X117.369 Y111.626 E3.45166
G1 X117.029 Y110.753 E3.48337
G1 X116.745 Y110.316 E3.50101
G1 X116.308 Y109.879 E3.52193
G1 X114.763 Y109.006 E3.582
G1 X114.548 Y108.569 E3.59849
G1 X114.62 Y108.132 E3.61348
G1 X114.96 Y107.259 E3.64519
G1 X115.243 Y106.822 E3.66281
G1 X115.68 Y106.385 E3.68373
G1 X117.225 Y105.512 E3.7438
G1 X117.44 Y105.075 E3.76029
G1 X117.369 Y104.638 E3.77528
G1 X117.06 Y103.844 E3.80412
G1 X113.483 Y103.844 E3.9252
G1 X113.251 Y104.201 E3.93961
G1 X112.814 Y104.638 E3.96053
G1 X111.269 Y105.512 E4.02061
G1 X111.054 Y105.948 E4.03706
G1 X111.126 Y106.385 E4.05205
G1 X111.465 Y107.259 E4.08378
G1 X111.749 Y107.695 E4.10139
G1 X112.186 Y108.132 E4.12231
G1 X113.731 Y109.006 E4.18239
G1 X113.946 Y109.443 E4.19888
G1 X113.874 Y109.879 E4.21384
G1 X113.535 Y110.753 E4.24557
G1 X113.251 Y111.19 E4.26321
G1 X112.814 Y111.626 E4.28411
G1 X111.269 Y112.5 E4.34419
G1 X111.054 Y112.937 E4.36068
G1 X111.126 Y113.374 E4.37567
G1 X111.465 Y114.247 E4.40737
G1 X111.749 Y114.684 E4.42501
G1 X112.186 Y115.121 E4.44593
G1 X113.731 Y115.994 E4.506
G1 X113.946 Y116.431 E4.52249
G1 X113.874 Y116.868 E4.53748
G1 X113.535 Y117.741 E4.56918
G1 X113.251 Y118.178 E4.58682
G1 X112.814 Y118.615 E4.60774
G1 X111.269 Y119.488 E4.66781
G1 X111.054 Y119.925 E4.6843
G1 X111.126 Y120.362 E4.69929
G1 X111.434 Y121.156 E4.72812
G1 X108.023 Y121.156 E4.84358
G1 X108.255 Y120.799 E4.85799
G1 X108.692 Y120.362 E4.87891
G1 X110.237 Y119.488 E4.93899
G1 X110.452 Y119.052 E4.95544
G1 X110.38 Y118.615 E4.97043
G1 X110.04 Y117.741 E5.00217
G1 X109.757 Y117.305 E5.01976
G1 X109.32 Y116.868 E5.04068
G1 X107.775 Y115.994 E5.10076
G1 X107.56 Y115.557 E5.11725
G1 X107.631 Y115.121 E5.1322
G1 X107.971 Y114.247 E5.16394
G1 X108.255 Y113.81 E5.18158
G1 X108.692 Y113.374 E5.20248
G1 X110.237 Y112.5 E5.26256
G1 X110.452 Y112.063 E5.27905
G1 X110.38 Y111.626 E5.29404
G1 X110.04 Y110.753 E5.32575
G1 X109.757 Y110.316 E5.34337
G1 X109.32 Y109.879 E5.36429
G1 X107.775 Y109.006 E5.42436
G1 X107.56 Y108.569 E5.44085
G1 X107.631 Y108.132 E5.45584
G1 X107.971 Y107.259 E5.48755
G1 X108.255 Y106.822 E5.50519
G1 X108.692 Y106.385 E5.52611
G1 X110.237 Y105.512 E5.58618
G1 X110.452 Y105.075 E5.60267
G1 X110.38 Y104.638 E5.61766
G1 X110.072 Y103.844 E5.64649
G1 X106.494 Y103.844 E5.7676
G1 X106.263 Y104.201 E5.78199
G1 X105.826 Y104.638 E5.80291
G1 X104.28 Y105.512 E5.86302
G1 X104.066 Y105.948 E5.87946
G1 X104.137 Y106.385 E5.89445
G1 X104.477 Y107.259 E5.92619
G1 X104.76 Y107.695 E5.94378
G1 X105.197 Y108.132 E5.9647
G1 X106.743 Y109.006 E6.02481
G1 X106.958 Y109.443 E6.0413
G1 X106.886 Y109.879 E6.05626
G1 X106.546 Y110.753 E6.088
G1 X106.263 Y111.19 E6.10562
G1 X105.826 Y111.626 E6.12652
G1 X104.28 Y112.5 E6.18663
G1 X104.066 Y112.937 E6.2031
G1 X104.137 Y113.374 E6.21809
G1 X104.477 Y114.247 E6.2498
G1 X104.76 Y114.684 E6.26742
G1 X105.197 Y115.121 E6.28834
G1 X106.743 Y115.994 E6.34844
G1 X106.958 Y116.431 E6.36493
G1 X106.886 Y116.868 E6.37992
G1 X106.546 Y117.741 E6.41163
G1 X106.263 Y118.178 E6.42925
G1 X105.826 Y118.615 E6.45017
G1 X104.28 Y119.488 E6.51027
G1 X104.066 Y119.925 E6.52674
G1 X104.137 Y120.362 E6.54173
G1 X104.446 Y121.156 E6.57057
G1 X106.888 Y121.156 E6.65323
;LAYER_CHANGE
;Z:8
;HEIGHT:0.2
G1 Z8 F7800
G1 E4.65323 F2400
G1 Z8 F7800
G1 X103.539 Y103.539
G1 E6.65323 F2400
;TYPE:Perimeter
;WIDTH:0.449999
G1 F3600
G1 X121.461 Y103.539 E7.25987
G1 X121.461 Y112.5 E7.56319
G1 X121.461 Y121.461 E7.86651
G1 X103.539 Y121.461 E8.47315
G1 X103.539 Y103.599 E9.07776
G1 X103.539 Y103.599 F7800
G1 X103.132 Y103.132
G1 F3600
G1 X121.868 Y103.132 E9.71195
G1 X121.868 Y112.5 E10.02905
G1 X121.868 Y121.868 E10.34615
G1 X103.132 Y121.868 E10.98034
G1 X103.132 Y103.192 E11.6125
G1 X102.725 Y102.725 F7800
;TYPE:External perimeter
G1 F1800
G1 X122.275 Y102.725 E12.27424
G1 X122.275 Y112.5 E12.60511
G1 X122.275 Y122.275 E12.93598
G1 X102.725 Y122.275 E13.59772
G1 X102.725 Y102.785 E14.25743
G1 X103.121 Y102.726 F7800
G1 E12.25743 F2400
G92 E0
G1 X121.156 Y105.665 F7800
G1 E2 F2400
;TYPE:Internal infill
;WIDTH:0.45
G1 F4800
G1 X121.156 Y103.844 E2.06164
G1 X120.534 Y103.844 E2.08269
G1 X120.362 Y104.107 E2.09333
G1 X119.925 Y104.509 E2.11343
G1 X119.488 Y104.768 E2.13062
G1 X118.615 Y105.047 E2.16164
G1 X118.178 Y105.049 E2.17643
G1 X117.741 Y104.756 E2.19424
G1 X117.145 Y103.844 E2.23112
G1 X113.546 Y103.844 E2.35294
G1 X113.374 Y104.107 E2.36358
G1 X112.937 Y104.509 E2.38368
G1 X112.5 Y104.768 E2.40087
G1 X111.626 Y105.047 E2.43192
G1 X111.19 Y105.049 E2.44668
G1 X110.753 Y104.756 E2.46449
G1 X110.156 Y103.844 E2.50139
G1 X106.557 Y103.844 E2.62321
G1 X106.385 Y104.107 E2.63385
G1 X105.948 Y104.509 E2.65395
G1 X105.512 Y104.768 E2.67112
G1 X104.638 Y105.047 E2.70217
G1 X104.201 Y105.049 E2.71696
G1 X103.844 Y104.81 E2.7315
G1 X103.844 Y106.389 E2.78495
G1 X104.638 Y107.602 E2.83402
G1 X105.075 Y108.003 E2.8541
G1 X105.512 Y108.263 E2.87131
G1 X106.385 Y108.541 E2.90232
G1 X106.822 Y108.543 E2.91711
G1 X107.259 Y108.251 E2.9349
G1 X108.132 Y106.916 E2.98889
G1 X108.569 Y106.514 E3.00899
G1 X109.006 Y106.255 E3.02618
G1 X109.879 Y105.976 E3.0572
G1 X110.316 Y105.974 E3.07199
G1 X110.753 Y106.267 E3.0898
G1 X111.626 Y107.602 E3.14379
G1 X112.063 Y108.003 E3.16387
G1 X112.5 Y108.263 E3.18108
G1 X113.374 Y108.541 E3.21212
G1 X113.81 Y108.543 E3.22688
G1 X114.247 Y108.251 E3.24467
G1 X115.121 Y106.916 E3.29868
G1 X115.557 Y106.514 E3.31875
G1 X115.994 Y106.255 E3.33594
G1 X116.868 Y105.976 E3.36699
G1 X117.305 Y105.974 E3.38178
G1 X117.741 Y106.267 E3.39956
G1 X118.615 Y107.602 E3.45357
G1 X119.052 Y108.003 E3.47365
G1 X119.488 Y108.263 E3.49083
G1 X120.362 Y108.541 E3.52187
G1 X120.799 Y108.543 E3.53666
G1 X121.156 Y108.304 E3.5512
G1 X121.156 Y109.883 E3.60465
G1 X120.362 Y111.096 E3.65372
G1 X119.925 Y111.497 E3.6738
G1 X119.488 Y111.757 E3.69101
G1 X118.615 Y112.035 E3.72202
G1 X118.178 Y112.038 E3.73681
G1 X117.741 Y111.745 E3.75462
G1 X116.868 Y110.41 E3.80861
G1 X116.431 Y110.009 E3.82869
G1 X115.994 Y109.749 E3.8459
G1 X115.121 Y109.471 E3.87691
G1 X114.684 Y109.468 E3.8917
G1 X114.247 Y109.761 E3.90951
G1 X113.374 Y111.096 E3.9635
G1 X112.937 Y111.497 E3.98358
G1 X112.5 Y111.757 E4.00079
G1 X111.626 Y112.035 E4.03183
G1 X111.19 Y112.038 E4.04659
G1 X110.753 Y111.745 E4.0644
G1 X109.879 Y110.41 E4.11841
G1 X109.443 Y110.009 E4.13846
G1 X109.006 Y109.749 E4.15567
G1 X108.132 Y109.471 E4.18671
G1 X107.695 Y109.468 E4.2015
G1 X107.259 Y109.761 E4.21928
G1 X106.385 Y111.096 E4.27329
G1 X105.948 Y111.497 E4.29337
G1 X105.512 Y111.757 E4.31055
G1 X104.638 Y112.035 E4.34159
G1 X104.201 Y112.038 E4.35638
G1 X103.844 Y111.798 E4.37094
G1 X103.844 Y113.377 E4.42439
G1 X104.638 Y114.59 E4.47346
G1 X105.075 Y114.991 E4.49354
G1 X105.512 Y115.251 E4.51075
G1 X106.385 Y115.529 E4.54176
G1 X106.822 Y115.532 E4.55655
G1 X107.259 Y115.239 E4.57436
G1 X108.132 Y113.904 E4.62835
G1 X108.569 Y113.503 E4.64843
G1 X109.006 Y113.243 E4.66564
G1 X109.879 Y112.965 E4.69665
G1 X110.316 Y112.962 E4.71144
G1 X110.753 Y113.255 E4.72925
G1 X111.626 Y114.59 E4.78324
G1 X112.063 Y114.991 E4.80332
G1 X112.5 Y115.251 E4.82053
G1 X113.374 Y115.529 E4.85157
G1 X113.81 Y115.532 E4.86633
G1 X114.247 Y115.239 E4.88414
G1 X115.121 Y113.904 E4.93815
G1 X115.557 Y113.503 E4.9582
G1 X115.994 Y113.243 E4.97541
G1 X116.868 Y112.965 E5.00645
G1 X117.305 Y112.962 E5.02124
G1 X117.741 Y113.255 E5.03902
G1 X118.615 Y114.59 E5.09303
G1 X119.052 Y114.991 E5.11311
G1 X119.488 Y115.251 E5.13029
G1 X120.362 Y115.529 E5.16133
G1 X120.799 Y115.532 E5.17612
G1 X121.156 Y115.293 E5.19066
G1 X121.156 Y116.872 E5.24411
G1 X120.362 Y118.084 E5.29315
G1 X119.925 Y118.486 E5.31325
G1 X119.488 Y118.745 E5.33044
G1 X118.615 Y119.024 E5.36146
G1 X118.178 Y119.026 E5.37625
G1 X117.741 Y118.733 E5.39406
G1 X116.868 Y117.398 E5.44805
G1 X116.431 Y116.997 E5.46813
G1 X115.994 Y116.737 E5.48534
G1 X115.121 Y116.459 E5.51635
G1 X114.684 Y116.457 E5.53114
G1 X114.247 Y116.749 E5.54893
G1 X113.374 Y118.084 E5.60292
G1 X112.937 Y118.486 E5.62302
G1 X112.5 Y118.745 E5.64021
G1 X111.626 Y119.024 E5.67126
G1 X111.19 Y119.026 E5.68602
G1 X110.753 Y118.733 E5.70383
G1 X109.879 Y117.398 E5.75784
G1 X109.443 Y116.997 E5.77789
G1 X109.006 Y116.737 E5.7951
G1 X108.132 Y116.459 E5.82614
G1 X107.695 Y116.457 E5.84093
G1 X107.259 Y116.749 E5.85869
G1 X106.385 Y118.084 E5.9127
G1 X105.948 Y118.486 E5.9328
G1 X105.512 Y118.745 E5.94997
G1 X104.638 Y119.024 E5.98102
G1 X104.201 Y119.026 E5.99581
G1 X103.844 Y118.787 E6.01035
G1 X103.844 Y120.366 E6.0638
G1 X104.361 Y121.156 E6.09576
G1 X107.9 Y121.156 E6.21555
G1 X108.569 Y120.491 E6.24748
G1 X109.006 Y120.232 E6.26467
G1 X109.879 Y119.953 E6.29569
G1 X110.316 Y119.951 E6.31048
G1 X110.753 Y120.244 E6.32829
G1 X111.35 Y121.156 E6.36519
G1 X114.888 Y121.156 E6.48495
G1 X115.557 Y120.491 E6.51688
G1 X115.994 Y120.232 E6.53407
G1 X116.868 Y119.953 E6.56512
G1 X117.305 Y119.951 E6.57991
G1 X117.741 Y120.244 E6.59769
G1 X118.338 Y121.156 E6.63459
G1 X120.781 Y121.156 E6.71728
;LAYER_CHANGE
;Z:8.2
;HEIGHT:0.2
G1 Z8.2 F7800
G1 E4.71728 F2400
G1 Z8.2 F7800
G1 X103.539 Y103.539
G1 E6.71728 F2400
;TYPE:Perimeter
;WIDTH:0.449999
G1 F3600
G1 X121.461 Y103.539 E7.32392
G1 X121.461 Y112.5 E7.62724
G1 X121.461 Y121.461 E7.93056
G1 X103.539 Y121.461 E8.5372
G1 X103.539 Y103.599 E9.14181
G1 X103.539 Y103.599 F7800
G1 X103.132 Y103.132
G1 F3600
G1 X121.868 Y103.132 E9.776
G1 X121.868 Y112.5 E10.0931
G1 X121.868 Y121.868 E10.4102
G1 X103.132 Y121.868 E11.04439
G1 X103.132 Y103.192 E11.67655
G1 X102.725 Y102.725 F7800
;TYPE:External perimeter
G1 F1800
G1 X122.275 Y102.725 E12.33829
G1 X122.275 Y112.5 E12.66916
G1 X122.275 Y122.275 E13.00003
G1 X102.725 Y122.275 E13.66177
G1 X102.725 Y102.785 E14.32148
G1 X103.121 Y102.726 F7800
G1 E12.32148 F2400
G92 E0
G1 X121.156 Y105.783 F7800
G1 E2 F2400
;TYPE:Internal infill
;WIDTH:0.45
G1 F4800
G1 X121.156 Y103.844 E2.06563
G1 X120.652 Y103.844 E2.08269
G1 X120.362 Y104.188 E2.09792
G1 X119.925 Y104.507 E2.11623
G1 X119.488 Y104.705 E2.13247
G1 X118.615 Y104.839 E2.16237
G1 X118.178 Y104.728 E2.17763
G1 X117.741 Y104.376 E2.19662
G1 X117.293 Y103.844 E2.22016
G1 X113.663 Y103.844 E2.34303
G1 X113.374 Y104.188 E2.35824
G1 X112.937 Y104.507 E2.37655
G1 X112.5 Y104.705 E2.39279
G1 X111.626 Y104.839 E2.42272
G1 X111.19 Y104.728 E2.43795
G1 X110.753 Y104.376 E2.45694
G1 X110.304 Y103.844 E2.4805
G1 X106.675 Y103.844 E2.60334
G1 X106.385 Y104.188 E2.61857
G1 X105.948 Y104.507 E2.63688
G1 X105.512 Y104.705 E2.65309
G1 X104.638 Y104.839 E2.68302
G1 X104.201 Y104.728 E2.69828
G1 X103.844 Y104.441 E2.71378
G1 X103.844 Y106.742 E2.79167
G1 X104.638 Y107.682 E2.83332
G1 X105.075 Y108.001 E2.85163
G1 X105.512 Y108.199 E2.86787
G1 X106.385 Y108.334 E2.89777
G1 X106.822 Y108.223 E2.91303
G1 X107.259 Y107.87 E2.93205
G1 X108.132 Y106.836 E2.97786
G1 X108.569 Y106.517 E2.99617
G1 X109.006 Y106.318 E3.01242
G1 X109.879 Y106.184 E3.04232
G1 X110.316 Y106.295 E3.05758
G1 X110.753 Y106.647 E3.07657
G1 X111.626 Y107.682 E3.1224
G1 X112.063 Y108.001 E3.14071
G1 X112.5 Y108.199 E3.15695
G1 X113.374 Y108.334 E3.18688
G1 X113.81 Y108.223 E3.20211
G1 X114.247 Y107.87 E3.22113
G1 X115.121 Y106.836 E3.26696
G1 X115.557 Y106.517 E3.28525
G1 X115.994 Y106.318 E3.3015
G1 X116.868 Y106.184 E3.33143
G1 X117.305 Y106.295 E3.34669
G1 X117.741 Y106.647 E3.36566
G1 X118.615 Y107.682 E3.41151
G1 X119.052 Y108.001 E3.42982
G1 X119.488 Y108.199 E3.44603
G1 X120.362 Y108.334 E3.47596
G1 X120.799 Y108.223 E3.49122
G1 X121.156 Y107.935 E3.50675
G1 X121.156 Y110.236 E3.58464
G1 X120.362 Y111.176 E3.62629
G1 X119.925 Y111.495 E3.6446
G1 X119.488 Y111.693 E3.66084
G1 X118.615 Y111.828 E3.69074
G1 X118.178 Y111.717 E3.706
G1 X117.741 Y111.364 E3.72502
G1 X116.868 Y110.33 E3.77083
G1 X116.431 Y110.011 E3.78914
G1 X115.994 Y109.812 E3.80539
G1 X115.121 Y109.678 E3.83529
G1 X114.684 Y109.789 E3.85055
G1 X114.247 Y110.141 E3.86954
G1 X113.374 Y111.176 E3.91537
G1 X112.937 Y111.495 E3.93368
G1 X112.5 Y111.693 E3.94992
G1 X111.626 Y111.828 E3.97985
G1 X111.19 Y111.717 E3.99508
G1 X110.753 Y111.364 E4.0141
G1 X109.879 Y110.33 E4.05993
G1 X109.443 Y110.011 E4.07822
G1 X109.006 Y109.812 E4.09447
G1 X108.132 Y109.678 E4.1244
G1 X107.695 Y109.789 E4.13966
G1 X107.259 Y110.141 E4.15863
G1 X106.385 Y111.176 E4.20448
G1 X105.948 Y111.495 E4.22279
G1 X105.512 Y111.693 E4.239
G1 X104.638 Y111.828 E4.26893
G1 X104.201 Y111.717 E4.28419
G1 X103.844 Y111.429 E4.29972
G1 X103.844 Y113.73 E4.37761
G1 X104.638 Y114.67 E4.41926
G1 X105.075 Y114.989 E4.43757
G1 X105.512 Y115.188 E4.45382
G1 X106.385 Y115.322 E4.48372
G1 X106.822 Y115.211 E4.49898
G1 X107.259 Y114.859 E4.51797
G1 X108.132 Y113.824 E4.5638
G1 X108.569 Y113.505 E4.58211
G1 X109.006 Y113.307 E4.59835
G1 X109.879 Y113.172 E4.62825
G1 X110.316 Y113.283 E4.64351
G1 X110.753 Y113.636 E4.66253
G1 X111.626 Y114.67 E4.70834
G1 X112.063 Y114.989 E4.72665
G1 X112.5 Y115.188 E4.7429
G1 X113.374 Y115.322 E4.77283
G1 X113.81 Y115.211 E4.78806
G1 X114.247 Y114.859 E4.80705
G1 X115.121 Y113.824 E4.8529
G1 X115.557 Y113.505 E4.87119
G1 X115.994 Y113.307 E4.88743
G1 X116.868 Y113.172 E4.91736
G1 X117.305 Y113.283 E4.93262
G1 X117.741 Y113.636 E4.95161
G1 X118.615 Y114.67 E4.99744
G1 X119.052 Y114.989 E5.01575
G1 X119.488 Y115.188 E5.03197
G1 X120.362 Y115.322 E5.0619
G1 X120.799 Y115.211 E5.07716
G1 X121.156 Y114.923 E5.09269
G1 X121.156 Y117.225 E5.17061
G1 X120.362 Y118.164 E5.21223
G1 X119.925 Y118.483 E5.23054
G1 X119.488 Y118.682 E5.24679
G1 X118.615 Y118.816 E5.27669
G1 X118.178 Y118.705 E5.29195
G1 X117.741 Y118.353 E5.31094
G1 X116.868 Y117.318 E5.35677
G1 X116.431 Y116.999 E5.37508
G1 X115.994 Y116.801 E5.39132
G1 X115.121 Y116.666 E5.42122
G1 X114.684 Y116.777 E5.43648
G1 X114.247 Y117.13 E5.4555
G1 X113.374 Y118.164 E5.50131
G1 X112.937 Y118.483 E5.51962
G1 X112.5 Y118.682 E5.53587
G1 X111.626 Y118.816 E5.5658
G1 X111.19 Y118.705 E5.58103
G1 X110.753 Y118.353 E5.60002
G1 X109.879 Y117.318 E5.64587
G1 X109.443 Y116.999 E5.66416
G1 X109.006 Y116.801 E5.6804
G1 X108.132 Y116.666 E5.71033
G1 X107.695 Y116.777 E5.72559
G1 X107.259 Y117.13 E5.74458
G1 X106.385 Y118.164 E5.79041
G1 X105.948 Y118.483 E5.80872
G1 X105.512 Y118.682 E5.82494
G1 X104.638 Y118.816 E5.85487
G1 X104.201 Y118.705 E5.87013
G1 X103.844 Y118.417 E5.88566
G1 X103.844 Y120.719 E5.96358
G1 X104.213 Y121.156 E5.98294
G1 X107.843 Y121.156 E6.10581
G1 X108.132 Y120.812 E6.12102
G1 X108.569 Y120.493 E6.13933
G1 X109.006 Y120.295 E6.15557
G1 X109.879 Y120.161 E6.18547
G1 X110.316 Y120.272 E6.20073
G1 X110.753 Y120.624 E6.21972
G1 X111.202 Y121.156 E6.24328
G1 X114.831 Y121.156 E6.36612
G1 X115.121 Y120.812 E6.38135
G1 X115.557 Y120.493 E6.39964
G1 X115.994 Y120.295 E6.41588
G1 X116.868 Y120.161 E6.44581
G1 X117.305 Y120.272 E6.46107
G1 X117.741 Y120.624 E6.48004
G1 X118.19 Y121.156 E6.5036
G1 X120.633 Y121.156 E6.58629
;LAYER_CHANGE
;Z:8.4
;HEIGHT:0.2
G1 Z8.4 F7800
G1 E4.58629 F2400
G1 Z8.4 F7800
G1 X103.539 Y103.539
G1 E6.58629 F2400
;TYPE:Perimeter
;WIDTH:0.449999
G1 F3600
G1 X121.461 Y103.539 E7.19293
G1 X121.461 Y112.5 E7.49625
G1 X121.461 Y121.461 E7.79957
G1 X103.539 Y121.461 E8.40621
G1 X103.539 Y103.599 E9.01082
G1 X103.539 Y103.599 F7800
G1 X103.132 Y103.132
G1 F3600
G1 X121.868 Y103.132 E9.64501
G1 X121.868 Y112.5 E9.96211
G1 X121.868 Y121.868 E10.27921
G1 X103.132 Y121.868 E10.9134
G1 X103.132 Y103.192 E11.54556
G1 X102.725 Y102.725 F7800
;TYPE:External perimeter
G1 F1800
G1 X122.275 Y102.725 E12.2073
G1 X122.275 Y112.5 E12.53817
G1 X122.275 Y122.275 E12.86904
G1 X102.725 Y122.275 E13.53078
G1 X102.725 Y102.785 E14.19049
G1 X103.121 Y102.726 F7800
G1 E12.19049 F2400
G92 E0
G1 X121.156 Y105.93 F7800
G1 E2 F2400
;TYPE:Internal infill
;WIDTH:0.45
G1 F4800
G1 X121.156 Y103.844 E2.07061
G1 X120.798 Y103.844 E2.08273
G1 X120.362 Y104.276 E2.10351
G1 X119.925 Y104.524 E2.12052
G1 X119.488 Y104.664 E2.13605
G1 X119.052 Y104.715 E2.15091
G1 X118.615 Y104.671 E2.16578
G1 X118.178 Y104.489 E2.1818
G1 X117.466 Y103.844 E2.21432
G1 X113.81 Y103.844 E2.33807
G1 X113.374 Y104.276 E2.35885
G1 X112.937 Y104.524 E2.37586
G1 X112.5 Y104.664 E2.39139
G1 X112.063 Y104.715 E2.40628
G1 X111.626 Y104.671 E2.42115
G1 X111.19 Y104.489 E2.43714
G1 X110.478 Y103.844 E2.46966
G1 X106.822 Y103.844 E2.59341
G1 X106.385 Y104.276 E2.61421
G1 X105.948 Y104.524 E2.63122
G1 X105.512 Y104.664 E2.64672
G1 X105.075 Y104.715 E2.66161
G1 X104.638 Y104.671 E2.67648
G1 X104.201 Y104.489 E2.6925
G1 X103.844 Y104.185 E2.70837
G1 X103.844 Y106.986 E2.80318
G1 X104.638 Y107.77 E2.84095
G1 X105.075 Y108.019 E2.85797
G1 X105.512 Y108.158 E2.87349
G1 X105.948 Y108.209 E2.88835
G1 X106.385 Y108.165 E2.90322
G1 X106.822 Y107.983 E2.91924
G1 X108.132 Y106.747 E2.9802
G1 X108.569 Y106.499 E2.99721
G1 X109.006 Y106.359 E3.01274
G1 X109.443 Y106.308 E3.02763
G1 X109.879 Y106.352 E3.04246
G1 X110.316 Y106.534 E3.05848
G1 X111.626 Y107.77 E3.11944
G1 X112.063 Y108.019 E3.13646
G1 X112.5 Y108.158 E3.15198
G1 X112.937 Y108.209 E3.16687
G1 X113.374 Y108.165 E3.18174
G1 X113.81 Y107.983 E3.19773
G1 X115.121 Y106.747 E3.25872
G1 X115.557 Y106.499 E3.2757
G1 X115.994 Y106.359 E3.29123
G1 X116.431 Y106.308 E3.30612
G1 X116.868 Y106.352 E3.32099
G1 X117.305 Y106.534 E3.33701
G1 X118.615 Y107.77 E3.39797
G1 X119.052 Y108.019 E3.41499
G1 X119.488 Y108.158 E3.43048
G1 X119.925 Y108.209 E3.44537
G1 X120.362 Y108.165 E3.46024
G1 X120.799 Y107.983 E3.47626
G1 X121.156 Y107.679 E3.49213
G1 X121.156 Y110.48 E3.58694
G1 X120.362 Y111.264 E3.62471
G1 X119.925 Y111.513 E3.64173
G1 X119.488 Y111.652 E3.65725
G1 X119.052 Y111.703 E3.67211
G1 X118.615 Y111.66 E3.68697
G1 X118.178 Y111.477 E3.70301
G1 X116.868 Y110.242 E3.76395
G1 X116.431 Y109.993 E3.78097
G1 X115.994 Y109.854 E3.79649
G1 X115.557 Y109.802 E3.81139
G1 X115.121 Y109.846 E3.82622
G1 X114.684 Y110.029 E3.84226
G1 X113.374 Y111.264 E3.9032
G1 X112.937 Y111.513 E3.92022
G1 X112.5 Y111.652 E3.93574
G1 X112.063 Y111.703 E3.95063
G1 X111.626 Y111.66 E3.96549
G1 X111.19 Y111.477 E3.9815
G1 X109.879 Y110.242 E4.04246
G1 X109.443 Y109.993 E4.05946
G1 X109.006 Y109.854 E4.07498
G1 X108.569 Y109.802 E4.08988
G1 X108.132 Y109.846 E4.10475
G1 X107.695 Y110.029 E4.12079
G1 X106.385 Y111.264 E4.18173
G1 X105.948 Y111.513 E4.19875
G1 X105.512 Y111.652 E4.21424
G1 X105.075 Y111.703 E4.22913
G1 X104.638 Y111.66 E4.24399
G1 X104.201 Y111.477 E4.26003
G1 X103.844 Y111.173 E4.2759
G1 X103.844 Y113.974 E4.37071
G1 X104.638 Y114.758 E4.40848
G1 X105.075 Y115.007 E4.4255
G1 X105.512 Y115.146 E4.44102
G1 X105.948 Y115.198 E4.45588
G1 X106.385 Y115.154 E4.47075
G1 X106.822 Y114.971 E4.48679
G1 X108.132 Y113.736 E4.54773
G1 X108.569 Y113.487 E4.56475
G1 X109.006 Y113.348 E4.58027
G1 X109.443 Y113.297 E4.59516
G1 X109.879 Y113.34 E4.60999
G1 X110.316 Y113.523 E4.62603
G1 X111.626 Y114.758 E4.68697
G1 X112.063 Y115.007 E4.70399
G1 X112.5 Y115.146 E4.71951
G1 X112.937 Y115.198 E4.73441
G1 X113.374 Y115.154 E4.74928
G1 X113.81 Y114.971 E4.76529
G1 X115.121 Y113.736 E4.82625
G1 X115.557 Y113.487 E4.84325
G1 X115.994 Y113.348 E4.85877
G1 X116.431 Y113.297 E4.87366
G1 X116.868 Y113.34 E4.88852
G1 X117.305 Y113.523 E4.90456
G1 X118.615 Y114.758 E4.9655
G1 X119.052 Y115.007 E4.98252
G1 X119.488 Y115.146 E4.99801
G1 X119.925 Y115.198 E5.01291
G1 X120.362 Y115.154 E5.02778
G1 X120.799 Y114.971 E5.04382
G1 X121.156 Y114.667 E5.05969
G1 X121.156 Y117.468 E5.1545
G1 X120.362 Y118.253 E5.19229
G1 X119.925 Y118.501 E5.2093
G1 X119.488 Y118.641 E5.22483
G1 X119.052 Y118.692 E5.23969
G1 X118.615 Y118.648 E5.25456
G1 X118.178 Y118.466 E5.27058
G1 X116.868 Y117.23 E5.33154
G1 X116.431 Y116.981 E5.34856
G1 X115.994 Y116.842 E5.36408
G1 X115.557 Y116.791 E5.37897
G1 X115.121 Y116.835 E5.3938
G1 X114.684 Y117.017 E5.40982
G1 X113.374 Y118.253 E5.47078
G1 X112.937 Y118.501 E5.48779
G1 X112.5 Y118.641 E5.50332
G1 X112.063 Y118.692 E5.51821
G1 X111.626 Y118.648 E5.53308
G1 X111.19 Y118.466 E5.54907
G1 X109.879 Y117.23 E5.61006
G1 X109.443 Y116.981 E5.62706
G1 X109.006 Y116.842 E5.64258
G1 X108.569 Y116.791 E5.65747
G1 X108.132 Y116.835 E5.67234
G1 X107.695 Y117.017 E5.68836
G1 X106.385 Y118.253 E5.74932
G1 X105.948 Y118.501 E5.76633
G1 X105.512 Y118.641 E5.78183
G1 X105.075 Y118.692 E5.79672
G1 X104.638 Y118.648 E5.81159
G1 X104.201 Y118.466 E5.82761
G1 X103.844 Y118.161 E5.8435
G1 X103.844 Y121.156 E5.94488
G1 X107.696 Y121.156 E6.07527
G1 X108.132 Y120.724 E6.09605
G1 X108.569 Y120.476 E6.11306
G1 X109.006 Y120.336 E6.12859
G1 X109.443 Y120.285 E6.14348
G1 X109.879 Y120.329 E6.15831
G1 X110.316 Y120.511 E6.17433
G1 X111.028 Y121.156 E6.20685
G1 X114.684 Y121.156 E6.3306
G1 X115.121 Y120.724 E6.3514
G1 X115.557 Y120.476 E6.36838
G1 X115.994 Y120.336 E6.38391
G1 X116.431 Y120.285 E6.3988
G1 X116.868 Y120.329 E6.41367
G1 X117.305 Y120.511 E6.42969
G1 X118.017 Y121.156 E6.46221
G1 X120.459 Y121.156 E6.54487
;LAYER_CHANGE
;Z:8.6
;HEIGHT:0.200001
G1 Z8.6 F7800
G1 E4.54487 F2400
G1 Z8.6 F7800
G1 X103.539 Y103.539
G1 E6.54487 F2400
;TYPE:Perimeter
;WIDTH:0.449999
G1 F3600
G1 X121.461 Y103.539 E7.15151
G1 X121.461 Y112.5 E7.45483
G1 X121.461 Y121.461 E7.75815
G1 X103.539 Y121.461 E8.36479
G1 X103.539 Y103.599 E8.9694
G1 X103.539 Y103.599 F7800
G1 X103.132 Y103.132
G1 F3600
G1 X121.868 Y103.132 E9.60359
G1 X121.868 Y112.5 E9.92069
G1 X121.868 Y121.868 E10.23779
G1 X103.132 Y121.868 E10.87198
G1 X103.132 Y103.192 E11.50414
G1 X102.725 Y102.725 F7800
;TYPE:External perimeter
G1 F1800
G1 X122.275 Y102.725 E12.16588
G1 X122.275 Y112.5 E12.49675
G1 X122.275 Y122.275 E12.82762
G1 X102.725 Y122.275 E13.48936
G1 X102.725 Y102.785 E14.14907
G1 X103.121 Y102.726 F7800
G1 E12.14907 F2400
G92 E0
G1 X121.156 Y106.146 F7800
G1 E2 F2400
;TYPE:Internal infill
;WIDTH:0.45
G1 F4800
G1 X121.156 Y103.844 E2.07792
G1 X121.015 Y103.844 E2.08269
G1 X120.362 Y104.374 E2.11116
G1 X119.925 Y104.56 E2.12724
G1 X119.488 Y104.642 E2.14229
G1 X119.052 Y104.636 E2.15705
G1 X118.615 Y104.531 E2.17226
G1 X118.178 Y104.291 E2.18914
G1 X117.684 Y103.844 E2.21169
G1 X114.026 Y103.844 E2.33551
G1 X113.374 Y104.374 E2.36395
G1 X112.937 Y104.56 E2.38003
G1 X112.5 Y104.642 E2.39508
G1 X112.063 Y104.636 E2.40987
G1 X111.626 Y104.531 E2.42508
G1 X111.19 Y104.291 E2.44193
G1 X110.695 Y103.844 E2.46451
G1 X107.038 Y103.844 E2.5883
G1 X106.385 Y104.374 E2.61677
G1 X105.948 Y104.56 E2.63285
G1 X105.512 Y104.642 E2.64787
G1 X105.075 Y104.636 E2.66266
G1 X104.638 Y104.531 E2.67787
G1 X104.201 Y104.291 E2.69475
G1 X103.844 Y103.972 E2.71096
G1 X103.844 Y107.201 E2.82026
G1 X104.201 Y107.55 E2.83716
G1 X104.638 Y107.869 E2.85547
G1 X105.075 Y108.054 E2.87153
G1 X105.512 Y108.136 E2.88658
G1 X105.948 Y108.131 E2.90134
G1 X106.385 Y108.026 E2.91655
G1 X106.822 Y107.786 E2.93343
G1 X107.695 Y106.967 E2.97395
G1 X108.132 Y106.649 E2.99224
G1 X108.569 Y106.463 E3.00832
G1 X109.006 Y106.381 E3.02337
G1 X109.443 Y106.387 E3.03816
G1 X109.879 Y106.492 E3.05334
G1 X110.316 Y106.732 E3.07022
G1 X111.19 Y107.55 E3.11074
G1 X111.626 Y107.869 E3.12903
G1 X112.063 Y108.054 E3.14509
G1 X112.5 Y108.136 E3.16014
G1 X112.937 Y108.131 E3.17493
G1 X113.374 Y108.026 E3.19014
G1 X113.81 Y107.786 E3.20699
G1 X114.684 Y106.967 E3.24753
G1 X115.121 Y106.649 E3.26582
G1 X115.557 Y106.463 E3.28186
G1 X115.994 Y106.381 E3.29691
G1 X116.431 Y106.387 E3.3117
G1 X116.868 Y106.492 E3.32691
G1 X117.305 Y106.732 E3.34379
G1 X118.178 Y107.55 E3.38429
G1 X118.615 Y107.869 E3.4026
G1 X119.052 Y108.054 E3.41866
G1 X119.488 Y108.136 E3.43368
G1 X119.925 Y108.131 E3.44847
G1 X120.362 Y108.026 E3.46368
G1 X120.799 Y107.786 E3.48056
G1 X121.156 Y107.467 E3.49677
G1 X121.156 Y110.695 E3.60603
G1 X120.799 Y111.045 E3.62295
G1 X120.362 Y111.363 E3.64124
G1 X119.925 Y111.548 E3.6573
G1 X119.488 Y111.631 E3.67236
G1 X119.052 Y111.625 E3.68712
G1 X118.615 Y111.52 E3.70233
G1 X118.178 Y111.28 E3.71921
G1 X117.305 Y110.461 E3.75973
G1 X116.868 Y110.143 E3.77802
G1 X116.431 Y109.957 E3.7941
G1 X115.994 Y109.875 E3.80915
G1 X115.557 Y109.881 E3.82394
G1 X115.121 Y109.986 E3.83912
G1 X114.684 Y110.226 E3.856
G1 X113.81 Y111.045 E3.89654
G1 X113.374 Y111.363 E3.91481
G1 X112.937 Y111.548 E3.93087
G1 X112.5 Y111.631 E3.94593
G1 X112.063 Y111.625 E3.96072
G1 X111.626 Y111.52 E3.97593
G1 X111.19 Y111.28 E3.99278
G1 X110.316 Y110.461 E4.03332
G1 X109.879 Y110.143 E4.05161
G1 X109.443 Y109.957 E4.06765
G1 X109.006 Y109.875 E4.0827
G1 X108.569 Y109.881 E4.09749
G1 X108.132 Y109.986 E4.1127
G1 X107.695 Y110.226 E4.12958
G1 X106.822 Y111.045 E4.1701
G1 X106.385 Y111.363 E4.18839
G1 X105.948 Y111.548 E4.20445
G1 X105.512 Y111.631 E4.21947
G1 X105.075 Y111.625 E4.23426
G1 X104.638 Y111.52 E4.24947
G1 X104.201 Y111.28 E4.26635
G1 X103.844 Y110.961 E4.28256
G1 X103.844 Y114.189 E4.39182
G1 X104.201 Y114.539 E4.40874
G1 X104.638 Y114.857 E4.42703
G1 X105.075 Y115.043 E4.44311
G1 X105.512 Y115.125 E4.45816
G1 X105.948 Y115.119 E4.47292
G1 X106.385 Y115.014 E4.48813
G1 X106.822 Y114.774 E4.50501
G1 X107.695 Y113.955 E4.54553
G1 X108.132 Y113.637 E4.56382
G1 X108.569 Y113.452 E4.57988
G1 X109.006 Y113.369 E4.59494
G1 X109.443 Y113.375 E4.60973
G1 X109.879 Y113.48 E4.62491
G1 X110.316 Y113.72 E4.64179
G1 X111.19 Y114.539 E4.68233
G1 X111.626 Y114.857 E4.7006
G1 X112.063 Y115.043 E4.71668
G1 X112.5 Y115.125 E4.73173
G1 X112.937 Y115.119 E4.74652
G1 X113.374 Y115.014 E4.76173
G1 X113.81 Y114.774 E4.77858
G1 X114.684 Y113.955 E4.81912
G1 X115.121 Y113.637 E4.83741
G1 X115.557 Y113.452 E4.85344
G1 X115.994 Y113.369 E4.8685
G1 X116.431 Y113.375 E4.88329
G1 X116.868 Y113.48 E4.8985
G1 X117.305 Y113.72 E4.91538
G1 X118.178 Y114.539 E4.9559
G1 X118.615 Y114.857 E4.97419
G1 X119.052 Y115.043 E4.99027
G1 X119.488 Y115.125 E5.00529
G1 X119.925 Y115.119 E5.02008
G1 X120.362 Y115.014 E5.03529
G1 X120.799 Y114.774 E5.05217
G1 X121.156 Y114.455 E5.06838
G1 X121.156 Y117.683 E5.17764
G1 X120.799 Y118.033 E5.19456
G1 X120.362 Y118.351 E5.21285
G1 X119.925 Y118.537 E5.22893
G1 X119.488 Y118.619 E5.24398
G1 X119.052 Y118.613 E5.25874
G1 X118.615 Y118.508 E5.27395
G1 X118.178 Y118.268 E5.29083
G1 X117.305 Y117.45 E5.33133
G1 X116.868 Y117.131 E5.34964
G1 X116.431 Y116.946 E5.3657
G1 X115.994 Y116.864 E5.38075
G1 X115.557 Y116.869 E5.39554
G1 X115.121 Y116.974 E5.41072
G1 X114.684 Y117.214 E5.4276
G1 X113.81 Y118.033 E5.46814
G1 X113.374 Y118.351 E5.48641
G1 X112.937 Y118.537 E5.50249
G1 X112.5 Y118.619 E5.51754
G1 X112.063 Y118.613 E5.53233
G1 X111.626 Y118.508 E5.54754
G1 X111.19 Y118.268 E5.56439
G1 X110.316 Y117.45 E5.60491
G1 X109.879 Y117.131 E5.62322
G1 X109.443 Y116.946 E5.63925
G1 X109.006 Y116.864 E5.6543
G1 X108.569 Y116.869 E5.66909
G1 X108.132 Y116.974 E5.6843
G1 X107.695 Y117.214 E5.70118
G1 X106.822 Y118.033 E5.7417
G1 X106.385 Y118.351 E5.75999
G1 X105.948 Y118.537 E5.77607
G1 X105.512 Y118.619 E5.79109
G1 X105.075 Y118.613 E5.80588
G1 X104.638 Y118.508 E5.82109
G1 X104.201 Y118.268 E5.83797
G1 X103.844 Y117.949 E5.85418
G1 X103.844 Y121.156 E5.96273
G1 X107.48 Y121.156 E6.0858
G1 X108.132 Y120.626 E6.11424
G1 X108.569 Y120.44 E6.13032
G1 X109.006 Y120.358 E6.14537
G1 X109.443 Y120.364 E6.16016
G1 X109.879 Y120.469 E6.17534
G1 X110.316 Y120.709 E6.19222
G1 X110.811 Y121.156 E6.2148
G1 X114.468 Y121.156 E6.33859
G1 X115.121 Y120.626 E6.36706
G1 X115.557 Y120.44 E6.3831
G1 X115.994 Y120.358 E6.39815
G1 X116.431 Y120.364 E6.41294
G1 X116.868 Y120.469 E6.42815
G1 X117.305 Y120.709 E6.44503
G1 X117.799 Y121.156 E6.46758
G1 X120.241 Y121.156 E6.55024
;LAYER_CHANGE
;Z:8.8
;HEIGHT:0.2
G1 Z8.8 F7800
G1 E4.55024 F2400
G1 Z8.8 F7800
G1 X103.539 Y103.539
G1 E6.55024 F2400
;TYPE:Perimeter
;WIDTH:0.449999
G1 F3600
G1 X121.461 Y103.539 E7.15688
G1 X121.461 Y112.5 E7.4602
G1 X121.461 Y121.461 E7.76352
G1 X103.539 Y121.461 E8.37016
G1 X103.539 Y103.599 E8.97477
G1 X103.539 Y103.599 F7800
G1 X103.132 Y103.132
G1 F3600
G1 X121.868 Y103.132 E9.60896
G1 X121.868 Y112.5 E9.92606
G1 X121.868 Y121.868 E10.24316
G1 X103.132 Y121.868 E10.87735
G1 X103.132 Y103.192 E11.50951
G1 X102.725 Y102.725 F7800
;TYPE:External perimeter
G1 F1800
G1 X122.275 Y102.725 E12.17125
G1 X122.275 Y112.5 E12.50212
G1 X122.275 Y122.275 E12.83299
G1 X102.725 Y122.275 E13.49473
G1 X102.725 Y102.785 E14.15444
G1 X103.121 Y102.726 F7800
G1 E12.15444 F2400
G92 E0
G1 X103.844 Y106.215 F7800
G1 E2 F2400
;TYPE:Internal infill
;WIDTH:0.45
G1 F4800
G1 X103.844 Y103.844 E2.08026
G1 X103.916 Y103.844 E2.0827
G1 X104.638 Y104.413 E2.11382
G1 X105.075 Y104.577 E2.12962
G1 X105.512 Y104.639 E2.14456
G1 X105.948 Y104.613 E2.15934
G1 X106.385 Y104.487 E2.17473
G1 X106.822 Y104.227 E2.19194
G1 X107.242 Y103.844 E2.21118
G1 X110.905 Y103.844 E2.33517
G1 X111.626 Y104.413 E2.36626
G1 X112.063 Y104.577 E2.38206
G1 X112.5 Y104.639 E2.397
G1 X112.937 Y104.613 E2.41182
G1 X113.374 Y104.487 E2.42721
G1 X113.81 Y104.227 E2.44439
G1 X114.23 Y103.844 E2.46363
G1 X117.893 Y103.844 E2.58762
G1 X118.615 Y104.413 E2.61874
G1 X119.052 Y104.577 E2.63454
G1 X119.488 Y104.639 E2.64945
G1 X119.925 Y104.613 E2.66427
G1 X120.362 Y104.487 E2.67966
G1 X120.799 Y104.227 E2.69687
G1 X121.156 Y103.902 E2.71321
G1 X121.156 Y107.27 E2.82721
G1 X120.799 Y107.61 E2.8439
G1 X120.362 Y107.907 E2.86178
G1 X119.925 Y108.071 E2.87758
G1 X119.488 Y108.133 E2.89252
G1 X119.052 Y108.107 E2.9073
G1 X118.615 Y107.981 E2.92269
G1 X118.178 Y107.722 E2.93988
G1 X117.305 Y106.907 E2.98031
G1 X116.868 Y106.611 E2.99818
G1 X116.431 Y106.446 E3.01399
G1 X115.994 Y106.384 E3.02893
G1 X115.557 Y106.41 E3.04375
G1 X115.121 Y106.536 E3.05911
G1 X114.684 Y106.796 E3.07632
G1 X113.81 Y107.61 E3.11675
G1 X113.374 Y107.907 E3.13461
G1 X112.937 Y108.071 E3.15041
G1 X112.5 Y108.133 E3.16535
G1 X112.063 Y108.107 E3.18017
G1 X111.626 Y107.981 E3.19556
G1 X111.19 Y107.722 E3.21273
G1 X110.316 Y106.907 E3.25318
G1 X109.879 Y106.611 E3.27105
G1 X109.443 Y106.446 E3.28683
G1 X109.006 Y106.384 E3.30177
G1 X108.569 Y106.41 E3.31659
G1 X108.132 Y106.536 E3.33198
G1 X107.695 Y106.796 E3.34919
G1 X106.822 Y107.61 E3.38959
G1 X106.385 Y107.907 E3.40747
G1 X105.948 Y108.071 E3.42327
G1 X105.512 Y108.133 E3.43818
G1 X105.075 Y108.107 E3.453
G1 X104.638 Y107.981 E3.46839
G1 X104.201 Y107.722 E3.48558
G1 X103.844 Y107.396 E3.50194
G1 X103.844 Y110.764 E3.61594
G1 X104.201 Y111.104 E3.63263
G1 X104.638 Y111.401 E3.65051
G1 X105.075 Y111.565 E3.66631
G1 X105.512 Y111.627 E3.68125
G1 X105.948 Y111.602 E3.69603
G1 X106.385 Y111.476 E3.71142
G1 X106.822 Y111.216 E3.72863
G1 X107.695 Y110.401 E3.76906
G1 X108.132 Y110.105 E3.78693
G1 X108.569 Y109.941 E3.80273
G1 X109.006 Y109.878 E3.81767
G1 X109.443 Y109.904 E3.83249
G1 X109.879 Y110.03 E3.84785
G1 X110.316 Y110.29 E3.86506
G1 X111.19 Y111.104 E3.90549
G1 X111.626 Y111.401 E3.92335
G1 X112.063 Y111.565 E3.93915
G1 X112.5 Y111.627 E3.95409
G1 X112.937 Y111.602 E3.96891
G1 X113.374 Y111.476 E3.9843
G1 X113.81 Y111.216 E4.00148
G1 X114.684 Y110.401 E4.04193
G1 X115.121 Y110.105 E4.0598
G1 X115.557 Y109.941 E4.07557
G1 X115.994 Y109.878 E4.09051
G1 X116.431 Y109.904 E4.10533
G1 X116.868 Y110.03 E4.12072
G1 X117.305 Y110.29 E4.13793
G1 X118.178 Y111.104 E4.17833
G1 X118.615 Y111.401 E4.19621
G1 X119.052 Y111.565 E4.21201
G1 X119.488 Y111.627 E4.22692
G1 X119.925 Y111.602 E4.24174
G1 X120.362 Y111.476 E4.25713
G1 X120.799 Y111.216 E4.27434
G1 X121.156 Y110.89 E4.2907
G1 X121.156 Y114.259 E4.40474
G1 X120.799 Y114.599 E4.42143
G1 X120.362 Y114.895 E4.4393
G1 X119.925 Y115.059 E4.4551
G1 X119.488 Y115.122 E4.47004
G1 X119.052 Y115.096 E4.48482
G1 X118.615 Y114.97 E4.50021
G1 X118.178 Y114.71 E4.51742
G1 X117.305 Y113.896 E4.55782
G1 X116.868 Y113.599 E4.5757
G1 X116.431 Y113.435 E4.5915
G1 X115.994 Y113.373 E4.60644
G1 X115.557 Y113.398 E4.62126
G1 X115.121 Y113.524 E4.63662
G1 X114.684 Y113.784 E4.65383
G1 X113.81 Y114.599 E4.69428
G1 X113.374 Y114.895 E4.71212
G1 X112.937 Y115.059 E4.72792
G1 X112.5 Y115.122 E4.74286
G1 X112.063 Y115.096 E4.75768
G1 X111.626 Y114.97 E4.77307
G1 X111.19 Y114.71 E4.79025
G1 X110.316 Y113.896 E4.83068
G1 X109.879 Y113.599 E4.84856
G1 X109.443 Y113.435 E4.86433
G1 X109.006 Y113.373 E4.87927
G1 X108.569 Y113.398 E4.89409
G1 X108.132 Y113.524 E4.90948
G1 X107.695 Y113.784 E4.92669
G1 X106.822 Y114.599 E4.96712
G1 X106.385 Y114.895 E4.98499
G1 X105.948 Y115.059 E5.00079
G1 X105.512 Y115.122 E5.0157
G1 X105.075 Y115.096 E5.03052
G1 X104.638 Y114.97 E5.04591
G1 X104.201 Y114.71 E5.06312
G1 X103.844 Y114.385 E5.07946
G1 X103.844 Y117.753 E5.19346
G1 X104.201 Y118.093 E5.21015
G1 X104.638 Y118.389 E5.22802
G1 X105.075 Y118.554 E5.24383
G1 X105.512 Y118.616 E5.25877
G1 X105.948 Y118.59 E5.27355
G1 X106.385 Y118.464 E5.28894
G1 X106.822 Y118.204 E5.30615
G1 X107.695 Y117.39 E5.34655
G1 X108.132 Y117.093 E5.36443
G1 X108.569 Y116.929 E5.38023
G1 X109.006 Y116.867 E5.39517
G1 X109.443 Y116.893 E5.40999
G1 X109.879 Y117.019 E5.42535
G1 X110.316 Y117.278 E5.44254
G1 X111.19 Y118.093 E5.48299
G1 X111.626 Y118.389 E5.50083
G1 X112.063 Y118.554 E5.51664
G1 X112.5 Y118.616 E5.53158
G1 X112.937 Y118.59 E5.5464
G1 X113.374 Y118.464 E5.56179
G1 X113.81 Y118.204 E5.57897
G1 X114.684 Y117.39 E5.6194
G1 X115.121 Y117.093 E5.63728
G1 X115.557 Y116.929 E5.65305
G1 X115.994 Y116.867 E5.66799
G1 X116.431 Y116.893 E5.68281
G1 X116.868 Y117.019 E5.6982
G1 X117.305 Y117.278 E5.71539
G1 X118.178 Y118.093 E5.75582
G1 X118.615 Y118.389 E5.77369
G1 X119.052 Y118.554 E5.7895
G1 X119.488 Y118.616 E5.80441
G1 X119.925 Y118.59 E5.81923
G1 X120.362 Y118.464 E5.83462
G1 X120.799 Y118.204 E5.85183
G1 X121.156 Y117.879 E5.86817
G1 X121.156 Y121.156 E5.97909
G1 X117.59 Y121.156 E6.09979
G1 X116.868 Y120.587 E6.13091
G1 X116.431 Y120.423 E6.14671
G1 X115.994 Y120.361 E6.16165
G1 X115.557 Y120.387 E6.17647
G1 X115.121 Y120.513 E6.19183
G1 X114.684 Y120.773 E6.20904
G1 X114.264 Y121.156 E6.22828
G1 X110.601 Y121.156 E6.35227
G1 X109.879 Y120.587 E6.38339
G1 X109.443 Y120.423 E6.39916
G1 X109.006 Y120.361 E6.4141
G1 X108.569 Y120.387 E6.42892
G1 X108.132 Y120.513 E6.44431
G1 X107.695 Y120.773 E6.46152
G1 X107.276 Y121.156 E6.48073
G1 X104.833 Y121.156 E6.56342
;LAYER_CHANGE
;Z:9
;HEIGHT:0.2
G1 Z9 F7800
G1 E4.56342 F2400
G1 Z9 F7800
G1 X103.539 Y103.539
G1 E6.56342 F2400
;TYPE:Perimeter
;WIDTH:0.449999
G1 F3600
G1 X121.461 Y103.539 E7.17006
G1 X121.461 Y112.5 E7.47338
G1 X121.461 Y121.461 E7.7767
G1 X103.539 Y121.461 E8.38334
G1 X103.539 Y103.599 E8.98795
G1 X103.539 Y103.599 F7800
G1 X103.132 Y103.132
G1 F3600
G1 X121.868 Y103.132 E9.62214
G1 X121.868 Y112.5 E9.93924
G1 X121.868 Y121.868 E10.25634
G1 X103.132 Y121.868 E10.89053
G1 X103.132 Y103.192 E11.52269
G1 X102.725 Y102.725 F7800
;TYPE:External perimeter
G1 F1800
G1 X122.275 Y102.725 E12.18443
G1 X122.275 Y112.5 E12.5153
G1 X122.275 Y122.275 E12.84617
G1 X102.725 Y122.275 E13.50791
G1 X102.725 Y102.785 E14.16762
G1 X103.121 Y102.726 F7800
G1 E12.16762 F2400
G92 E0
G1 X103.844 Y106.03 F7800
G1 E2 F2400
;TYPE:Internal infill
;WIDTH:0.45
G1 F4800
G1 X103.844 Y103.844 E2.07399
G1 X104.102 Y103.844 E2.08272
G1 X104.638 Y104.309 E2.10674
G1 X105.075 Y104.535 E2.12339
G1 X105.512 Y104.654 E2.13872
G1 X105.948 Y104.685 E2.15352
G1 X106.385 Y104.619 E2.16848
G1 X106.822 Y104.415 E2.1848
G1 X107.443 Y103.844 E2.21336
G1 X111.09 Y103.844 E2.33681
G1 X111.626 Y104.309 E2.36083
G1 X112.063 Y104.535 E2.37748
G1 X112.5 Y104.654 E2.39281
G1 X112.937 Y104.685 E2.40764
G1 X113.374 Y104.619 E2.4226
G1 X113.81 Y104.415 E2.43889
G1 X114.431 Y103.844 E2.46745
G1 X118.079 Y103.844 E2.59093
G1 X118.615 Y104.309 E2.61495
G1 X119.052 Y104.535 E2.6316
G1 X119.488 Y104.654 E2.6469
G1 X119.925 Y104.685 E2.66173
G1 X120.362 Y104.619 E2.67669
G1 X120.799 Y104.415 E2.69301
G1 X121.156 Y104.106 E2.70899
G1 X121.156 Y107.07 E2.80932
G1 X120.362 Y107.804 E2.84592
G1 X119.925 Y108.029 E2.86256
G1 X119.488 Y108.148 E2.87789
G1 X119.052 Y108.179 E2.89269
G1 X118.615 Y108.113 E2.90765
G1 X118.178 Y107.909 E2.92397
G1 X116.868 Y106.714 E2.98399
G1 X116.431 Y106.488 E3.00064
G1 X115.994 Y106.369 E3.01597
G1 X115.557 Y106.338 E3.0308
G1 X115.121 Y106.404 E3.04573
G1 X114.684 Y106.608 E3.06205
G1 X113.374 Y107.804 E3.12209
G1 X112.937 Y108.029 E3.13873
G1 X112.5 Y108.148 E3.15406
G1 X112.063 Y108.179 E3.16889
G1 X111.626 Y108.113 E3.18385
G1 X111.19 Y107.909 E3.20014
G1 X109.879 Y106.714 E3.26018
G1 X109.443 Y106.488 E3.2768
G1 X109.006 Y106.369 E3.29213
G1 X108.569 Y106.338 E3.30696
G1 X108.132 Y106.404 E3.32192
G1 X107.695 Y106.608 E3.33824
G1 X106.385 Y107.804 E3.39828
G1 X105.948 Y108.029 E3.41492
G1 X105.512 Y108.148 E3.43022
G1 X105.075 Y108.179 E3.44505
G1 X104.638 Y108.113 E3.46001
G1 X104.201 Y107.909 E3.47633
G1 X103.844 Y107.6 E3.49231
G1 X103.844 Y110.564 E3.59264
G1 X104.638 Y111.298 E3.62924
G1 X105.075 Y111.523 E3.64588
G1 X105.512 Y111.642 E3.66121
G1 X105.948 Y111.673 E3.67601
G1 X106.385 Y111.607 E3.69097
G1 X106.822 Y111.404 E3.70728
G1 X108.132 Y110.208 E3.76732
G1 X108.569 Y109.982 E3.78397
G1 X109.006 Y109.863 E3.7993
G1 X109.443 Y109.833 E3.81413
G1 X109.879 Y109.899 E3.82906
G1 X110.316 Y110.102 E3.84537
G1 X111.626 Y111.298 E3.90541
G1 X112.063 Y111.523 E3.92205
G1 X112.5 Y111.642 E3.93738
G1 X112.937 Y111.673 E3.95221
G1 X113.374 Y111.607 E3.96717
G1 X113.81 Y111.404 E3.98345
G1 X115.121 Y110.208 E4.04352
G1 X115.557 Y109.982 E4.06014
G1 X115.994 Y109.863 E4.07547
G1 X116.431 Y109.833 E4.0903
G1 X116.868 Y109.899 E4.10526
G1 X117.305 Y110.102 E4.12157
G1 X118.615 Y111.298 E4.18161
G1 X119.052 Y111.523 E4.19825
G1 X119.488 Y111.642 E4.21355
G1 X119.925 Y111.673 E4.22838
G1 X120.362 Y111.607 E4.24334
G1 X120.799 Y111.404 E4.25965
G1 X121.156 Y111.094 E4.27565
G1 X121.156 Y114.058 E4.37598
G1 X120.362 Y114.792 E4.41258
G1 X119.925 Y115.018 E4.42923
G1 X119.488 Y115.137 E4.44456
G1 X119.052 Y115.167 E4.45935
G1 X118.615 Y115.101 E4.47431
G1 X118.178 Y114.898 E4.49062
G1 X116.868 Y113.702 E4.55066
G1 X116.431 Y113.477 E4.5673
G1 X115.994 Y113.358 E4.58263
G1 X115.557 Y113.327 E4.59746
G1 X115.121 Y113.393 E4.61239
G1 X114.684 Y113.596 E4.6287
G1 X113.374 Y114.792 E4.68874
G1 X112.937 Y115.018 E4.70539
G1 X112.5 Y115.137 E4.72072
G1 X112.063 Y115.167 E4.73555
G1 X111.626 Y115.101 E4.75051
G1 X111.19 Y114.898 E4.76679
G1 X109.879 Y113.702 E4.82686
G1 X109.443 Y113.477 E4.84347
G1 X109.006 Y113.358 E4.8588
G1 X108.569 Y113.327 E4.87363
G1 X108.132 Y113.393 E4.88859
G1 X107.695 Y113.596 E4.9049
G1 X106.385 Y114.792 E4.96494
G1 X105.948 Y115.018 E4.98159
G1 X105.512 Y115.137 E4.99689
G1 X105.075 Y115.167 E5.01172
G1 X104.638 Y115.101 E5.02668
G1 X104.201 Y114.898 E5.04299
G1 X103.844 Y114.589 E5.05897
G1 X103.844 Y117.553 E5.1593
G1 X104.638 Y118.286 E5.19588
G1 X105.075 Y118.512 E5.21253
G1 X105.512 Y118.631 E5.22786
G1 X105.948 Y118.662 E5.24266
G1 X106.385 Y118.596 E5.25762
G1 X106.822 Y118.392 E5.27394
G1 X108.132 Y117.196 E5.33398
G1 X108.569 Y116.971 E5.35062
G1 X109.006 Y116.852 E5.36595
G1 X109.443 Y116.821 E5.38078
G1 X109.879 Y116.887 E5.39571
G1 X110.316 Y117.091 E5.41203
G1 X111.626 Y118.286 E5.47205
G1 X112.063 Y118.512 E5.4887
G1 X112.5 Y118.631 E5.50403
G1 X112.937 Y118.662 E5.51886
G1 X113.374 Y118.596 E5.53382
G1 X113.81 Y118.392 E5.55011
G1 X115.121 Y117.196 E5.61018
G1 X115.557 Y116.971 E5.62679
G1 X115.994 Y116.852 E5.64212
G1 X116.431 Y116.821 E5.65695
G1 X116.868 Y116.887 E5.67191
G1 X117.305 Y117.091 E5.68823
G1 X118.615 Y118.286 E5.74825
G1 X119.052 Y118.512 E5.7649
G1 X119.488 Y118.631 E5.7802
G1 X119.925 Y118.662 E5.79503
G1 X120.362 Y118.596 E5.80999
G1 X120.799 Y118.392 E5.82631
G1 X121.156 Y118.083 E5.84229
G1 X121.156 Y121.156 E5.94631
G1 X117.404 Y121.156 E6.07331
G1 X116.868 Y120.691 E6.09733
G1 X116.431 Y120.465 E6.11398
G1 X115.994 Y120.346 E6.12931
G1 X115.557 Y120.315 E6.14414
G1 X115.121 Y120.381 E6.15907
G1 X114.684 Y120.585 E6.17539
G1 X114.063 Y121.156 E6.20395
G1 X110.416 Y121.156 E6.3274
G1 X109.879 Y120.691 E6.35144
G1 X109.443 Y120.465 E6.36806
G1 X109.006 Y120.346 E6.38339
G1 X108.569 Y120.315 E6.39822
G1 X108.132 Y120.381 E6.41318
G1 X107.695 Y120.585 E6.4295
G1 X107.075 Y121.156 E6.45803
G1 X104.632 Y121.156 E6.54072
;LAYER_CHANGE
;Z:9.2
;HEIGHT:0.2
G1 Z9.2 F7800
G1 E4.54072 F2400
G1 Z9.2 F7800
G1 X103.539 Y103.539
G1 E6.54072 F2400
;TYPE:Perimeter
;WIDTH:0.449999
G1 F3600
G1 X121.461 Y103.539 E7.14736
G1 X121.461 Y112.5 E7.45068
G1 X121.461 Y121.461 E7.754
G1 X103.539 Y121.461 E8.36064
G1 X103.539 Y103.599 E8.96525
G1 X103.539 Y103.599 F7800
G1 X103.132 Y103.132
G1 F3600
G1 X121.868 Y103.132 E9.59944
G1 X121.868 Y112.5 E9.91654
G1 X121.868 Y121.868 E10.23364
G1 X103.132 Y121.868 E10.86783
G1 X103.132 Y103.192 E11.49999
G1 X102.725 Y102.725 F7800
;TYPE:External perimeter
G1 F1800
G1 X122.275 Y102.725 E12.16173
G1 X122.275 Y112.5 E12.4926
G1 X122.275 Y122.275 E12.82347
G1 X102.725 Y122.275 E13.48521
G1 X102.725 Y102.785 E14.14492
G1 X103.121 Y102.726 F7800
G1 E12.14492 F2400
G92 E0
G1 X103.844 Y105.831 F7800
G1 E2 F2400
;TYPE:Internal infill
;WIDTH:0.45
G1 F4800
G1 X103.844 Y103.844 E2.06726
G1 X104.3 Y103.844 E2.0827
G1 X104.638 Y104.218 E2.09976
G1 X105.075 Y104.511 E2.11757
G1 X105.512 Y104.688 E2.13353
G1 X106.385 Y104.776 E2.16323
G1 X106.822 Y104.637 E2.17875
G1 X107.259 Y104.276 E2.19794
G1 X107.649 Y103.844 E2.21764
G1 X111.288 Y103.844 E2.34082
G1 X111.626 Y104.218 E2.35788
G1 X112.063 Y104.511 E2.37569
G1 X112.5 Y104.688 E2.39165
G1 X113.374 Y104.776 E2.42138
G1 X113.81 Y104.637 E2.43687
G1 X114.247 Y104.276 E2.45606
G1 X114.638 Y103.844 E2.47578
G1 X118.277 Y103.844 E2.59896
G1 X118.615 Y104.218 E2.61602
G1 X119.052 Y104.511 E2.63383
G1 X119.488 Y104.688 E2.64976
G1 X120.362 Y104.776 E2.67949
G1 X120.799 Y104.637 E2.69501
G1 X121.156 Y104.342 E2.71069
G1 X121.156 Y106.836 E2.79511
G1 X120.362 Y107.712 E2.83513
G1 X119.925 Y108.005 E2.85294
G1 X119.488 Y108.182 E2.8689
G1 X118.615 Y108.27 E2.8986
G1 X118.178 Y108.131 E2.91412
G1 X117.741 Y107.77 E2.93331
G1 X116.868 Y106.805 E2.97736
G1 X116.431 Y106.512 E2.99517
G1 X115.994 Y106.335 E3.01113
G1 X115.121 Y106.247 E3.04083
G1 X114.684 Y106.386 E3.05635
G1 X114.247 Y106.747 E3.07554
G1 X113.374 Y107.712 E3.11959
G1 X112.937 Y108.005 E3.1374
G1 X112.5 Y108.182 E3.15336
G1 X111.626 Y108.27 E3.18309
G1 X111.19 Y108.131 E3.19858
G1 X110.753 Y107.77 E3.21777
G1 X109.879 Y106.805 E3.26184
G1 X109.443 Y106.512 E3.27962
G1 X109.006 Y106.335 E3.29558
G1 X108.132 Y106.247 E3.32531
G1 X107.695 Y106.386 E3.34083
G1 X107.259 Y106.747 E3.35999
G1 X106.385 Y107.712 E3.40406
G1 X105.948 Y108.005 E3.42187
G1 X105.512 Y108.182 E3.4378
G1 X104.638 Y108.27 E3.46753
G1 X104.201 Y108.131 E3.48305
G1 X103.844 Y107.836 E3.49873
G1 X103.844 Y110.33 E3.58315
G1 X104.638 Y111.206 E3.62317
G1 X105.075 Y111.499 E3.64098
G1 X105.512 Y111.676 E3.65694
G1 X106.385 Y111.764 E3.68664
G1 X106.822 Y111.625 E3.70216
G1 X107.259 Y111.264 E3.72135
G1 X108.132 Y110.3 E3.76537
G1 X108.569 Y110.007 E3.78318
G1 X109.006 Y109.829 E3.79915
G1 X109.879 Y109.742 E3.82885
G1 X110.316 Y109.881 E3.84437
G1 X110.753 Y110.242 E3.86356
G1 X111.626 Y111.206 E3.90758
G1 X112.063 Y111.499 E3.92539
G1 X112.5 Y111.676 E3.94135
G1 X113.374 Y111.764 E3.97108
G1 X113.81 Y111.625 E3.98657
G1 X114.247 Y111.264 E4.00576
G1 X115.121 Y110.3 E4.0498
G1 X115.557 Y110.007 E4.06758
G1 X115.994 Y109.829 E4.08355
G1 X116.868 Y109.742 E4.11328
G1 X117.305 Y109.881 E4.1288
G1 X117.741 Y110.242 E4.14796
G1 X118.615 Y111.206 E4.192
G1 X119.052 Y111.499 E4.20981
G1 X119.488 Y111.676 E4.22574
G1 X120.362 Y111.764 E4.25547
G1 X120.799 Y111.625 E4.27099
G1 X121.156 Y111.33 E4.28667
G1 X121.156 Y113.824 E4.37109
G1 X120.362 Y114.701 E4.41113
G1 X119.925 Y114.993 E4.42892
G1 X119.488 Y115.171 E4.44489
G1 X118.615 Y115.258 E4.47459
G1 X118.178 Y115.119 E4.49011
G1 X117.741 Y114.758 E4.5093
G1 X116.868 Y113.794 E4.55332
G1 X116.431 Y113.501 E4.57113
G1 X115.994 Y113.324 E4.58709
G1 X115.121 Y113.236 E4.61679
G1 X114.684 Y113.375 E4.63231
G1 X114.247 Y113.736 E4.6515
G1 X113.374 Y114.701 E4.69555
G1 X112.937 Y114.993 E4.71334
G1 X112.5 Y115.171 E4.72931
G1 X111.626 Y115.258 E4.75904
G1 X111.19 Y115.119 E4.77453
G1 X110.753 Y114.758 E4.79372
G1 X109.879 Y113.794 E4.83776
G1 X109.443 Y113.501 E4.85554
G1 X109.006 Y113.324 E4.8715
G1 X108.132 Y113.236 E4.90123
G1 X107.695 Y113.375 E4.91675
G1 X107.259 Y113.736 E4.93591
G1 X106.385 Y114.701 E4.97998
G1 X105.948 Y114.993 E4.99777
G1 X105.512 Y115.171 E5.01371
G1 X104.638 Y115.258 E5.04344
G1 X104.201 Y115.119 E5.05896
G1 X103.844 Y114.825 E5.07461
G1 X103.844 Y117.318 E5.159
G1 X104.638 Y118.195 E5.19904
G1 X105.075 Y118.488 E5.21685
G1 X105.512 Y118.665 E5.23281
G1 X106.385 Y118.753 E5.26251
G1 X106.822 Y118.614 E5.27803
G1 X107.259 Y118.253 E5.29722
G1 X108.132 Y117.288 E5.34127
G1 X108.569 Y116.995 E5.35908
G1 X109.006 Y116.818 E5.37504
G1 X109.879 Y116.73 E5.40474
G1 X110.316 Y116.869 E5.42026
G1 X110.753 Y117.23 E5.43945
G1 X111.626 Y118.195 E5.4835
G1 X112.063 Y118.488 E5.50131
G1 X112.5 Y118.665 E5.51727
G1 X113.374 Y118.753 E5.547
G1 X113.81 Y118.614 E5.56249
G1 X114.247 Y118.253 E5.58168
G1 X115.121 Y117.288 E5.62575
G1 X115.557 Y116.995 E5.64353
G1 X115.994 Y116.818 E5.65949
G1 X116.868 Y116.73 E5.68922
G1 X117.305 Y116.869 E5.70474
G1 X117.741 Y117.23 E5.7239
G1 X118.615 Y118.195 E5.76797
G1 X119.052 Y118.488 E5.78578
G1 X119.488 Y118.665 E5.80171
G1 X120.362 Y118.753 E5.83144
G1 X120.799 Y118.614 E5.84696
G1 X121.156 Y118.319 E5.86264
G1 X121.156 Y120.812 E5.94703
G1 X120.845 Y121.156 E5.96273
G1 X117.206 Y121.156 E6.08591
G1 X116.868 Y120.782 E6.10297
G1 X116.431 Y120.489 E6.12078
G1 X115.994 Y120.312 E6.13674
G1 X115.121 Y120.224 E6.16644
G1 X114.684 Y120.363 E6.18196
G1 X114.247 Y120.724 E6.20115
G1 X113.857 Y121.156 E6.22085
G1 X110.217 Y121.156 E6.34406
G1 X109.879 Y120.782 E6.36112
G1 X109.443 Y120.489 E6.3789
G1 X109.006 Y120.312 E6.39486
G1 X108.132 Y120.224 E6.42459
G1 X107.695 Y120.363 E6.44011
G1 X107.259 Y120.724 E6.45927
G1 X106.868 Y121.156 E6.47899
G1 X104.426 Y121.156 E6.56165
;LAYER_CHANGE
;Z:9.4
;HEIGHT:0.2
G1 Z9.4 F7800
G1 E4.56165 F2400
G1 Z9.4 F7800
G1 X103.539 Y103.539
G1 E6.56165 F2400
;TYPE:Perimeter
;WIDTH:0.449999
G1 F3600
G1 X121.461 Y103.539 E7.16829
G1 X121.461 Y112.5 E7.47161
G1 X121.461 Y121.461 E7.77493
G1 X103.539 Y121.461 E8.38157
G1 X103.539 Y103.599 E8.98618
G1 X103.539 Y103.599 F7800
G1 X103.132 Y103.132
G1 F3600
G1 X121.868 Y103.132 E9.62037
G1 X121.868 Y112.5 E9.93747
G1 X121.868 Y121.868 E10.25457
G1 X103.132 Y121.868 E10.88876
G1 X103.132 Y103.192 E11.52092
G1 X102.725 Y102.725 F7800
;TYPE:External perimeter
G1 F1800
G1 X122.275 Y102.725 E12.18266
G1 X122.275 Y112.5 E12.51353
G1 X122.275 Y122.275 E12.8444
G1 X102.725 Y122.275 E13.50614
G1 X102.725 Y102.785 E14.16585
G1 X103.121 Y102.726 F7800
G1 E12.16585 F2400
G92 E0
G1 X103.844 Y105.704 F7800
G1 E2 F2400
;TYPE:Internal infill
;WIDTH:0.45
G1 F4800
G1 X103.844 Y103.844 E2.06296
G1 X104.427 Y103.844 E2.08269
G1 X104.638 Y104.135 E2.09486
G1 X105.075 Y104.506 E2.11426
G1 X105.512 Y104.743 E2.13109
G1 X106.385 Y104.968 E2.16161
G1 X106.822 Y104.922 E2.17648
G1 X107.259 Y104.597 E2.19491
G1 X107.805 Y103.844 E2.22639
G1 X111.415 Y103.844 E2.34858
G1 X111.626 Y104.135 E2.36075
G1 X112.063 Y104.506 E2.38015
G1 X112.5 Y104.743 E2.39698
G1 X113.374 Y104.968 E2.42753
G1 X113.81 Y104.922 E2.44237
G1 X114.247 Y104.597 E2.4608
G1 X114.793 Y103.844 E2.49228
G1 X118.404 Y103.844 E2.61451
G1 X118.615 Y104.135 E2.62668
G1 X119.052 Y104.506 E2.64608
G1 X119.488 Y104.743 E2.66288
G1 X120.362 Y104.968 E2.69343
G1 X120.799 Y104.922 E2.7083
G1 X121.156 Y104.656 E2.72337
G1 X121.156 Y106.537 E2.78704
G1 X120.362 Y107.629 E2.83274
G1 X119.925 Y108 E2.85214
G1 X119.488 Y108.237 E2.86897
G1 X118.615 Y108.462 E2.89949
G1 X118.178 Y108.416 E2.91436
G1 X117.741 Y108.091 E2.93279
G1 X116.868 Y106.888 E2.9831
G1 X116.431 Y106.518 E3.00248
G1 X115.994 Y106.28 E3.01932
G1 X115.121 Y106.055 E3.04984
G1 X114.684 Y106.101 E3.06471
G1 X114.247 Y106.426 E3.08314
G1 X113.374 Y107.629 E3.13345
G1 X112.937 Y108 E3.15285
G1 X112.5 Y108.237 E3.16968
G1 X111.626 Y108.462 E3.20023
G1 X111.19 Y108.416 E3.21507
G1 X110.753 Y108.091 E3.2335
G1 X109.879 Y106.888 E3.28383
G1 X109.443 Y106.518 E3.30319
G1 X109.006 Y106.28 E3.32003
G1 X108.132 Y106.055 E3.35058
G1 X107.695 Y106.101 E3.36545
G1 X107.259 Y106.426 E3.38386
G1 X106.385 Y107.629 E3.43419
G1 X105.948 Y108 E3.45359
G1 X105.512 Y108.237 E3.47039
G1 X104.638 Y108.462 E3.50094
G1 X104.201 Y108.416 E3.51581
G1 X103.844 Y108.15 E3.53088
G1 X103.844 Y110.031 E3.59455
G1 X104.638 Y111.124 E3.64028
G1 X105.075 Y111.494 E3.65966
G1 X105.512 Y111.732 E3.6765
G1 X106.385 Y111.956 E3.70701
G1 X106.822 Y111.91 E3.72188
G1 X107.259 Y111.585 E3.74031
G1 X108.132 Y110.382 E3.79062
G1 X108.569 Y110.012 E3.81
G1 X109.006 Y109.774 E3.82684
G1 X109.879 Y109.55 E3.85735
G1 X110.316 Y109.596 E3.87222
G1 X110.753 Y109.921 E3.89065
G1 X111.626 Y111.124 E3.94096
G1 X112.063 Y111.494 E3.96034
G1 X112.5 Y111.732 E3.97718
G1 X113.374 Y111.956 E4.00772
G1 X113.81 Y111.91 E4.02256
G1 X114.247 Y111.585 E4.04099
G1 X115.121 Y110.382 E4.09132
G1 X115.557 Y110.012 E4.11068
G1 X115.994 Y109.774 E4.12752
G1 X116.868 Y109.55 E4.15806
G1 X117.305 Y109.596 E4.17293
G1 X117.741 Y109.921 E4.19134
G1 X118.615 Y111.124 E4.24167
G1 X119.052 Y111.494 E4.26105
G1 X119.488 Y111.732 E4.27786
G1 X120.362 Y111.956 E4.3084
G1 X120.799 Y111.91 E4.32327
G1 X121.156 Y111.645 E4.33832
G1 X121.156 Y113.525 E4.40196
G1 X120.362 Y114.618 E4.44769
G1 X119.925 Y114.988 E4.46707
G1 X119.488 Y115.226 E4.48391
G1 X118.615 Y115.45 E4.51442
G1 X118.178 Y115.404 E4.52929
G1 X117.741 Y115.079 E4.54772
G1 X116.868 Y113.876 E4.59803
G1 X116.431 Y113.506 E4.61741
G1 X115.994 Y113.268 E4.63425
G1 X115.121 Y113.044 E4.66476
G1 X114.684 Y113.09 E4.67963
G1 X114.247 Y113.415 E4.69806
G1 X113.374 Y114.618 E4.74837
G1 X112.937 Y114.988 E4.76775
G1 X112.5 Y115.226 E4.78459
G1 X111.626 Y115.45 E4.81513
G1 X111.19 Y115.404 E4.82997
G1 X110.753 Y115.079 E4.8484
G1 X109.879 Y113.876 E4.89873
G1 X109.443 Y113.506 E4.91809
G1 X109.006 Y113.268 E4.93493
G1 X108.132 Y113.044 E4.96547
G1 X107.695 Y113.09 E4.98034
G1 X107.259 Y113.415 E4.99875
G1 X106.385 Y114.618 E5.04908
G1 X105.948 Y114.988 E5.06846
G1 X105.512 Y115.226 E5.08527
G1 X104.638 Y115.45 E5.11581
G1 X104.201 Y115.404 E5.13068
G1 X103.844 Y115.139 E5.14573
G1 X103.844 Y117.019 E5.20937
G1 X104.638 Y118.112 E5.2551
G1 X105.075 Y118.482 E5.27448
G1 X105.512 Y118.72 E5.29132
G1 X106.385 Y118.945 E5.32184
G1 X106.822 Y118.899 E5.33671
G1 X107.259 Y118.574 E5.35514
G1 X108.132 Y117.371 E5.40545
G1 X108.569 Y117 E5.42485
G1 X109.006 Y116.763 E5.44168
G1 X109.879 Y116.538 E5.4722
G1 X110.316 Y116.584 E5.48707
G1 X110.753 Y116.909 E5.5055
G1 X111.626 Y118.112 E5.55581
G1 X112.063 Y118.482 E5.57519
G1 X112.5 Y118.72 E5.59203
G1 X113.374 Y118.945 E5.62258
G1 X113.81 Y118.899 E5.63742
G1 X114.247 Y118.574 E5.65585
G1 X115.121 Y117.371 E5.70618
G1 X115.557 Y117 E5.72556
G1 X115.994 Y116.763 E5.74239
G1 X116.868 Y116.538 E5.77294
G1 X117.305 Y116.584 E5.78781
G1 X117.741 Y116.909 E5.80622
G1 X118.615 Y118.112 E5.85655
G1 X119.052 Y118.482 E5.87593
G1 X119.488 Y118.72 E5.89274
G1 X120.362 Y118.945 E5.92329
G1 X120.799 Y118.899 E5.93816
G1 X121.156 Y118.633 E5.95323
G1 X121.156 Y120.513 E6.01687
G1 X120.689 Y121.156 E6.04377
G1 X117.118 Y121.156 E6.16464
G1 X116.431 Y120.494 E6.19693
G1 X115.994 Y120.257 E6.21376
G1 X115.121 Y120.032 E6.24428
G1 X114.684 Y120.078 E6.25915
G1 X114.247 Y120.403 E6.27758
G1 X113.701 Y121.156 E6.30906
G1 X110.129 Y121.156 E6.42997
G1 X109.443 Y120.494 E6.46224
G1 X109.006 Y120.257 E6.47907
G1 X108.132 Y120.032 E6.50962
G1 X107.695 Y120.078 E6.52449
G1 X107.259 Y120.403 E6.5429
G1 X106.712 Y121.156 E6.5744
G1 X104.27 Y121.156 E6.65706
;LAYER_CHANGE
;Z:9.6
;HEIGHT:0.200001
G1 Z9.6 F7800
G1 E4.65706 F2400
G1 Z9.6 F7800
G1 X103.539 Y103.539
G1 E6.65706 F2400
;TYPE:Perimeter
;WIDTH:0.449999
G1 F3600
G1 X121.461 Y103.539 E7.2637
G1 X121.461 Y112.5 E7.56702
G1 X121.461 Y121.461 E7.87034
G1 X103.539 Y121.461 E8.47698
G1 X103.539 Y103.599 E9.08159
G1 X103.539 Y103.599 F7800
G1 X103.132 Y103.132
G1 F3600
G1 X121.868 Y103.132 E9.71578
G1 X121.868 Y112.5 E10.03288
G1 X121.868 Y121.868 E10.34998
G1 X103.132 Y121.868 E10.98417
G1 X103.132 Y103.192 E11.61633
G1 X102.725 Y102.725 F7800
;TYPE:External perimeter
G1 F1800
G1 X122.275 Y102.725 E12.27807
G1 X122.275 Y112.5 E12.60894
G1 X122.275 Y122.275 E12.93981
G1 X102.725 Y122.275 E13.60155
G1 X102.725 Y102.785 E14.26126
G1 X103.121 Y102.726 F7800
G1 E12.26126 F2400
G92 E0
G1 X103.844 Y105.614 F7800
G1 E2 F2400
;TYPE:Internal infill
;WIDTH:0.45
G1 F4800
G1 X103.844 Y103.844 E2.05991
G1 X104.518 Y103.844 E2.08272
G1 X104.638 Y104.059 E2.09105
G1 X105.075 Y104.523 E2.11262
G1 X105.512 Y104.823 E2.13056
G1 X106.822 Y105.345 E2.17829
G1 X107.259 Y105.311 E2.19313
G1 X107.695 Y104.249 E2.23199
G1 X107.922 Y103.844 E2.24771
G1 X111.506 Y103.844 E2.36902
G1 X111.626 Y104.059 E2.37735
G1 X112.063 Y104.523 E2.39892
G1 X112.5 Y104.823 E2.41686
G1 X113.81 Y105.345 E2.46459
G1 X114.247 Y105.311 E2.47943
G1 X114.684 Y104.249 E2.5183
G1 X114.911 Y103.844 E2.53402
G1 X118.495 Y103.844 E2.65533
G1 X118.615 Y104.059 E2.66366
G1 X119.052 Y104.523 E2.68523
G1 X119.488 Y104.823 E2.70314
G1 X120.799 Y105.345 E2.7509
G1 X121.156 Y105.318 E2.76302
G1 X121.156 Y105.906 E2.78292
G1 X120.799 Y106.774 E2.81469
G1 X120.362 Y107.553 E2.84492
G1 X119.925 Y108.017 E2.86649
G1 X119.488 Y108.317 E2.88443
G1 X118.178 Y108.84 E2.93218
G1 X117.741 Y108.806 E2.94702
G1 X117.305 Y107.744 E2.98588
G1 X116.868 Y106.964 E3.01614
G1 X116.431 Y106.501 E3.03769
G1 X115.994 Y106.2 E3.05565
G1 X114.684 Y105.678 E3.10338
G1 X114.247 Y105.712 E3.11822
G1 X113.81 Y106.774 E3.15709
G1 X113.374 Y107.553 E3.18731
G1 X112.937 Y108.017 E3.20888
G1 X112.5 Y108.317 E3.22682
G1 X111.19 Y108.84 E3.27457
G1 X110.753 Y108.806 E3.28941
G1 X110.316 Y107.744 E3.32828
G1 X109.879 Y106.964 E3.35854
G1 X109.443 Y106.501 E3.38007
G1 X109.006 Y106.2 E3.39803
G1 X107.695 Y105.678 E3.44579
G1 X107.259 Y105.712 E3.46059
G1 X106.822 Y106.774 E3.49946
G1 X106.385 Y107.553 E3.52969
G1 X105.948 Y108.017 E3.55126
G1 X105.512 Y108.317 E3.56917
G1 X104.638 Y108.702 E3.6015
G1 X104.201 Y108.84 E3.61701
G1 X103.844 Y108.812 E3.62913
G1 X103.844 Y109.4 E3.64903
G1 X104.201 Y110.268 E3.6808
G1 X104.638 Y111.047 E3.71103
G1 X105.075 Y111.511 E3.7326
G1 X105.512 Y111.811 E3.75054
G1 X106.822 Y112.334 E3.79829
G1 X107.259 Y112.3 E3.81313
G1 X107.695 Y111.238 E3.85199
G1 X108.132 Y110.458 E3.88225
G1 X108.569 Y109.995 E3.9038
G1 X109.006 Y109.695 E3.92174
G1 X110.316 Y109.172 E3.96949
G1 X110.753 Y109.206 E3.98433
G1 X111.19 Y110.268 E4.0232
G1 X111.626 Y111.047 E4.05342
G1 X112.063 Y111.511 E4.07499
G1 X112.5 Y111.811 E4.09293
G1 X113.81 Y112.334 E4.14068
G1 X114.247 Y112.3 E4.15552
G1 X114.684 Y111.238 E4.19439
G1 X115.121 Y110.458 E4.22465
G1 X115.557 Y109.995 E4.24618
G1 X115.994 Y109.695 E4.26412
G1 X116.868 Y109.309 E4.29646
G1 X117.305 Y109.172 E4.31196
G1 X117.741 Y109.206 E4.32676
G1 X118.178 Y110.268 E4.36563
G1 X118.615 Y111.047 E4.39586
G1 X119.052 Y111.511 E4.41743
G1 X119.488 Y111.811 E4.43534
G1 X120.362 Y112.197 E4.46768
G1 X120.799 Y112.334 E4.48318
G1 X121.156 Y112.306 E4.4953
G1 X121.156 Y112.895 E4.51524
G1 X120.799 Y113.762 E4.54698
G1 X120.362 Y114.542 E4.57724
G1 X119.925 Y115.005 E4.59879
G1 X119.488 Y115.305 E4.61673
G1 X118.178 Y115.828 E4.66448
G1 X117.741 Y115.794 E4.67932
G1 X117.305 Y114.732 E4.71818
G1 X116.868 Y113.953 E4.74841
G1 X116.431 Y113.489 E4.76998
G1 X115.994 Y113.189 E4.78792
G1 X114.684 Y112.666 E4.83567
G1 X114.247 Y112.7 E4.85051
G1 X113.81 Y113.762 E4.88938
G1 X113.374 Y114.542 E4.91963
G1 X112.937 Y115.005 E4.94118
G1 X112.5 Y115.305 E4.95912
G1 X111.626 Y115.691 E4.99146
G1 X111.19 Y115.828 E5.00693
G1 X110.753 Y115.794 E5.02177
G1 X110.316 Y114.732 E5.06064
G1 X109.879 Y113.953 E5.09087
G1 X109.443 Y113.489 E5.11242
G1 X109.006 Y113.189 E5.13036
G1 X107.695 Y112.666 E5.17814
G1 X107.259 Y112.7 E5.19294
G1 X106.822 Y113.762 E5.23181
G1 X106.385 Y114.542 E5.26207
G1 X105.948 Y115.005 E5.28362
G1 X105.512 Y115.305 E5.30153
G1 X104.638 Y115.691 E5.33387
G1 X104.201 Y115.828 E5.34937
G1 X103.844 Y115.8 E5.36149
G1 X103.844 Y116.389 E5.38143
G1 X104.201 Y117.256 E5.41317
G1 X104.638 Y118.036 E5.44343
G1 X105.075 Y118.499 E5.46498
G1 X105.512 Y118.8 E5.48294
G1 X106.822 Y119.322 E5.53067
G1 X107.259 Y119.288 E5.54551
G1 X107.695 Y118.226 E5.58437
G1 X108.132 Y117.447 E5.6146
G1 X108.569 Y116.983 E5.63617
G1 X109.006 Y116.683 E5.65411
G1 X109.879 Y116.298 E5.68641
G1 X110.316 Y116.16 E5.70192
G1 X110.753 Y116.194 E5.71676
G1 X111.19 Y117.256 E5.75563
G1 X111.626 Y118.036 E5.78588
G1 X112.063 Y118.499 E5.80743
G1 X112.5 Y118.8 E5.82539
G1 X113.81 Y119.322 E5.87312
G1 X114.247 Y119.288 E5.88796
G1 X114.684 Y118.226 E5.92683
G1 X115.121 Y117.447 E5.95706
G1 X115.557 Y116.983 E5.97861
G1 X115.994 Y116.683 E5.99655
G1 X116.868 Y116.298 E6.02888
G1 X117.305 Y116.16 E6.04439
G1 X117.741 Y116.194 E6.05919
G1 X118.178 Y117.256 E6.09806
G1 X118.615 Y118.036 E6.12832
G1 X119.052 Y118.499 E6.14987
G1 X119.488 Y118.8 E6.1678
G1 X120.362 Y119.185 E6.20013
G1 X120.799 Y119.322 E6.21563
G1 X121.156 Y119.294 E6.22775
G1 X121.156 Y119.883 E6.24769
G1 X120.572 Y121.156 E6.2951
G1 X116.988 Y121.156 E6.41641
G1 X116.868 Y120.941 E6.42474
G1 X116.431 Y120.477 E6.44631
G1 X115.994 Y120.177 E6.46425
G1 X114.684 Y119.655 E6.51198
G1 X114.247 Y119.689 E6.52682
G1 X113.81 Y120.751 E6.56569
G1 X113.583 Y121.156 E6.58141
G1 X110 Y121.156 E6.70269
G1 X109.879 Y120.941 E6.71104
G1 X109.443 Y120.477 E6.73259
G1 X109.006 Y120.177 E6.75053
G1 X107.695 Y119.655 E6.79829
G1 X107.259 Y119.689 E6.81309
G1 X106.822 Y120.751 E6.85196
G1 X106.595 Y121.156 E6.86768
G1 X104.153 Y121.156 E6.95034
;LAYER_CHANGE
;Z:9.8
;HEIGHT:0.2
G1 Z9.8 F7800
G1 E4.95034 F2400
G1 Z9.8 F7800
G1 X103.539 Y103.539
G1 E6.95034 F2400
;TYPE:Perimeter
;WIDTH:0.449999
G1 F3600
G1 X121.461 Y103.539 E7.55698
G1 X121.461 Y112.5 E7.8603
G1 X121.461 Y121.461 E8.16362
G1 X103.539 Y121.461 E8.77026
G1 X103.539 Y103.599 E9.37487
G1 X103.539 Y103.599 F7800
G1 X103.132 Y103.132
G1 F3600
G1 X121.868 Y103.132 E10.00906
G1 X121.868 Y112.5 E10.32616
G1 X121.868 Y121.868 E10.64326
G1 X103.132 Y121.868 E11.27745
G1 X103.132 Y103.192 E11.90961
G1 X102.725 Y102.725 F7800
;TYPE:External perimeter
G1 F1800
G1 X122.275 Y102.725 E12.57135
G1 X122.275 Y112.5 E12.90222
G1 X122.275 Y122.275 E13.23309
G1 X102.725 Y122.275 E13.89483
G1 X102.725 Y102.785 E14.55454
G1 X103.121 Y102.726 F7800
G1 E12.55454 F2400
G92 E0
G1 X103.844 Y105.56 F7800
G1 E2 F2400
;TYPE:Internal infill
;WIDTH:0.45
G1 F4800
G1 X103.844 Y103.844 E2.05808
G1 X104.571 Y103.844 E2.08269
G1 X104.77 Y104.201 E2.09652
G1 X105.148 Y104.638 E2.11608
G1 X106.381 Y105.512 E2.16724
G1 X106.7 Y105.948 E2.18553
G1 X106.734 Y106.385 E2.20037
G1 X106.496 Y107.259 E2.23103
G1 X106.253 Y107.695 E2.24793
G1 X105.875 Y108.132 E2.26749
G1 X104.642 Y109.006 E2.31865
G1 X104.323 Y109.443 E2.33696
G1 X104.289 Y109.879 E2.35176
G1 X104.527 Y110.753 E2.38242
G1 X104.77 Y111.19 E2.39935
G1 X105.148 Y111.626 E2.41888
G1 X106.381 Y112.5 E2.47004
G1 X106.7 Y112.937 E2.48835
G1 X106.734 Y113.374 E2.50319
G1 X106.496 Y114.247 E2.53382
G1 X106.253 Y114.684 E2.55075
G1 X105.875 Y115.121 E2.57031
G1 X104.642 Y115.994 E2.62145
G1 X104.323 Y116.431 E2.63976
G1 X104.289 Y116.868 E2.6546
G1 X104.527 Y117.741 E2.68523
G1 X104.77 Y118.178 E2.70216
G1 X105.148 Y118.615 E2.72172
G1 X106.381 Y119.488 E2.77286
G1 X106.7 Y119.925 E2.79117
G1 X106.734 Y120.362 E2.80601
G1 X106.518 Y121.156 E2.83386
G1 X109.946 Y121.156 E2.94989
G1 X109.747 Y120.799 E2.96372
G1 X109.369 Y120.362 E2.98328
G1 X108.136 Y119.488 E3.03444
G1 X107.818 Y119.052 E3.05271
G1 X107.783 Y118.615 E3.06755
G1 X108.021 Y117.741 E3.09821
G1 X108.264 Y117.305 E3.11511
G1 X108.642 Y116.868 E3.13467
G1 X109.875 Y115.994 E3.18583
G1 X110.194 Y115.557 E3.20414
G1 X110.229 Y115.121 E3.21895
G1 X109.991 Y114.247 E3.24961
G1 X109.747 Y113.81 E3.26655
G1 X109.369 Y113.374 E3.28608
G1 X108.136 Y112.5 E3.33724
G1 X107.818 Y112.063 E3.35553
G1 X107.783 Y111.626 E3.37037
G1 X108.021 Y110.753 E3.401
G1 X108.264 Y110.316 E3.41793
G1 X108.642 Y109.879 E3.43749
G1 X109.875 Y109.006 E3.48863
G1 X110.194 Y108.569 E3.50694
G1 X110.229 Y108.132 E3.52178
G1 X109.991 Y107.259 E3.55241
G1 X109.747 Y106.822 E3.56935
G1 X109.369 Y106.385 E3.58891
G1 X108.136 Y105.512 E3.64005
G1 X107.818 Y105.075 E3.65834
G1 X107.783 Y104.638 E3.67318
G1 X107.999 Y103.844 E3.70103
G1 X111.56 Y103.844 E3.82157
G1 X111.758 Y104.201 E3.83539
G1 X112.137 Y104.638 E3.85497
G1 X113.369 Y105.512 E3.9061
G1 X113.688 Y105.948 E3.92439
G1 X113.723 Y106.385 E3.93923
G1 X113.485 Y107.259 E3.96989
G1 X113.242 Y107.695 E3.98679
G1 X112.864 Y108.132 E4.00635
G1 X111.631 Y109.006 E4.05751
G1 X111.312 Y109.443 E4.07582
G1 X111.277 Y109.879 E4.09063
G1 X111.515 Y110.753 E4.12129
G1 X111.758 Y111.19 E4.13822
G1 X112.137 Y111.626 E4.15777
G1 X113.369 Y112.5 E4.2089
G1 X113.688 Y112.937 E4.22721
G1 X113.723 Y113.374 E4.24205
G1 X113.485 Y114.247 E4.27268
G1 X113.242 Y114.684 E4.28961
G1 X112.864 Y115.121 E4.30917
G1 X111.631 Y115.994 E4.36031
G1 X111.312 Y116.431 E4.37862
G1 X111.277 Y116.868 E4.39346
G1 X111.515 Y117.741 E4.42409
G1 X111.758 Y118.178 E4.44102
G1 X112.137 Y118.615 E4.4606
G1 X113.369 Y119.488 E4.51171
G1 X113.688 Y119.925 E4.53002
G1 X113.723 Y120.362 E4.54486
G1 X113.507 Y121.156 E4.57271
G1 X116.935 Y121.156 E4.68874
G1 X116.736 Y120.799 E4.70257
G1 X116.358 Y120.362 E4.72213
G1 X115.125 Y119.488 E4.77329
G1 X114.806 Y119.052 E4.79158
G1 X114.771 Y118.615 E4.80642
G1 X115.009 Y117.741 E4.83708
G1 X115.253 Y117.305 E4.85399
G1 X115.631 Y116.868 E4.87355
G1 X116.864 Y115.994 E4.92471
G1 X117.182 Y115.557 E4.943
G1 X117.217 Y115.121 E4.95781
G1 X116.979 Y114.247 E4.98847
G1 X116.736 Y113.81 E5.0054
G1 X116.358 Y113.374 E5.02493
G1 X115.125 Y112.5 E5.07609
G1 X114.806 Y112.063 E5.0944
G1 X114.771 Y111.626 E5.10924
G1 X115.009 Y110.753 E5.13987
G1 X115.253 Y110.316 E5.15681
G1 X115.631 Y109.879 E5.17637
G1 X116.864 Y109.006 E5.22751
G1 X117.182 Y108.569 E5.2458
G1 X117.217 Y108.132 E5.26064
G1 X116.979 Y107.259 E5.29127
G1 X116.736 Y106.822 E5.3082
G1 X116.358 Y106.385 E5.32776
G1 X115.125 Y105.512 E5.3789
G1 X114.806 Y105.075 E5.39721
G1 X114.771 Y104.638 E5.41205
G1 X114.988 Y103.844 E5.43991
G1 X118.548 Y103.844 E5.56041
G1 X118.747 Y104.201 E5.57424
G1 X119.125 Y104.638 E5.5938
G1 X120.358 Y105.512 E5.64496
G1 X120.677 Y105.948 E5.66325
G1 X120.711 Y106.385 E5.67809
G1 X120.473 Y107.259 E5.70875
G1 X120.23 Y107.695 E5.72565
G1 X119.852 Y108.132 E5.74521
G1 X118.619 Y109.006 E5.79637
G1 X118.3 Y109.443 E5.81468
G1 X118.266 Y109.879 E5.82948
G1 X118.504 Y110.753 E5.86014
G1 X118.747 Y111.19 E5.87707
G1 X119.125 Y111.626 E5.8966
G1 X120.358 Y112.5 E5.94776
G1 X120.677 Y112.937 E5.96607
G1 X120.711 Y113.374 E5.98091
G1 X120.473 Y114.247 E6.01154
G1 X120.23 Y114.684 E6.02847
G1 X119.852 Y115.121 E6.04803
G1 X118.619 Y115.994 E6.09917
G1 X118.3 Y116.431 E6.11748
G1 X118.266 Y116.868 E6.13232
G1 X118.504 Y117.741 E6.16295
G1 X118.747 Y118.178 E6.17988
G1 X119.125 Y118.615 E6.19944
G1 X120.358 Y119.488 E6.25058
G1 X120.677 Y119.925 E6.26889
G1 X120.711 Y120.362 E6.28373
G1 X120.495 Y121.156 E6.31158
G1 X121.156 Y121.156 E6.33395
G1 X121.156 Y119.374 E6.39427
;LAYER_CHANGE
;Z:10
;HEIGHT:0.2
G1 Z10 F7800
G1 E4.39427 F2400
G1 Z10 F7800
G1 X103.539 Y103.539
G1 E6.39427 F2400
;TYPE:Perimeter
;WIDTH:0.449999
G1 F3600
G1 X121.461 Y103.539 E7.00091
G1 X121.461 Y112.5 E7.30423
G1 X121.461 Y121.461 E7.60755
G1 X103.539 Y121.461 E8.21419
G1 X103.539 Y103.599 E8.8188
G1 X103.539 Y103.599 F7800
G1 X103.132 Y103.132
G1 F3600
G1 X121.868 Y103.132 E9.45299
G1 X121.868 Y112.5 E9.77009
G1 X121.868 Y121.868 E10.08719
G1 X103.132 Y121.868 E10.72138
G1 X103.132 Y103.192 E11.35354
G1 X102.725 Y102.725 F7800
;TYPE:External perimeter
G1 F1800
G1 X122.275 Y102.725 E12.01528
G1 X122.275 Y112.5 E12.34615
G1 X122.275 Y122.275 E12.67702
G1 X102.725 Y122.275 E13.33876
G1 X102.725 Y102.785 E13.99847
G1 X103.121 Y102.726 F7800
G1 E11.99847 F2400
G92 E0
G1 X103.844 Y105.514 F7800
G1 E2 F2400
;TYPE:Internal infill
;WIDTH:0.45
G1 F4800
G1 X103.844 Y103.844 E2.05653
G1 X104.617 Y103.844 E2.0827
G1 X104.767 Y104.201 E2.09581
G1 X105.066 Y104.638 E2.11373
G1 X106.047 Y105.512 E2.1582
G1 X106.406 Y105.948 E2.17732
G1 X106.539 Y106.385 E2.19278
G1 X106.439 Y107.259 E2.22256
G1 X106.257 Y107.695 E2.23855
G1 X105.957 Y108.132 E2.25649
G1 X104.976 Y109.006 E2.30096
G1 X104.617 Y109.443 E2.3201
G1 X104.485 Y109.879 E2.33552
G1 X104.584 Y110.753 E2.36529
G1 X104.767 Y111.19 E2.38133
G1 X105.066 Y111.626 E2.39923
G1 X106.047 Y112.5 E2.4437
G1 X106.406 Y112.937 E2.46284
G1 X106.539 Y113.374 E2.4783
G1 X106.439 Y114.247 E2.50804
G1 X106.257 Y114.684 E2.52406
G1 X105.957 Y115.121 E2.542
G1 X104.976 Y115.994 E2.58645
G1 X104.617 Y116.431 E2.60559
G1 X104.485 Y116.868 E2.62104
G1 X104.584 Y117.741 E2.65078
G1 X104.767 Y118.178 E2.66682
G1 X105.066 Y118.615 E2.68474
G1 X106.047 Y119.488 E2.72919
G1 X106.406 Y119.925 E2.74833
G1 X106.539 Y120.362 E2.76379
G1 X106.448 Y121.156 E2.79084
G1 X109.9 Y121.156 E2.90769
G1 X109.751 Y120.799 E2.92078
G1 X109.451 Y120.362 E2.93872
G1 X108.47 Y119.488 E2.98319
G1 X108.111 Y119.052 E3.00231
G1 X107.979 Y118.615 E3.01776
G1 X108.078 Y117.741 E3.04753
G1 X108.261 Y117.305 E3.06354
G1 X108.56 Y116.868 E3.08146
G1 X109.542 Y115.994 E3.12596
G1 X109.901 Y115.557 E3.1451
G1 X110.033 Y115.121 E3.16052
G1 X109.933 Y114.247 E3.1903
G1 X109.751 Y113.81 E3.20632
G1 X109.451 Y113.374 E3.22423
G1 X108.47 Y112.5 E3.2687
G1 X108.111 Y112.063 E3.28784
G1 X107.979 Y111.626 E3.30329
G1 X108.078 Y110.753 E3.33303
G1 X108.261 Y110.316 E3.34907
G1 X108.56 Y109.879 E3.36699
G1 X109.542 Y109.006 E3.41147
G1 X109.901 Y108.569 E3.43061
G1 X110.033 Y108.132 E3.44606
G1 X109.933 Y107.259 E3.4758
G1 X109.751 Y106.822 E3.49182
G1 X109.451 Y106.385 E3.50976
G1 X108.47 Y105.512 E3.55421
G1 X108.111 Y105.075 E3.57335
G1 X107.979 Y104.638 E3.5888
G1 X108.069 Y103.844 E3.61585
G1 X111.606 Y103.844 E3.73557
G1 X111.755 Y104.201 E3.74866
G1 X112.054 Y104.638 E3.76658
G1 X113.036 Y105.512 E3.81108
G1 X113.395 Y105.948 E3.8302
G1 X113.527 Y106.385 E3.84565
G1 X113.428 Y107.259 E3.87542
G1 X113.245 Y107.695 E3.89143
G1 X112.946 Y108.132 E3.90935
G1 X111.964 Y109.006 E3.95385
G1 X111.605 Y109.443 E3.97299
G1 X111.473 Y109.879 E3.98841
G1 X111.572 Y110.753 E4.01818
G1 X111.755 Y111.19 E4.03422
G1 X112.054 Y111.626 E4.05212
G1 X113.036 Y112.5 E4.09662
G1 X113.395 Y112.937 E4.11576
G1 X113.527 Y113.374 E4.13121
G1 X113.428 Y114.247 E4.16095
G1 X113.245 Y114.684 E4.17699
G1 X112.946 Y115.121 E4.19491
G1 X111.964 Y115.994 E4.23939
G1 X111.605 Y116.431 E4.25853
G1 X111.473 Y116.868 E4.27398
G1 X111.572 Y117.741 E4.30372
G1 X111.755 Y118.178 E4.31976
G1 X112.054 Y118.615 E4.33768
G1 X113.036 Y119.488 E4.38216
G1 X113.395 Y119.925 E4.4013
G1 X113.527 Y120.362 E4.41675
G1 X113.437 Y121.156 E4.4438
G1 X116.888 Y121.156 E4.56061
G1 X116.739 Y120.799 E4.5737
G1 X116.44 Y120.362 E4.59162
G1 X115.458 Y119.488 E4.63612
G1 X115.099 Y119.052 E4.65524
G1 X114.967 Y118.615 E4.67069
G1 X115.067 Y117.741 E4.70047
G1 X115.249 Y117.305 E4.71646
G1 X115.549 Y116.868 E4.7344
G1 X116.53 Y115.994 E4.77887
G1 X116.889 Y115.557 E4.79801
G1 X117.021 Y115.121 E4.81343
G1 X116.922 Y114.247 E4.8432
G1 X116.739 Y113.81 E4.85924
G1 X116.44 Y113.374 E4.87714
G1 X115.458 Y112.5 E4.92164
G1 X115.099 Y112.063 E4.94078
G1 X114.967 Y111.626 E4.95623
G1 X115.067 Y110.753 E4.98597
G1 X115.249 Y110.316 E5.00199
G1 X115.549 Y109.879 E5.01993
G1 X116.53 Y109.006 E5.06438
G1 X116.889 Y108.569 E5.08352
G1 X117.021 Y108.132 E5.09897
G1 X116.922 Y107.259 E5.12871
G1 X116.739 Y106.822 E5.14475
G1 X116.44 Y106.385 E5.16267
G1 X115.458 Y105.512 E5.20715
G1 X115.099 Y105.075 E5.22629
G1 X114.967 Y104.638 E5.24174
G1 X115.058 Y103.844 E5.26879
G1 X118.594 Y103.844 E5.38848
G1 X118.743 Y104.201 E5.40157
G1 X119.043 Y104.638 E5.41951
G1 X120.024 Y105.512 E5.46398
G1 X120.383 Y105.948 E5.4831
G1 X120.515 Y106.385 E5.49855
G1 X120.416 Y107.259 E5.52832
G1 X120.233 Y107.695 E5.54433
G1 X119.934 Y108.132 E5.56225
G1 X118.953 Y109.006 E5.60672
G1 X118.594 Y109.443 E5.62586
G1 X118.461 Y109.879 E5.64129
G1 X118.561 Y110.753 E5.67107
G1 X118.743 Y111.19 E5.68709
G1 X119.043 Y111.626 E5.705
G1 X120.024 Y112.5 E5.74947
G1 X120.383 Y112.937 E5.76861
G1 X120.515 Y113.374 E5.78406
G1 X120.416 Y114.247 E5.8138
G1 X120.233 Y114.684 E5.82984
G1 X119.934 Y115.121 E5.84776
G1 X118.953 Y115.994 E5.89221
G1 X118.594 Y116.431 E5.91135
G1 X118.461 Y116.868 E5.92681
G1 X118.561 Y117.741 E5.95655
G1 X118.743 Y118.178 E5.97257
G1 X119.043 Y118.615 E5.99051
G1 X120.024 Y119.488 E6.03496
G1 X120.383 Y119.925 E6.0541
G1 X120.515 Y120.362 E6.06955
G1 X120.425 Y121.156 E6.0966
G1 X121.156 Y121.156 E6.12134
G1 X121.156 Y119.444 E6.17929
;LAYER_CHANGE
;Z:10.2
;HEIGHT:0.2
G1 Z10.2 F7800
G1 E4.17929 F2400
G1 Z10.2 F7800
G1 X103.539 Y103.539
G1 E6.17929 F2400
;TYPE:Perimeter
;WIDTH:0.449999
G1 F3600
G1 X121.461 Y103.539 E6.78593
G1 X121.461 Y112.5 E7.08925
G1 X121.461 Y121.461 E7.39257
G1 X103.539 Y121.461 E7.99921
G1 X103.539 Y103.599 E8.60382
G1 X103.539 Y103.599 F7800
G1 X103.132 Y103.132
G1 F3600
G1 X121.868 Y103.132 E9.23801
G1 X121.868 Y112.5 E9.55511
G1 X121.868 Y121.868 E9.87221
G1 X103.132 Y121.868 E10.5064
G1 X103.132 Y103.192 E11.13856
G1 X102.725 Y102.725 F7800
;TYPE:External perimeter
G1 F1800
G1 X122.275 Y102.725 E11.8003
G1 X122.275 Y112.5 E12.13117
G1 X122.275 Y122.275 E12.46204
G1 X102.725 Y122.275 E13.12378
G1 X102.725 Y102.785 E13.78349
G1 X103.121 Y102.726 F7800
G1 E11.78349 F2400
G92 E0
G1 X103.844 Y105.489 F7800
G1 E2 F2400
;TYPE:Internal infill
;WIDTH:0.45
G1 F4800
G1 X103.844 Y103.844 E2.05568
G1 X104.643 Y103.844 E2.08273
G1 X104.744 Y104.201 E2.09529
G1 X104.975 Y104.638 E2.11202
G1 X106.181 Y105.948 E2.17229
G1 X106.379 Y106.385 E2.18853
G1 X106.439 Y106.822 E2.20346
G1 X106.403 Y107.259 E2.2183
G1 X106.279 Y107.695 E2.23364
G1 X106.048 Y108.132 E2.25037
G1 X104.843 Y109.443 E2.31064
G1 X104.644 Y109.879 E2.32686
G1 X104.584 Y110.316 E2.34179
G1 X104.62 Y110.753 E2.35663
G1 X104.744 Y111.19 E2.37201
G1 X104.975 Y111.626 E2.38871
G1 X106.181 Y112.937 E2.44901
G1 X106.379 Y113.374 E2.46525
G1 X106.439 Y113.81 E2.48015
G1 X106.403 Y114.247 E2.49499
G1 X106.279 Y114.684 E2.51037
G1 X106.048 Y115.121 E2.5271
G1 X104.843 Y116.431 E2.58735
G1 X104.644 Y116.868 E2.6036
G1 X104.584 Y117.305 E2.61853
G1 X104.62 Y117.741 E2.63334
G1 X104.744 Y118.178 E2.64872
G1 X104.975 Y118.615 E2.66545
G1 X106.181 Y119.925 E2.72572
G1 X106.379 Y120.362 E2.74196
G1 X106.439 Y120.799 E2.75689
G1 X106.41 Y121.156 E2.76901
G1 X109.875 Y121.156 E2.8863
G1 X109.773 Y120.799 E2.89887
G1 X109.542 Y120.362 E2.9156
G1 X108.337 Y119.052 E2.97585
G1 X108.139 Y118.615 E2.99209
G1 X108.078 Y118.178 E3.00703
G1 X108.114 Y117.741 E3.02187
G1 X108.238 Y117.305 E3.03721
G1 X108.47 Y116.868 E3.05396
G1 X109.675 Y115.557 E3.11423
G1 X109.873 Y115.121 E3.13044
G1 X109.934 Y114.684 E3.14538
G1 X109.897 Y114.247 E3.16022
G1 X109.773 Y113.81 E3.1756
G1 X109.542 Y113.374 E3.1923
G1 X108.337 Y112.063 E3.25257
G1 X108.139 Y111.626 E3.26881
G1 X108.078 Y111.19 E3.28371
G1 X108.114 Y110.753 E3.29855
G1 X108.238 Y110.316 E3.31393
G1 X108.47 Y109.879 E3.33068
G1 X109.675 Y108.569 E3.39093
G1 X109.873 Y108.132 E3.40717
G1 X109.934 Y107.695 E3.42211
G1 X109.897 Y107.259 E3.43692
G1 X109.773 Y106.822 E3.4523
G1 X109.542 Y106.385 E3.46903
G1 X108.337 Y105.075 E3.52928
G1 X108.139 Y104.638 E3.54552
G1 X108.078 Y104.201 E3.56046
G1 X108.108 Y103.844 E3.57259
G1 X111.631 Y103.844 E3.69184
G1 X111.732 Y104.201 E3.7044
G1 X111.964 Y104.638 E3.72115
G1 X113.169 Y105.948 E3.7814
G1 X113.367 Y106.385 E3.79764
G1 X113.428 Y106.822 E3.81258
G1 X113.392 Y107.259 E3.82742
G1 X113.268 Y107.695 E3.84276
G1 X113.036 Y108.132 E3.85951
G1 X111.831 Y109.443 E3.91978
G1 X111.633 Y109.879 E3.93599
G1 X111.572 Y110.316 E3.95093
G1 X111.608 Y110.753 E3.96577
G1 X111.732 Y111.19 E3.98115
G1 X111.964 Y111.626 E3.99787
G1 X113.169 Y112.937 E4.05814
G1 X113.367 Y113.374 E4.07438
G1 X113.428 Y113.81 E4.08928
G1 X113.392 Y114.247 E4.10412
G1 X113.268 Y114.684 E4.1195
G1 X113.036 Y115.121 E4.13625
G1 X111.831 Y116.431 E4.1965
G1 X111.633 Y116.868 E4.21274
G1 X111.572 Y117.305 E4.22768
G1 X111.608 Y117.741 E4.24249
G1 X111.732 Y118.178 E4.25787
G1 X111.964 Y118.615 E4.27462
G1 X113.169 Y119.925 E4.33487
G1 X113.367 Y120.362 E4.35111
G1 X113.428 Y120.799 E4.36605
G1 X113.398 Y121.156 E4.37818
G1 X116.863 Y121.156 E4.49547
G1 X116.762 Y120.799 E4.50803
G1 X116.53 Y120.362 E4.52478
G1 X115.325 Y119.052 E4.58503
G1 X115.127 Y118.615 E4.60127
G1 X115.067 Y118.178 E4.6162
G1 X115.103 Y117.741 E4.63104
G1 X115.227 Y117.305 E4.64638
G1 X115.458 Y116.868 E4.66311
G1 X116.663 Y115.557 E4.72338
G1 X116.862 Y115.121 E4.7396
G1 X116.922 Y114.684 E4.75453
G1 X116.886 Y114.247 E4.76937
G1 X116.762 Y113.81 E4.78475
G1 X116.53 Y113.374 E4.80147
G1 X115.325 Y112.063 E4.86174
G1 X115.127 Y111.626 E4.87798
G1 X115.067 Y111.19 E4.89288
G1 X115.103 Y110.753 E4.90772
G1 X115.227 Y110.316 E4.9231
G1 X115.458 Y109.879 E4.93983
G1 X116.663 Y108.569 E5.00008
G1 X116.862 Y108.132 E5.01633
G1 X116.922 Y107.695 E5.03126
G1 X116.886 Y107.259 E5.04607
G1 X116.762 Y106.822 E5.06145
G1 X116.53 Y106.385 E5.0782
G1 X115.325 Y105.075 E5.13845
G1 X115.127 Y104.638 E5.15469
G1 X115.067 Y104.201 E5.16962
G1 X115.096 Y103.844 E5.18174
G1 X118.619 Y103.844 E5.30099
G1 X118.721 Y104.201 E5.31356
G1 X118.952 Y104.638 E5.33029
G1 X120.157 Y105.948 E5.39054
G1 X120.356 Y106.385 E5.40679
G1 X120.416 Y106.822 E5.42172
G1 X120.38 Y107.259 E5.43656
G1 X120.256 Y107.695 E5.4519
G1 X120.025 Y108.132 E5.46863
G1 X118.819 Y109.443 E5.52893
G1 X118.621 Y109.879 E5.54514
G1 X118.561 Y110.316 E5.56007
G1 X118.597 Y110.753 E5.57491
G1 X118.721 Y111.19 E5.59029
G1 X118.952 Y111.626 E5.60699
G1 X120.157 Y112.937 E5.66726
G1 X120.356 Y113.374 E5.68351
G1 X120.416 Y113.81 E5.69841
G1 X120.38 Y114.247 E5.71325
G1 X120.256 Y114.684 E5.72863
G1 X120.025 Y115.121 E5.74536
G1 X118.819 Y116.431 E5.80563
G1 X118.621 Y116.868 E5.82187
G1 X118.561 Y117.305 E5.8368
G1 X118.597 Y117.741 E5.85161
G1 X118.721 Y118.178 E5.86699
G1 X118.952 Y118.615 E5.88372
G1 X120.157 Y119.925 E5.94397
G1 X120.356 Y120.362 E5.96022
G1 X120.416 Y120.799 E5.97515
G1 X120.387 Y121.156 E5.98727
G1 X121.156 Y121.156 E6.0133
G1 X121.156 Y119.482 E6.06996
;LAYER_CHANGE
;Z:10.4
;HEIGHT:0.2
G1 Z10.4 F7800
G1 E4.06996 F2400
G1 Z10.4 F7800
G1 X103.539 Y103.539
G1 E6.06996 F2400
;TYPE:Perimeter
;WIDTH:0.449999
G1 F3600
G1 X121.461 Y103.539 E6.6766
G1 X121.461 Y112.5 E6.97992
G1 X121.461 Y121.461 E7.28324
G1 X103.539 Y121.461 E7.88988
G1 X103.539 Y103.599 E8.49449
G1 X103.539 Y103.599 F7800
G1 X103.132 Y103.132
G1 F3600
G1 X121.868 Y103.132 E9.12868
G1 X121.868 Y112.5 E9.44578
G1 X121.868 Y121.868 E9.76288
G1 X103.132 Y121.868 E10.39707
G1 X103.132 Y103.192 E11.02923
G1 X102.725 Y102.725 F7800
;TYPE:External perimeter
G1 F1800
G1 X122.275 Y102.725 E11.69097
G1 X122.275 Y112.5 E12.02184
G1 X122.275 Y122.275 E12.35271
G1 X102.725 Y122.275 E13.01445
G1 X102.725 Y102.785 E13.67416
G1 X103.121 Y102.726 F7800
G1 E11.67416 F2400
G92 E0
G1 X121.068 Y103.844 F7800
G1 E2 F2400
;TYPE:Internal infill
;WIDTH:0.45
G1 F4800
G1 X118.626 Y103.844 E2.08266
G1 X118.681 Y104.201 E2.09489
G1 X118.85 Y104.638 E2.11075
G1 X119.152 Y105.075 E2.12873
G1 X119.967 Y105.948 E2.16916
G1 X120.222 Y106.385 E2.18629
G1 X120.343 Y106.822 E2.20164
G1 X120.363 Y107.259 E2.21645
G1 X120.296 Y107.695 E2.23138
G1 X120.127 Y108.132 E2.24724
G1 X119.825 Y108.569 E2.26522
G1 X119.009 Y109.443 E2.30569
G1 X118.755 Y109.879 E2.32277
G1 X118.634 Y110.316 E2.33812
G1 X118.613 Y110.753 E2.35293
G1 X118.681 Y111.19 E2.3679
G1 X118.85 Y111.626 E2.38373
G1 X119.152 Y112.063 E2.40171
G1 X119.967 Y112.937 E2.44216
G1 X120.222 Y113.374 E2.45929
G1 X120.343 Y113.81 E2.47461
G1 X120.363 Y114.247 E2.48942
G1 X120.296 Y114.684 E2.50438
G1 X120.127 Y115.121 E2.52024
G1 X119.825 Y115.557 E2.53819
G1 X119.009 Y116.431 E2.57866
G1 X118.755 Y116.868 E2.59577
G1 X118.634 Y117.305 E2.61112
G1 X118.613 Y117.741 E2.6259
G1 X118.681 Y118.178 E2.64087
G1 X118.85 Y118.615 E2.65673
G1 X119.152 Y119.052 E2.67471
G1 X119.967 Y119.925 E2.71514
G1 X120.222 Y120.362 E2.73227
G1 X120.343 Y120.799 E2.74762
G1 X120.36 Y121.156 E2.75972
G1 X116.857 Y121.156 E2.87829
G1 X116.802 Y120.799 E2.89052
G1 X116.632 Y120.362 E2.90639
G1 X116.33 Y119.925 E2.92437
G1 X115.515 Y119.052 E2.9648
G1 X115.26 Y118.615 E2.98193
G1 X115.14 Y118.178 E2.99727
G1 X115.119 Y117.741 E3.01208
G1 X115.186 Y117.305 E3.02701
G1 X115.356 Y116.868 E3.04288
G1 X115.658 Y116.431 E3.06086
G1 X116.473 Y115.557 E3.10131
G1 X116.728 Y115.121 E3.11841
G1 X116.849 Y114.684 E3.13376
G1 X116.869 Y114.247 E3.14857
G1 X116.802 Y113.81 E3.16353
G1 X116.632 Y113.374 E3.17937
G1 X116.33 Y112.937 E3.19735
G1 X115.515 Y112.063 E3.2378
G1 X115.26 Y111.626 E3.25493
G1 X115.14 Y111.19 E3.27024
G1 X115.119 Y110.753 E3.28505
G1 X115.186 Y110.316 E3.30001
G1 X115.356 Y109.879 E3.31588
G1 X115.658 Y109.443 E3.33383
G1 X116.473 Y108.569 E3.37428
G1 X116.728 Y108.132 E3.39141
G1 X116.849 Y107.695 E3.40676
G1 X116.869 Y107.259 E3.42153
G1 X116.802 Y106.822 E3.43649
G1 X116.632 Y106.385 E3.45236
G1 X116.33 Y105.948 E3.47034
G1 X115.515 Y105.075 E3.51077
G1 X115.26 Y104.638 E3.5279
G1 X115.14 Y104.201 E3.54324
G1 X115.123 Y103.844 E3.55534
G1 X111.637 Y103.844 E3.67334
G1 X111.692 Y104.201 E3.68557
G1 X111.862 Y104.638 E3.70144
G1 X112.164 Y105.075 E3.71942
G1 X112.979 Y105.948 E3.75985
G1 X113.234 Y106.385 E3.77698
G1 X113.354 Y106.822 E3.79232
G1 X113.375 Y107.259 E3.80713
G1 X113.308 Y107.695 E3.82206
G1 X113.138 Y108.132 E3.83793
G1 X112.836 Y108.569 E3.85591
G1 X112.021 Y109.443 E3.89636
G1 X111.766 Y109.879 E3.91346
G1 X111.646 Y110.316 E3.9288
G1 X111.625 Y110.753 E3.94361
G1 X111.692 Y111.19 E3.95857
G1 X111.862 Y111.626 E3.97441
G1 X112.164 Y112.063 E3.99239
G1 X112.979 Y112.937 E4.03284
G1 X113.234 Y113.374 E4.04997
G1 X113.354 Y113.81 E4.06528
G1 X113.375 Y114.247 E4.08009
G1 X113.308 Y114.684 E4.09505
G1 X113.138 Y115.121 E4.11092
G1 X112.836 Y115.557 E4.12887
G1 X112.021 Y116.431 E4.16932
G1 X111.766 Y116.868 E4.18645
G1 X111.646 Y117.305 E4.20179
G1 X111.625 Y117.741 E4.21657
G1 X111.692 Y118.178 E4.23153
G1 X111.862 Y118.615 E4.2474
G1 X112.164 Y119.052 E4.26538
G1 X112.979 Y119.925 E4.30581
G1 X113.234 Y120.362 E4.32294
G1 X113.354 Y120.799 E4.33828
G1 X113.371 Y121.156 E4.35038
G1 X109.869 Y121.156 E4.46892
G1 X109.814 Y120.799 E4.48115
G1 X109.644 Y120.362 E4.49702
G1 X109.342 Y119.925 E4.515
G1 X108.527 Y119.052 E4.55543
G1 X108.272 Y118.615 E4.57256
G1 X108.151 Y118.178 E4.58791
G1 X108.131 Y117.741 E4.60272
G1 X108.198 Y117.305 E4.61765
G1 X108.368 Y116.868 E4.63352
G1 X108.67 Y116.431 E4.6515
G1 X109.485 Y115.557 E4.69195
G1 X109.74 Y115.121 E4.70905
G1 X109.86 Y114.684 E4.72439
G1 X109.881 Y114.247 E4.7392
G1 X109.814 Y113.81 E4.75416
G1 X109.644 Y113.374 E4.77
G1 X109.342 Y112.937 E4.78798
G1 X108.527 Y112.063 E4.82843
G1 X108.272 Y111.626 E4.84556
G1 X108.151 Y111.19 E4.86088
G1 X108.131 Y110.753 E4.87569
G1 X108.198 Y110.316 E4.89065
G1 X108.368 Y109.879 E4.90652
G1 X108.67 Y109.443 E4.92447
G1 X109.485 Y108.569 E4.96492
G1 X109.74 Y108.132 E4.98205
G1 X109.86 Y107.695 E4.99739
G1 X109.881 Y107.259 E5.01217
G1 X109.814 Y106.822 E5.02713
G1 X109.644 Y106.385 E5.043
G1 X109.342 Y105.948 E5.06098
G1 X108.527 Y105.075 E5.10141
G1 X108.272 Y104.638 E5.11854
G1 X108.151 Y104.201 E5.13389
G1 X108.135 Y103.844 E5.14599
G1 X104.649 Y103.844 E5.26399
G1 X104.704 Y104.201 E5.27622
G1 X104.873 Y104.638 E5.29208
G1 X105.175 Y105.075 E5.31006
G1 X105.991 Y105.948 E5.35051
G1 X106.245 Y106.385 E5.36762
G1 X106.366 Y106.822 E5.38297
G1 X106.387 Y107.259 E5.39778
G1 X106.319 Y107.695 E5.41272
G1 X106.15 Y108.132 E5.42858
G1 X105.848 Y108.569 E5.44656
G1 X105.033 Y109.443 E5.48701
G1 X104.778 Y109.879 E5.50411
G1 X104.657 Y110.316 E5.51946
G1 X104.637 Y110.753 E5.53427
G1 X104.704 Y111.19 E5.54923
G1 X104.873 Y111.626 E5.56506
G1 X105.175 Y112.063 E5.58304
G1 X105.991 Y112.937 E5.62351
G1 X106.245 Y113.374 E5.64062
G1 X106.366 Y113.81 E5.65594
G1 X106.387 Y114.247 E5.67075
G1 X106.319 Y114.684 E5.68572
G1 X106.15 Y115.121 E5.70158
G1 X105.848 Y115.557 E5.71953
G1 X105.033 Y116.431 E5.75998
G1 X104.778 Y116.868 E5.77711
G1 X104.657 Y117.305 E5.79246
G1 X104.637 Y117.741 E5.80723
G1 X104.704 Y118.178 E5.82219
G1 X104.873 Y118.615 E5.83805
G1 X105.175 Y119.052 E5.85603
G1 X105.991 Y119.925 E5.89648
G1 X106.245 Y120.362 E5.91359
G1 X106.366 Y120.799 E5.92894
G1 X106.383 Y121.156 E5.94104
G1 X103.94 Y121.156 E6.02373
;LAYER_CHANGE
;Z:10.6
;HEIGHT:0.200001
G1 Z10.6 F7800
G1 E4.02373 F2400
G1 Z10.6 F7800
G1 X103.539 Y103.539
G1 E6.02373 F2400
;TYPE:Perimeter
;WIDTH:0.449999
G1 F3600
G1 X121.461 Y103.539 E6.63037
G1 X121.461 Y112.5 E6.93369
G1 X121.461 Y121.461 E7.23701
G1 X103.539 Y121.461 E7.84365
G1 X103.539 Y103.599 E8.44826
G1 X103.539 Y103.599 F7800
G1 X103.132 Y103.132
G1 F3600
G1 X121.868 Y103.132 E9.08245
G1 X121.868 Y112.5 E9.39955
G1 X121.868 Y121.868 E9.71665
G1 X103.132 Y121.868 E10.35084
G1 X103.132 Y103.192 E10.983
G1 X102.725 Y102.725 F7800
;TYPE:External perimeter
G1 F1800
G1 X122.275 Y102.725 E11.64474
G1 X122.275 Y112.5 E11.97561
G1 X122.275 Y122.275 E12.30648
G1 X102.725 Y122.275 E12.96822
G1 X102.725 Y102.785 E13.62793
G1 X103.121 Y102.726 F7800
G1 E11.62793 F2400
G92 E0
G1 X103.844 Y105.494 F7800
G1 E2 F2400
;TYPE:Internal infill
;WIDTH:0.45
G1 F4800
G1 X103.844 Y103.844 E2.05585
G1 X104.637 Y103.844 E2.08269
G1 X104.646 Y104.201 E2.09478
G1 X104.756 Y104.638 E2.11003
G1 X105.001 Y105.075 E2.12699
G1 X105.818 Y105.948 E2.16746
G1 X106.131 Y106.385 E2.18565
G1 X106.311 Y106.822 E2.20165
G1 X106.388 Y107.259 E2.21667
G1 X106.377 Y107.695 E2.23143
G1 X106.267 Y108.132 E2.24668
G1 X106.022 Y108.569 E2.26364
G1 X105.205 Y109.443 E2.30414
G1 X104.892 Y109.879 E2.32231
G1 X104.712 Y110.316 E2.33831
G1 X104.635 Y110.753 E2.35333
G1 X104.646 Y111.19 E2.36813
G1 X104.756 Y111.626 E2.38335
G1 X105.001 Y112.063 E2.40031
G1 X105.818 Y112.937 E2.44081
G1 X106.131 Y113.374 E2.459
G1 X106.311 Y113.81 E2.47497
G1 X106.388 Y114.247 E2.48999
G1 X106.377 Y114.684 E2.50479
G1 X106.267 Y115.121 E2.52004
G1 X106.022 Y115.557 E2.53697
G1 X105.205 Y116.431 E2.57747
G1 X104.892 Y116.868 E2.59566
G1 X104.712 Y117.305 E2.61166
G1 X104.635 Y117.741 E2.62665
G1 X104.646 Y118.178 E2.64145
G1 X104.756 Y118.615 E2.6567
G1 X105.001 Y119.052 E2.67366
G1 X105.818 Y119.925 E2.71413
G1 X106.131 Y120.362 E2.73232
G1 X106.311 Y120.799 E2.74832
G1 X106.374 Y121.156 E2.76059
G1 X109.88 Y121.156 E2.87926
G1 X109.872 Y120.799 E2.89135
G1 X109.761 Y120.362 E2.90661
G1 X109.516 Y119.925 E2.92357
G1 X108.699 Y119.052 E2.96404
G1 X108.386 Y118.615 E2.98223
G1 X108.206 Y118.178 E2.99823
G1 X108.129 Y117.741 E3.01325
G1 X108.14 Y117.305 E3.02801
G1 X108.25 Y116.868 E3.04326
G1 X108.495 Y116.431 E3.06022
G1 X109.313 Y115.557 E3.10074
G1 X109.625 Y115.121 E3.11889
G1 X109.805 Y114.684 E3.13489
G1 X109.882 Y114.247 E3.14991
G1 X109.872 Y113.81 E3.16471
G1 X109.761 Y113.374 E3.17994
G1 X109.516 Y112.937 E3.1969
G1 X108.699 Y112.063 E3.2374
G1 X108.386 Y111.626 E3.25559
G1 X108.206 Y111.19 E3.27156
G1 X108.129 Y110.753 E3.28658
G1 X108.14 Y110.316 E3.30138
G1 X108.25 Y109.879 E3.31663
G1 X108.495 Y109.443 E3.33356
G1 X109.313 Y108.569 E3.37408
G1 X109.625 Y108.132 E3.39226
G1 X109.805 Y107.695 E3.40826
G1 X109.882 Y107.259 E3.42325
G1 X109.872 Y106.822 E3.43805
G1 X109.761 Y106.385 E3.45331
G1 X109.516 Y105.948 E3.47027
G1 X108.699 Y105.075 E3.51074
G1 X108.386 Y104.638 E3.52893
G1 X108.206 Y104.201 E3.54493
G1 X108.143 Y103.844 E3.5572
G1 X111.625 Y103.844 E3.67506
G1 X111.634 Y104.201 E3.68715
G1 X111.745 Y104.638 E3.70241
G1 X111.99 Y105.075 E3.71937
G1 X112.807 Y105.948 E3.75984
G1 X113.12 Y106.385 E3.77803
G1 X113.3 Y106.822 E3.79403
G1 X113.377 Y107.259 E3.80905
G1 X113.366 Y107.695 E3.82381
G1 X113.255 Y108.132 E3.83907
G1 X113.01 Y108.569 E3.85603
G1 X112.193 Y109.443 E3.89653
G1 X111.88 Y109.879 E3.9147
G1 X111.7 Y110.316 E3.9307
G1 X111.623 Y110.753 E3.94572
G1 X111.634 Y111.19 E3.96052
G1 X111.745 Y111.626 E3.97575
G1 X111.99 Y112.063 E3.99271
G1 X112.807 Y112.937 E4.03321
G1 X113.12 Y113.374 E4.0514
G1 X113.3 Y113.81 E4.06737
G1 X113.377 Y114.247 E4.08239
G1 X113.366 Y114.684 E4.09719
G1 X113.255 Y115.121 E4.11245
G1 X113.01 Y115.557 E4.12938
G1 X112.193 Y116.431 E4.16988
G1 X111.88 Y116.868 E4.18807
G1 X111.7 Y117.305 E4.20407
G1 X111.623 Y117.741 E4.21906
G1 X111.634 Y118.178 E4.23386
G1 X111.745 Y118.615 E4.24912
G1 X111.99 Y119.052 E4.26608
G1 X112.807 Y119.925 E4.30655
G1 X113.12 Y120.362 E4.32474
G1 X113.3 Y120.799 E4.34074
G1 X113.363 Y121.156 E4.35301
G1 X116.869 Y121.156 E4.47168
G1 X116.86 Y120.799 E4.48377
G1 X116.75 Y120.362 E4.49902
G1 X116.505 Y119.925 E4.51598
G1 X115.687 Y119.052 E4.55648
G1 X115.375 Y118.615 E4.57466
G1 X115.195 Y118.178 E4.59066
G1 X115.118 Y117.741 E4.60568
G1 X115.129 Y117.305 E4.62044
G1 X115.239 Y116.868 E4.63569
G1 X115.484 Y116.431 E4.65265
G1 X116.301 Y115.557 E4.69315
G1 X116.614 Y115.121 E4.71132
G1 X116.794 Y114.684 E4.72732
G1 X116.871 Y114.247 E4.74234
G1 X116.86 Y113.81 E4.75714
G1 X116.75 Y113.374 E4.77236
G1 X116.505 Y112.937 E4.78932
G1 X115.687 Y112.063 E4.82984
G1 X115.375 Y111.626 E4.84802
G1 X115.195 Y111.19 E4.86399
G1 X115.118 Y110.753 E4.87901
G1 X115.129 Y110.316 E4.89381
G1 X115.239 Y109.879 E4.90906
G1 X115.484 Y109.443 E4.92599
G1 X116.301 Y108.569 E4.96649
G1 X116.614 Y108.132 E4.98468
G1 X116.794 Y107.695 E5.00068
G1 X116.871 Y107.259 E5.01567
G1 X116.86 Y106.822 E5.03047
G1 X116.75 Y106.385 E5.04572
G1 X116.505 Y105.948 E5.06268
G1 X115.687 Y105.075 E5.10318
G1 X115.375 Y104.638 E5.12136
G1 X115.195 Y104.201 E5.13736
G1 X115.132 Y103.844 E5.14963
G1 X118.614 Y103.844 E5.26749
G1 X118.623 Y104.201 E5.27958
G1 X118.733 Y104.638 E5.29483
G1 X118.978 Y105.075 E5.31179
G1 X119.795 Y105.948 E5.35226
G1 X120.108 Y106.385 E5.37045
G1 X120.288 Y106.822 E5.38645
G1 X120.365 Y107.259 E5.40147
G1 X120.354 Y107.695 E5.41623
G1 X120.244 Y108.132 E5.43148
G1 X119.999 Y108.569 E5.44844
G1 X119.182 Y109.443 E5.48894
G1 X118.869 Y109.879 E5.50711
G1 X118.689 Y110.316 E5.52311
G1 X118.612 Y110.753 E5.53813
G1 X118.623 Y111.19 E5.55293
G1 X118.733 Y111.626 E5.56815
G1 X118.978 Y112.063 E5.58511
G1 X119.795 Y112.937 E5.62561
G1 X120.108 Y113.374 E5.6438
G1 X120.288 Y113.81 E5.65977
G1 X120.365 Y114.247 E5.67479
G1 X120.354 Y114.684 E5.68959
G1 X120.244 Y115.121 E5.70484
G1 X119.999 Y115.557 E5.72177
G1 X119.182 Y116.431 E5.76227
G1 X118.869 Y116.868 E5.78046
G1 X118.689 Y117.305 E5.79646
G1 X118.612 Y117.741 E5.81145
G1 X118.623 Y118.178 E5.82625
G1 X118.733 Y118.615 E5.8415
G1 X118.978 Y119.052 E5.85846
G1 X119.795 Y119.925 E5.89893
G1 X120.108 Y120.362 E5.91712
G1 X120.288 Y120.799 E5.93312
G1 X120.351 Y121.156 E5.94539
G1 X121.156 Y121.156 E5.97264
G1 X121.156 Y119.518 E6.02808
;LAYER_CHANGE
;Z:10.8
;HEIGHT:0.2
G1 Z10.8 F7800
G1 E4.02808 F2400
G1 Z10.8 F7800
G1 X103.539 Y103.539
G1 E6.02808 F2400
;TYPE:Perimeter
;WIDTH:0.449999
G1 F3600
G1 X121.461 Y103.539 E6.63472
G1 X121.461 Y112.5 E6.93804
G1 X121.461 Y121.461 E7.24136
G1 X103.539 Y121.461 E7.848
G1 X103.539 Y103.599 E8.45261
G1 X103.539 Y103.599 F7800
G1 X103.132 Y103.132
G1 F3600
G1 X121.868 Y103.132 E9.0868
G1 X121.868 Y112.5 E9.4039
G1 X121.868 Y121.868 E9.721
G1 X103.132 Y121.868 E10.35519
G1 X103.132 Y103.192 E10.98735
G1 X102.725 Y102.725 F7800
;TYPE:External perimeter
G1 F1800
G1 X122.275 Y102.725 E11.64909
G1 X122.275 Y112.5 E11.97996
G1 X122.275 Y122.275 E12.31083
G1 X102.725 Y122.275 E12.97257
G1 X102.725 Y102.785 E13.63228
G1 X103.121 Y102.726 F7800
G1 E11.63228 F2400
G92 E0
G1 X121.026 Y103.844 F7800
G1 E2 F2400
;TYPE:Internal infill
;WIDTH:0.45
G1 F4800
G1 X118.583 Y103.844 E2.08269
G1 X118.546 Y104.201 E2.09484
G1 X118.595 Y104.638 E2.10972
G1 X118.783 Y105.075 E2.12582
G1 X120.008 Y106.385 E2.18653
G1 X120.251 Y106.822 E2.20346
G1 X120.385 Y107.259 E2.21893
G1 X120.431 Y107.695 E2.23377
G1 X120.381 Y108.132 E2.24866
G1 X120.194 Y108.569 E2.26475
G1 X118.969 Y109.879 E2.32546
G1 X118.726 Y110.316 E2.34239
G1 X118.592 Y110.753 E2.35786
G1 X118.546 Y111.19 E2.37273
G1 X118.595 Y111.626 E2.38758
G1 X118.783 Y112.063 E2.40368
G1 X120.008 Y113.374 E2.46441
G1 X120.251 Y113.81 E2.48131
G1 X120.385 Y114.247 E2.49678
G1 X120.431 Y114.684 E2.51165
G1 X120.381 Y115.121 E2.52654
G1 X120.194 Y115.557 E2.5426
G1 X118.969 Y116.868 E2.60333
G1 X118.726 Y117.305 E2.62026
G1 X118.592 Y117.741 E2.6357
G1 X118.546 Y118.178 E2.65057
G1 X118.595 Y118.615 E2.66545
G1 X118.783 Y119.052 E2.68155
G1 X120.008 Y120.362 E2.74226
G1 X120.251 Y120.799 E2.75919
G1 X120.36 Y121.156 E2.77182
G1 X116.899 Y121.156 E2.88897
G1 X116.937 Y120.799 E2.90112
G1 X116.887 Y120.362 E2.91601
G1 X116.699 Y119.925 E2.93211
G1 X115.474 Y118.615 E2.99282
G1 X115.232 Y118.178 E3.00973
G1 X115.098 Y117.741 E3.0252
G1 X115.052 Y117.305 E3.04004
G1 X115.101 Y116.868 E3.05492
G1 X115.289 Y116.431 E3.07102
G1 X116.514 Y115.121 E3.13173
G1 X116.757 Y114.684 E3.14866
G1 X116.891 Y114.247 E3.16413
G1 X116.937 Y113.81 E3.179
G1 X116.887 Y113.374 E3.19385
G1 X116.699 Y112.937 E3.20995
G1 X115.474 Y111.626 E3.27068
G1 X115.232 Y111.19 E3.28756
G1 X115.098 Y110.753 E3.30303
G1 X115.052 Y110.316 E3.3179
G1 X115.101 Y109.879 E3.33278
G1 X115.289 Y109.443 E3.34885
G1 X116.514 Y108.132 E3.40958
G1 X116.757 Y107.695 E3.42651
G1 X116.891 Y107.259 E3.44195
G1 X116.937 Y106.822 E3.45682
G1 X116.887 Y106.385 E3.47171
G1 X116.699 Y105.948 E3.48781
G1 X115.474 Y104.638 E3.54852
G1 X115.232 Y104.201 E3.56543
G1 X115.122 Y103.844 E3.57807
G1 X111.595 Y103.844 E3.69745
G1 X111.557 Y104.201 E3.7096
G1 X111.607 Y104.638 E3.72449
G1 X111.795 Y105.075 E3.74059
G1 X113.02 Y106.385 E3.8013
G1 X113.262 Y106.822 E3.81821
G1 X113.397 Y107.259 E3.83369
G1 X113.443 Y107.695 E3.84853
G1 X113.393 Y108.132 E3.86342
G1 X113.205 Y108.569 E3.87952
G1 X111.98 Y109.879 E3.94023
G1 X111.738 Y110.316 E3.95714
G1 X111.604 Y110.753 E3.97261
G1 X111.557 Y111.19 E3.98749
G1 X111.607 Y111.626 E4.00234
G1 X111.795 Y112.063 E4.01844
G1 X113.02 Y113.374 E4.07917
G1 X113.262 Y113.81 E4.09605
G1 X113.397 Y114.247 E4.11153
G1 X113.443 Y114.684 E4.1264
G1 X113.393 Y115.121 E4.14129
G1 X113.205 Y115.557 E4.15736
G1 X111.98 Y116.868 E4.21809
G1 X111.738 Y117.305 E4.235
G1 X111.604 Y117.741 E4.25044
G1 X111.557 Y118.178 E4.26532
G1 X111.607 Y118.615 E4.28021
G1 X111.795 Y119.052 E4.29631
G1 X113.02 Y120.362 E4.35702
G1 X113.262 Y120.799 E4.37393
G1 X113.372 Y121.156 E4.38657
G1 X109.911 Y121.156 E4.50372
G1 X109.948 Y120.799 E4.51587
G1 X109.899 Y120.362 E4.53075
G1 X109.711 Y119.925 E4.54685
G1 X108.486 Y118.615 E4.60756
G1 X108.243 Y118.178 E4.62449
G1 X108.109 Y117.741 E4.63996
G1 X108.063 Y117.305 E4.6548
G1 X108.113 Y116.868 E4.66969
G1 X108.301 Y116.431 E4.68579
G1 X109.526 Y115.121 E4.7465
G1 X109.768 Y114.684 E4.76341
G1 X109.902 Y114.247 E4.77888
G1 X109.948 Y113.81 E4.79375
G1 X109.899 Y113.374 E4.8086
G1 X109.711 Y112.937 E4.8247
G1 X108.486 Y111.626 E4.88543
G1 X108.243 Y111.19 E4.90233
G1 X108.109 Y110.753 E4.9178
G1 X108.063 Y110.316 E4.93267
G1 X108.113 Y109.879 E4.94756
G1 X108.301 Y109.443 E4.96363
G1 X109.526 Y108.132 E5.02436
G1 X109.768 Y107.695 E5.04127
G1 X109.902 Y107.259 E5.05671
G1 X109.948 Y106.822 E5.07158
G1 X109.899 Y106.385 E5.08646
G1 X109.711 Y105.948 E5.10256
G1 X108.486 Y104.638 E5.16327
G1 X108.243 Y104.201 E5.1802
G1 X108.134 Y103.844 E5.19283
G1 X104.607 Y103.844 E5.31221
G1 X104.569 Y104.201 E5.32436
G1 X104.619 Y104.638 E5.33925
G1 X104.806 Y105.075 E5.35534
G1 X106.031 Y106.385 E5.41605
G1 X106.274 Y106.822 E5.43298
G1 X106.408 Y107.259 E5.44845
G1 X106.454 Y107.695 E5.46329
G1 X106.405 Y108.132 E5.47817
G1 X106.217 Y108.569 E5.49427
G1 X104.992 Y109.879 E5.55498
G1 X104.749 Y110.316 E5.57191
G1 X104.615 Y110.753 E5.58738
G1 X104.569 Y111.19 E5.60225
G1 X104.619 Y111.626 E5.6171
G1 X104.806 Y112.063 E5.63319
G1 X106.031 Y113.374 E5.69392
G1 X106.274 Y113.81 E5.71082
G1 X106.408 Y114.247 E5.72629
G1 X106.454 Y114.684 E5.74116
G1 X106.405 Y115.121 E5.75604
G1 X106.217 Y115.557 E5.77211
G1 X104.992 Y116.868 E5.83284
G1 X104.749 Y117.305 E5.84977
G1 X104.615 Y117.741 E5.86521
G1 X104.569 Y118.178 E5.88008
G1 X104.619 Y118.615 E5.89497
G1 X104.806 Y119.052 E5.91106
G1 X106.031 Y120.362 E5.97177
G1 X106.274 Y120.799 E5.9887
G1 X106.384 Y121.156 E6.00134
G1 X103.941 Y121.156 E6.08403
;LAYER_CHANGE
;Z:11
;HEIGHT:0.2
G1 Z11 F7800
G1 E4.08403 F2400
G1 Z11 F7800
G1 X103.539 Y103.539
G1 E6.08403 F2400
;TYPE:Perimeter
;WIDTH:0.449999
G1 F3600
G1 X121.461 Y103.539 E6.69067
G1 X121.461 Y112.5 E6.99399
G1 X121.461 Y121.461 E7.29731
G1 X103.539 Y121.461 E7.90395
G1 X103.539 Y103.599 E8.50856
G1 X103.539 Y103.599 F7800
G1 X103.132 Y103.132
G1 F3600
G1 X121.868 Y103.132 E9.14275
G1 X121.868 Y112.5 E9.45985
G1 X121.868 Y121.868 E9.77695
G1 X103.132 Y121.868 E10.41114
G1 X103.132 Y103.192 E11.0433
G1 X102.725 Y102.725 F7800
;TYPE:External perimeter
G1 F1800
G1 X122.275 Y102.725 E11.70504
G1 X122.275 Y112.5 E12.03591
G1 X122.275 Y122.275 E12.36678
G1 X102.725 Y122.275 E13.02852
G1 X102.725 Y102.785 E13.68823
G1 X103.121 Y102.726 F7800
G1 E11.68823 F2400
G92 E0
G1 X120.984 Y103.844 F7800
G1 E2 F2400
;TYPE:Internal infill
;WIDTH:0.45
G1 F4800
G1 X118.541 Y103.844 E2.08269
G1 X118.43 Y104.638 E2.10983
G1 X118.549 Y105.075 E2.12516
G1 X118.904 Y105.512 E2.14422
G1 X119.919 Y106.385 E2.18954
G1 X120.231 Y106.822 E2.20772
G1 X120.424 Y107.259 E2.22389
G1 X120.547 Y108.132 E2.25373
G1 X120.428 Y108.569 E2.26906
G1 X120.073 Y109.006 E2.28812
G1 X119.058 Y109.879 E2.33344
G1 X118.745 Y110.316 E2.35163
G1 X118.553 Y110.753 E2.36779
G1 X118.43 Y111.626 E2.39763
G1 X118.549 Y112.063 E2.41296
G1 X118.904 Y112.5 E2.43202
G1 X119.919 Y113.374 E2.47736
G1 X120.231 Y113.81 E2.49551
G1 X120.424 Y114.247 E2.51168
G1 X120.547 Y115.121 E2.54156
G1 X120.428 Y115.557 E2.55686
G1 X120.073 Y115.994 E2.57592
G1 X119.058 Y116.868 E2.62126
G1 X118.745 Y117.305 E2.63945
G1 X118.553 Y117.741 E2.65558
G1 X118.43 Y118.615 E2.68546
G1 X118.549 Y119.052 E2.70079
G1 X118.904 Y119.488 E2.71982
G1 X119.919 Y120.362 E2.76516
G1 X120.231 Y120.799 E2.78334
G1 X120.389 Y121.156 E2.79655
G1 X116.941 Y121.156 E2.91326
G1 X117.052 Y120.362 E2.9404
G1 X116.934 Y119.925 E2.95572
G1 X116.579 Y119.488 E2.97478
G1 X115.563 Y118.615 E3.02012
G1 X115.251 Y118.178 E3.0383
G1 X115.058 Y117.741 E3.05447
G1 X114.936 Y116.868 E3.08431
G1 X115.054 Y116.431 E3.09963
G1 X115.409 Y115.994 E3.11869
G1 X116.425 Y115.121 E3.16403
G1 X116.737 Y114.684 E3.18221
G1 X116.93 Y114.247 E3.19838
G1 X117.052 Y113.374 E3.22822
G1 X116.934 Y112.937 E3.24354
G1 X116.579 Y112.5 E3.2626
G1 X115.563 Y111.626 E3.30796
G1 X115.251 Y111.19 E3.32611
G1 X115.058 Y110.753 E3.34228
G1 X114.936 Y109.879 E3.37215
G1 X115.054 Y109.443 E3.38744
G1 X115.409 Y109.006 E3.4065
G1 X116.425 Y108.132 E3.45186
G1 X116.737 Y107.695 E3.47004
G1 X116.93 Y107.259 E3.48618
G1 X117.052 Y106.385 E3.51605
G1 X116.934 Y105.948 E3.53137
G1 X116.579 Y105.512 E3.5504
G1 X115.563 Y104.638 E3.59576
G1 X115.251 Y104.201 E3.61394
G1 X115.094 Y103.844 E3.62714
G1 X111.553 Y103.844 E3.747
G1 X111.442 Y104.638 E3.77414
G1 X111.56 Y105.075 E3.78946
G1 X111.915 Y105.512 E3.80852
G1 X112.931 Y106.385 E3.85386
G1 X113.243 Y106.822 E3.87204
G1 X113.436 Y107.259 E3.88821
G1 X113.558 Y108.132 E3.91805
G1 X113.44 Y108.569 E3.93337
G1 X113.085 Y109.006 E3.95243
G1 X112.069 Y109.879 E3.99777
G1 X111.757 Y110.316 E4.01595
G1 X111.564 Y110.753 E4.03212
G1 X111.442 Y111.626 E4.06196
G1 X111.56 Y112.063 E4.07728
G1 X111.915 Y112.5 E4.09634
G1 X112.931 Y113.374 E4.1417
G1 X113.243 Y113.81 E4.15985
G1 X113.436 Y114.247 E4.17602
G1 X113.558 Y115.121 E4.20589
G1 X113.44 Y115.557 E4.22118
G1 X113.085 Y115.994 E4.24024
G1 X112.069 Y116.868 E4.2856
G1 X111.757 Y117.305 E4.30378
G1 X111.564 Y117.741 E4.31992
G1 X111.442 Y118.615 E4.34979
G1 X111.56 Y119.052 E4.36511
G1 X111.915 Y119.488 E4.38414
G1 X112.931 Y120.362 E4.4295
G1 X113.243 Y120.799 E4.44768
G1 X113.401 Y121.156 E4.46089
G1 X109.953 Y121.156 E4.5776
G1 X110.064 Y120.362 E4.60474
G1 X109.946 Y119.925 E4.62006
G1 X109.591 Y119.488 E4.63912
G1 X108.575 Y118.615 E4.68446
G1 X108.263 Y118.178 E4.70264
G1 X108.07 Y117.741 E4.71881
G1 X107.948 Y116.868 E4.74865
G1 X108.066 Y116.431 E4.76397
G1 X108.421 Y115.994 E4.78303
G1 X109.437 Y115.121 E4.82837
G1 X109.749 Y114.684 E4.84655
G1 X109.942 Y114.247 E4.86272
G1 X110.064 Y113.374 E4.89256
G1 X109.946 Y112.937 E4.90788
G1 X109.591 Y112.5 E4.92694
G1 X108.575 Y111.626 E4.9723
G1 X108.263 Y111.19 E4.99045
G1 X108.07 Y110.753 E5.00662
G1 X107.948 Y109.879 E5.03649
G1 X108.066 Y109.443 E5.05178
G1 X108.421 Y109.006 E5.07084
G1 X109.437 Y108.132 E5.1162
G1 X109.749 Y107.695 E5.13438
G1 X109.942 Y107.259 E5.15052
G1 X110.064 Y106.385 E5.18039
G1 X109.946 Y105.948 E5.19571
G1 X109.591 Y105.512 E5.21474
G1 X108.575 Y104.638 E5.2601
G1 X108.263 Y104.201 E5.27828
G1 X108.105 Y103.844 E5.29149
G1 X104.565 Y103.844 E5.41131
G1 X104.453 Y104.638 E5.43845
G1 X104.572 Y105.075 E5.45378
G1 X104.927 Y105.512 E5.47284
G1 X105.942 Y106.385 E5.51816
G1 X106.255 Y106.822 E5.53635
G1 X106.447 Y107.259 E5.55251
G1 X106.57 Y108.132 E5.58235
G1 X106.451 Y108.569 E5.59768
G1 X106.096 Y109.006 E5.61674
G1 X105.081 Y109.879 E5.66206
G1 X104.769 Y110.316 E5.68024
G1 X104.576 Y110.753 E5.69641
G1 X104.453 Y111.626 E5.72625
G1 X104.572 Y112.063 E5.74158
G1 X104.927 Y112.5 E5.76064
G1 X105.942 Y113.374 E5.80598
G1 X106.255 Y113.81 E5.82415
G1 X106.447 Y114.247 E5.84031
G1 X106.57 Y115.121 E5.87019
G1 X106.451 Y115.557 E5.88549
G1 X106.096 Y115.994 E5.90455
G1 X105.081 Y116.868 E5.94989
G1 X104.769 Y117.305 E5.96807
G1 X104.576 Y117.741 E5.98421
G1 X104.453 Y118.615 E6.01409
G1 X104.572 Y119.052 E6.02942
G1 X104.927 Y119.488 E6.04845
G1 X105.942 Y120.362 E6.09379
G1 X106.255 Y120.799 E6.11198
G1 X106.412 Y121.156 E6.12518
G1 X103.97 Y121.156 E6.20784
;LAYER_CHANGE
;Z:11.2
;HEIGHT:0.2
G1 Z11.2 F7800
G1 E4.20784 F2400
G1 Z11.2 F7800
G1 X103.539 Y103.539
G1 E6.20784 F2400
;TYPE:Perimeter
;WIDTH:0.449999
G1 F3600
G1 X121.461 Y103.539 E6.81448
G1 X121.461 Y112.5 E7.1178
G1 X121.461 Y121.461 E7.42112
G1 X103.539 Y121.461 E8.02776
G1 X103.539 Y103.599 E8.63237
G1 X103.539 Y103.599 F7800
G1 X103.132 Y103.132
G1 F3600
G1 X121.868 Y103.132 E9.26656
G1 X121.868 Y112.5 E9.58366
G1 X121.868 Y121.868 E9.90076
G1 X103.132 Y121.868 E10.53495
G1 X103.132 Y103.192 E11.16711
G1 X102.725 Y102.725 F7800
;TYPE:External perimeter
G1 F1800
G1 X122.275 Y102.725 E11.82885
G1 X122.275 Y112.5 E12.15972
G1 X122.275 Y122.275 E12.49059
G1 X102.725 Y122.275 E13.15233
G1 X102.725 Y102.785 E13.81204
G1 X103.121 Y102.726 F7800
G1 E11.81204 F2400
G92 E0
G1 X120.909 Y103.844 F7800
G1 E2 F2400
;TYPE:Internal infill
;WIDTH:0.45
G1 F4800
G1 X118.467 Y103.844 E2.08266
G1 X118.227 Y104.638 E2.11074
G1 X118.238 Y105.075 E2.12554
G1 X118.541 Y105.512 E2.14354
G1 X119.838 Y106.385 E2.19646
G1 X120.232 Y106.822 E2.21638
G1 X120.486 Y107.259 E2.23349
G1 X120.75 Y108.132 E2.26436
G1 X120.739 Y108.569 E2.27916
G1 X120.436 Y109.006 E2.29716
G1 X119.138 Y109.879 E2.35011
G1 X118.745 Y110.316 E2.37
G1 X118.491 Y110.753 E2.38711
G1 X118.227 Y111.626 E2.41798
G1 X118.238 Y112.063 E2.43278
G1 X118.541 Y112.5 E2.45078
G1 X119.838 Y113.374 E2.50372
G1 X120.232 Y113.81 E2.52361
G1 X120.486 Y114.247 E2.54072
G1 X120.75 Y115.121 E2.57162
G1 X120.739 Y115.557 E2.58638
G1 X120.436 Y115.994 E2.60438
G1 X119.138 Y116.868 E2.65735
G1 X118.745 Y117.305 E2.67724
G1 X118.491 Y117.741 E2.69432
G1 X118.227 Y118.615 E2.72522
G1 X118.238 Y119.052 E2.74002
G1 X118.541 Y119.488 E2.75799
G1 X119.838 Y120.362 E2.81093
G1 X120.232 Y120.799 E2.83085
G1 X120.439 Y121.156 E2.84482
G1 X117.016 Y121.156 E2.96068
G1 X117.256 Y120.362 E2.98876
G1 X117.245 Y119.925 E3.00356
G1 X116.941 Y119.488 E3.02158
G1 X115.644 Y118.615 E3.0745
G1 X115.251 Y118.178 E3.09439
G1 X114.997 Y117.741 E3.1115
G1 X114.733 Y116.868 E3.14237
G1 X114.744 Y116.431 E3.15717
G1 X115.047 Y115.994 E3.17517
G1 X116.344 Y115.121 E3.22809
G1 X116.737 Y114.684 E3.24798
G1 X116.991 Y114.247 E3.26509
G1 X117.256 Y113.374 E3.29597
G1 X117.245 Y112.937 E3.31077
G1 X116.941 Y112.5 E3.32879
G1 X115.644 Y111.626 E3.38173
G1 X115.251 Y111.19 E3.4016
G1 X114.997 Y110.753 E3.41871
G1 X114.733 Y109.879 E3.44961
G1 X114.744 Y109.443 E3.46437
G1 X115.047 Y109.006 E3.48237
G1 X116.344 Y108.132 E3.53531
G1 X116.737 Y107.695 E3.5552
G1 X116.991 Y107.259 E3.57228
G1 X117.256 Y106.385 E3.60319
G1 X117.245 Y105.948 E3.61799
G1 X116.941 Y105.512 E3.63598
G1 X115.644 Y104.638 E3.68892
G1 X115.251 Y104.201 E3.70881
G1 X115.043 Y103.844 E3.7228
G1 X111.479 Y103.844 E3.84344
G1 X111.239 Y104.638 E3.87152
G1 X111.25 Y105.075 E3.88632
G1 X111.553 Y105.512 E3.90432
G1 X112.85 Y106.385 E3.95724
G1 X113.243 Y106.822 E3.97713
G1 X113.497 Y107.259 E3.99424
G1 X113.761 Y108.132 E4.02511
G1 X113.75 Y108.569 E4.03991
G1 X113.447 Y109.006 E4.05791
G1 X112.15 Y109.879 E4.11083
G1 X111.757 Y110.316 E4.13072
G1 X111.503 Y110.753 E4.14783
G1 X111.239 Y111.626 E4.1787
G1 X111.25 Y112.063 E4.1935
G1 X111.553 Y112.5 E4.2115
G1 X112.85 Y113.374 E4.26444
G1 X113.243 Y113.81 E4.28431
G1 X113.497 Y114.247 E4.30142
G1 X113.761 Y115.121 E4.33232
G1 X113.75 Y115.557 E4.34708
G1 X113.447 Y115.994 E4.36508
G1 X112.15 Y116.868 E4.41802
G1 X111.757 Y117.305 E4.43791
G1 X111.503 Y117.741 E4.45499
G1 X111.239 Y118.615 E4.48589
G1 X111.25 Y119.052 E4.50069
G1 X111.553 Y119.488 E4.51866
G1 X112.85 Y120.362 E4.5716
G1 X113.243 Y120.799 E4.59149
G1 X113.451 Y121.156 E4.60548
G1 X110.027 Y121.156 E4.72138
G1 X110.267 Y120.362 E4.74946
G1 X110.256 Y119.925 E4.76426
G1 X109.953 Y119.488 E4.78226
G1 X108.656 Y118.615 E4.83518
G1 X108.263 Y118.178 E4.85507
G1 X108.009 Y117.741 E4.87218
G1 X107.744 Y116.868 E4.90306
G1 X107.755 Y116.431 E4.91786
G1 X108.059 Y115.994 E4.93588
G1 X109.356 Y115.121 E4.9888
G1 X109.749 Y114.684 E5.00869
G1 X110.003 Y114.247 E5.0258
G1 X110.267 Y113.374 E5.05667
G1 X110.256 Y112.937 E5.07147
G1 X109.953 Y112.5 E5.08947
G1 X108.656 Y111.626 E5.14241
G1 X108.263 Y111.19 E5.16228
G1 X108.009 Y110.753 E5.17939
G1 X107.744 Y109.879 E5.2103
G1 X107.755 Y109.443 E5.22506
G1 X108.059 Y109.006 E5.24308
G1 X109.356 Y108.132 E5.29602
G1 X109.749 Y107.695 E5.31591
G1 X110.003 Y107.259 E5.33299
G1 X110.267 Y106.385 E5.36389
G1 X110.256 Y105.948 E5.37869
G1 X109.953 Y105.512 E5.39666
G1 X108.656 Y104.638 E5.4496
G1 X108.263 Y104.201 E5.46949
G1 X108.055 Y103.844 E5.48348
G1 X104.49 Y103.844 E5.60415
G1 X104.25 Y104.638 E5.63223
G1 X104.261 Y105.075 E5.64703
G1 X104.564 Y105.512 E5.66503
G1 X105.862 Y106.385 E5.71798
G1 X106.255 Y106.822 E5.73787
G1 X106.509 Y107.259 E5.75498
G1 X106.773 Y108.132 E5.78585
G1 X106.762 Y108.569 E5.80065
G1 X106.459 Y109.006 E5.81865
G1 X105.162 Y109.879 E5.87157
G1 X104.768 Y110.316 E5.89149
G1 X104.514 Y110.753 E5.9086
G1 X104.25 Y111.626 E5.93947
G1 X104.261 Y112.063 E5.95427
G1 X104.564 Y112.5 E5.97227
G1 X105.862 Y113.374 E6.02524
G1 X106.255 Y113.81 E6.04511
G1 X106.509 Y114.247 E6.06222
G1 X106.773 Y115.121 E6.09312
G1 X106.762 Y115.557 E6.10788
G1 X106.459 Y115.994 E6.12588
G1 X105.162 Y116.868 E6.17882
G1 X104.768 Y117.305 E6.19874
G1 X104.514 Y117.741 E6.21582
G1 X104.25 Y118.615 E6.24672
G1 X104.261 Y119.052 E6.26152
G1 X104.564 Y119.488 E6.27949
G1 X105.862 Y120.362 E6.33246
G1 X106.255 Y120.799 E6.35235
G1 X106.462 Y121.156 E6.36632
G1 X104.02 Y121.156 E6.44898
;LAYER_CHANGE
;Z:11.4
;HEIGHT:0.2
G1 Z11.4 F7800
G1 E4.44898 F2400
G1 Z11.4 F7800
G1 X103.539 Y103.539
G1 E6.44898 F2400
;TYPE:Perimeter
;WIDTH:0.449999
G1 F3600
G1 X121.461 Y103.539 E7.05562
G1 X121.461 Y112.5 E7.35894
G1 X121.461 Y121.461 E7.66226
G1 X103.539 Y121.461 E8.2689
G1 X103.539 Y103.599 E8.87351
G1 X103.539 Y103.599 F7800
G1 X103.132 Y103.132
G1 F3600
G1 X121.868 Y103.132 E9.5077
G1 X121.868 Y112.5 E9.8248
G1 X121.868 Y121.868 E10.1419
G1 X103.132 Y121.868 E10.77609
G1 X103.132 Y103.192 E11.40825
G1 X102.725 Y102.725 F7800
;TYPE:External perimeter
G1 F1800
G1 X122.275 Y102.725 E12.06999
G1 X122.275 Y112.5 E12.40086
G1 X122.275 Y122.275 E12.73173
G1 X102.725 Y122.275 E13.39347
G1 X102.725 Y102.785 E14.05318
G1 X103.121 Y102.726 F7800
G1 E12.05318 F2400
G92 E0
G1 X120.825 Y103.844 F7800
G1 E2 F2400
;TYPE:Internal infill
;WIDTH:0.45
G1 F4800
G1 X118.383 Y103.844 E2.08266
G1 X117.741 Y105.076 E2.12968
G1 X117.305 Y105.254 E2.14562
G1 X116.868 Y105.162 E2.16074
G1 X115.994 Y104.807 E2.19267
G1 X115.557 Y104.518 E2.2104
G1 X115.121 Y104.072 E2.23151
G1 X114.984 Y103.844 E2.24051
G1 X111.394 Y103.844 E2.36203
G1 X110.753 Y105.076 E2.40904
G1 X110.316 Y105.254 E2.42501
G1 X109.879 Y105.162 E2.44013
G1 X109.006 Y104.807 E2.47203
G1 X108.569 Y104.518 E2.48976
G1 X108.132 Y104.072 E2.5109
G1 X107.996 Y103.844 E2.51989
G1 X104.406 Y103.844 E2.64141
G1 X103.844 Y104.913 E2.68229
G1 X103.844 Y105.915 E2.71621
G1 X104.201 Y105.769 E2.72927
G1 X104.638 Y105.861 E2.74439
G1 X105.512 Y106.216 E2.77632
G1 X105.948 Y106.505 E2.79403
G1 X106.385 Y106.951 E2.81517
G1 X106.822 Y107.68 E2.84394
G1 X107.259 Y108.57 E2.8775
G1 X107.695 Y108.748 E2.89344
G1 X108.132 Y108.656 E2.90856
G1 X109.006 Y108.301 E2.94049
G1 X109.443 Y108.012 E2.95822
G1 X109.879 Y107.566 E2.97933
G1 X110.316 Y106.838 E3.00807
G1 X110.753 Y105.948 E3.04163
G1 X111.19 Y105.769 E3.05761
G1 X111.626 Y105.861 E3.07269
G1 X112.5 Y106.216 E3.10462
G1 X112.937 Y106.505 E3.12235
G1 X113.374 Y106.951 E3.14349
G1 X113.81 Y107.68 E3.17224
G1 X114.247 Y108.57 E3.2058
G1 X114.684 Y108.748 E3.22177
G1 X115.121 Y108.656 E3.23689
G1 X115.994 Y108.301 E3.26879
G1 X116.431 Y108.012 E3.28652
G1 X116.868 Y107.566 E3.30766
G1 X117.305 Y106.838 E3.3364
G1 X117.741 Y105.948 E3.36995
G1 X118.178 Y105.769 E3.38593
G1 X118.615 Y105.861 E3.40105
G1 X119.488 Y106.216 E3.43295
G1 X119.925 Y106.505 E3.45068
G1 X120.362 Y106.951 E3.47182
G1 X121.156 Y108.407 E3.52796
G1 X121.156 Y109.409 E3.56188
G1 X120.799 Y109.263 E3.57494
G1 X120.362 Y109.355 E3.59006
G1 X119.488 Y109.71 E3.62199
G1 X119.052 Y110 E3.63971
G1 X118.615 Y110.446 E3.66085
G1 X118.178 Y111.174 E3.68959
G1 X117.741 Y112.064 E3.72315
G1 X117.305 Y112.243 E3.7391
G1 X116.868 Y112.151 E3.75422
G1 X115.994 Y111.795 E3.78616
G1 X115.557 Y111.506 E3.80389
G1 X115.121 Y111.06 E3.825
G1 X114.684 Y110.332 E3.85374
G1 X114.247 Y109.442 E3.8873
G1 X113.81 Y109.263 E3.90328
G1 X113.374 Y109.355 E3.91836
G1 X112.5 Y109.71 E3.95029
G1 X112.063 Y110 E3.96804
G1 X111.626 Y110.446 E3.98918
G1 X111.19 Y111.174 E4.0179
G1 X110.753 Y112.064 E4.05146
G1 X110.316 Y112.243 E4.06744
G1 X109.879 Y112.151 E4.08256
G1 X109.006 Y111.795 E4.11447
G1 X108.569 Y111.506 E4.1322
G1 X108.132 Y111.06 E4.15334
G1 X107.695 Y110.332 E4.18208
G1 X107.259 Y109.442 E4.21563
G1 X106.822 Y109.263 E4.23161
G1 X106.385 Y109.355 E4.24673
G1 X105.512 Y109.71 E4.27863
G1 X105.075 Y110 E4.29638
G1 X104.638 Y110.446 E4.31752
G1 X104.201 Y111.174 E4.34626
G1 X103.844 Y111.901 E4.37367
G1 X103.844 Y112.903 E4.40759
G1 X104.201 Y112.757 E4.42065
G1 X104.638 Y112.849 E4.43577
G1 X105.512 Y113.205 E4.46771
G1 X105.948 Y113.494 E4.48542
G1 X106.385 Y113.94 E4.50656
G1 X106.822 Y114.668 E4.5353
G1 X107.259 Y115.558 E4.56886
G1 X107.695 Y115.737 E4.58481
G1 X108.132 Y115.645 E4.59993
G1 X109.006 Y115.29 E4.63186
G1 X109.443 Y115 E4.64961
G1 X109.879 Y114.554 E4.67072
G1 X110.316 Y113.826 E4.69946
G1 X110.753 Y112.936 E4.73302
G1 X111.19 Y112.757 E4.749
G1 X111.626 Y112.849 E4.76408
G1 X112.5 Y113.205 E4.79602
G1 X112.937 Y113.494 E4.81375
G1 X113.374 Y113.94 E4.83489
G1 X113.81 Y114.668 E4.86361
G1 X114.247 Y115.558 E4.89717
G1 X114.684 Y115.737 E4.91315
G1 X115.121 Y115.645 E4.92827
G1 X115.994 Y115.29 E4.96017
G1 X116.431 Y115 E4.97792
G1 X116.868 Y114.554 E4.99906
G1 X117.305 Y113.826 E5.0278
G1 X117.741 Y112.936 E5.06135
G1 X118.178 Y112.757 E5.07733
G1 X118.615 Y112.849 E5.09245
G1 X119.488 Y113.205 E5.12436
G1 X119.925 Y113.494 E5.14209
G1 X120.362 Y113.94 E5.16323
G1 X121.156 Y115.395 E5.21934
G1 X121.156 Y116.398 E5.25329
G1 X120.799 Y116.252 E5.26635
G1 X120.362 Y116.344 E5.28147
G1 X119.488 Y116.699 E5.3134
G1 X119.052 Y116.988 E5.33111
G1 X118.615 Y117.434 E5.35225
G1 X118.178 Y118.162 E5.38099
G1 X117.741 Y119.052 E5.41455
G1 X117.305 Y119.231 E5.4305
G1 X116.868 Y119.139 E5.44562
G1 X115.994 Y118.784 E5.47755
G1 X115.557 Y118.495 E5.49528
G1 X115.121 Y118.049 E5.51639
G1 X114.684 Y117.32 E5.54516
G1 X114.247 Y116.43 E5.57872
G1 X113.81 Y116.252 E5.59469
G1 X113.374 Y116.344 E5.60977
G1 X112.5 Y116.699 E5.6417
G1 X112.063 Y116.988 E5.65943
G1 X111.626 Y117.434 E5.68057
G1 X111.19 Y118.162 E5.70929
G1 X110.753 Y119.052 E5.74285
G1 X110.316 Y119.231 E5.75883
G1 X109.879 Y119.139 E5.77395
G1 X109.006 Y118.784 E5.80585
G1 X108.569 Y118.495 E5.82358
G1 X108.132 Y118.049 E5.84472
G1 X107.695 Y117.32 E5.87349
G1 X107.259 Y116.43 E5.90704
G1 X106.822 Y116.252 E5.92301
G1 X106.385 Y116.344 E5.93813
G1 X105.512 Y116.699 E5.97003
G1 X105.075 Y116.988 E5.98776
G1 X104.638 Y117.434 E6.0089
G1 X103.844 Y118.889 E6.06501
G1 X103.844 Y119.892 E6.09896
G1 X104.201 Y119.746 E6.11202
G1 X104.638 Y119.838 E6.12714
G1 X105.512 Y120.193 E6.15907
G1 X105.948 Y120.482 E6.17678
G1 X106.385 Y120.928 E6.19792
G1 X106.521 Y121.156 E6.20691
G1 X110.112 Y121.156 E6.32846
G1 X110.753 Y119.924 E6.37547
G1 X111.19 Y119.746 E6.39144
G1 X111.626 Y119.838 E6.40652
G1 X112.5 Y120.193 E6.43845
G1 X112.937 Y120.482 E6.45618
G1 X113.374 Y120.928 E6.47732
G1 X113.51 Y121.156 E6.48631
G1 X117.1 Y121.156 E6.60783
G1 X117.741 Y119.924 E6.65484
G1 X118.178 Y119.746 E6.67081
G1 X118.615 Y119.838 E6.68593
G1 X119.488 Y120.193 E6.71783
G1 X119.925 Y120.482 E6.73556
G1 X120.362 Y120.928 E6.7567
G1 X120.498 Y121.156 E6.76569
G1 X121.156 Y121.156 E6.78796
G1 X121.156 Y119.37 E6.84841
;LAYER_CHANGE
;Z:11.6
;HEIGHT:0.200001
G1 Z11.6 F7800
G1 E4.84841 F2400
G1 Z11.6 F7800
G1 X103.539 Y103.539
G1 E6.84841 F2400
;TYPE:Perimeter
;WIDTH:0.449999
G1 F3600
G1 X121.461 Y103.539 E7.45505
G1 X121.461 Y112.5 E7.75837
G1 X121.461 Y121.461 E8.06169
G1 X103.539 Y121.461 E8.66833
G1 X103.539 Y103.599 E9.27294
G1 X103.539 Y103.599 F7800
G1 X103.132 Y103.132
G1 F3600
G1 X121.868 Y103.132 E9.90713
G1 X121.868 Y112.5 E10.22423
G1 X121.868 Y121.868 E10.54133
G1 X103.132 Y121.868 E11.17552
G1 X103.132 Y103.192 E11.80768
G1 X102.725 Y102.725 F7800
;TYPE:External perimeter
G1 F1800
G1 X122.275 Y102.725 E12.46942
G1 X122.275 Y112.5 E12.80029
G1 X122.275 Y122.275 E13.13116
G1 X102.725 Y122.275 E13.7929
G1 X102.725 Y102.785 E14.45261
G1 X103.121 Y102.726 F7800
G1 E12.45261 F2400
G92 E0
G1 X120.705 Y103.844 F7800
G1 E2 F2400
;TYPE:Internal infill
;WIDTH:0.45
G1 F4800
G1 X118.262 Y103.844 E2.08269
G1 X117.741 Y104.531 E2.11187
G1 X117.305 Y104.866 E2.13048
G1 X116.868 Y104.931 E2.14543
G1 X115.994 Y104.732 E2.17577
G1 X115.557 Y104.505 E2.19244
G1 X115.121 Y104.149 E2.21149
G1 X114.889 Y103.844 E2.22446
G1 X111.274 Y103.844 E2.34682
G1 X110.753 Y104.531 E2.376
G1 X110.316 Y104.866 E2.39464
G1 X109.879 Y104.931 E2.40959
G1 X109.006 Y104.732 E2.4399
G1 X108.569 Y104.505 E2.45657
G1 X108.132 Y104.149 E2.47565
G1 X107.901 Y103.844 E2.4886
G1 X104.285 Y103.844 E2.611
G1 X103.844 Y104.425 E2.63569
G1 X103.844 Y106.431 E2.70359
G1 X104.201 Y106.158 E2.7188
G1 X104.638 Y106.092 E2.73376
G1 X105.512 Y106.291 E2.7641
G1 X105.948 Y106.518 E2.78074
G1 X106.385 Y106.874 E2.79982
G1 X107.259 Y108.025 E2.84874
G1 X107.695 Y108.36 E2.86735
G1 X108.132 Y108.426 E2.88231
G1 X109.006 Y108.226 E2.91266
G1 X109.443 Y107.999 E2.92933
G1 X109.879 Y107.643 E2.94838
G1 X110.753 Y106.493 E2.99727
G1 X111.19 Y106.158 E3.01591
G1 X111.626 Y106.092 E3.03084
G1 X112.5 Y106.291 E3.06118
G1 X112.937 Y106.518 E3.07785
G1 X113.374 Y106.874 E3.09693
G1 X114.247 Y108.025 E3.14583
G1 X114.684 Y108.36 E3.16447
G1 X115.121 Y108.426 E3.17943
G1 X115.994 Y108.226 E3.20975
G1 X116.431 Y107.999 E3.22642
G1 X116.868 Y107.643 E3.2455
G1 X117.741 Y106.493 E3.29437
G1 X118.178 Y106.158 E3.31301
G1 X118.615 Y106.092 E3.32797
G1 X119.488 Y106.291 E3.35828
G1 X119.925 Y106.518 E3.37495
G1 X120.362 Y106.874 E3.39403
G1 X121.156 Y107.919 E3.43845
G1 X121.156 Y109.926 E3.50638
G1 X120.799 Y109.652 E3.52161
G1 X120.362 Y109.586 E3.53657
G1 X119.488 Y109.785 E3.56691
G1 X119.052 Y110.012 E3.58355
G1 X118.615 Y110.368 E3.60263
G1 X117.741 Y111.519 E3.65155
G1 X117.305 Y111.854 E3.67016
G1 X116.868 Y111.92 E3.68512
G1 X115.994 Y111.72 E3.71547
G1 X115.557 Y111.493 E3.73214
G1 X115.121 Y111.137 E3.75119
G1 X114.247 Y109.987 E3.80008
G1 X113.81 Y109.652 E3.81872
G1 X113.374 Y109.586 E3.83365
G1 X112.5 Y109.785 E3.86399
G1 X112.063 Y110.012 E3.88066
G1 X111.626 Y110.368 E3.89974
G1 X110.753 Y111.519 E3.94864
G1 X110.316 Y111.854 E3.96728
G1 X109.879 Y111.92 E3.98224
G1 X109.006 Y111.72 E4.01256
G1 X108.569 Y111.493 E4.02923
G1 X108.132 Y111.137 E4.04831
G1 X107.259 Y109.987 E4.09718
G1 X106.822 Y109.652 E4.11582
G1 X106.385 Y109.586 E4.13078
G1 X105.512 Y109.785 E4.16109
G1 X105.075 Y110.012 E4.17776
G1 X104.638 Y110.368 E4.19684
G1 X103.844 Y111.414 E4.24129
G1 X103.844 Y113.42 E4.30919
G1 X104.201 Y113.146 E4.32442
G1 X104.638 Y113.08 E4.33938
G1 X105.512 Y113.28 E4.36973
G1 X105.948 Y113.507 E4.38637
G1 X106.385 Y113.863 E4.40545
G1 X107.259 Y115.013 E4.45434
G1 X107.695 Y115.348 E4.47295
G1 X108.132 Y115.414 E4.48791
G1 X109.006 Y115.215 E4.51825
G1 X109.443 Y114.988 E4.53492
G1 X109.879 Y114.632 E4.55397
G1 X110.753 Y113.481 E4.60289
G1 X111.19 Y113.146 E4.62153
G1 X111.626 Y113.08 E4.63646
G1 X112.5 Y113.28 E4.66681
G1 X112.937 Y113.507 E4.68348
G1 X113.374 Y113.863 E4.70256
G1 X114.247 Y115.013 E4.75143
G1 X114.684 Y115.348 E4.77007
G1 X115.121 Y115.414 E4.78503
G1 X115.994 Y115.215 E4.81534
G1 X116.431 Y114.988 E4.83201
G1 X116.868 Y114.632 E4.85109
G1 X117.741 Y113.481 E4.89999
G1 X118.178 Y113.146 E4.91863
G1 X118.615 Y113.08 E4.93359
G1 X119.488 Y113.28 E4.96391
G1 X119.925 Y113.507 E4.98058
G1 X120.362 Y113.863 E4.99966
G1 X121.156 Y114.908 E5.04408
G1 X121.156 Y116.914 E5.11198
G1 X120.799 Y116.64 E5.12721
G1 X120.362 Y116.574 E5.14217
G1 X119.488 Y116.774 E5.17252
G1 X119.052 Y117.001 E5.18916
G1 X118.615 Y117.357 E5.20824
G1 X117.741 Y118.507 E5.25713
G1 X117.305 Y118.842 E5.27574
G1 X116.868 Y118.908 E5.2907
G1 X115.994 Y118.709 E5.32104
G1 X115.557 Y118.482 E5.33771
G1 X115.121 Y118.126 E5.35676
G1 X114.247 Y116.975 E5.40568
G1 X113.81 Y116.64 E5.42432
G1 X113.374 Y116.574 E5.43925
G1 X112.5 Y116.774 E5.4696
G1 X112.063 Y117.001 E5.48627
G1 X111.626 Y117.357 E5.50535
G1 X110.753 Y118.507 E5.55422
G1 X110.316 Y118.842 E5.57286
G1 X109.879 Y118.908 E5.58782
G1 X109.006 Y118.709 E5.61813
G1 X108.569 Y118.482 E5.6348
G1 X108.132 Y118.126 E5.65388
G1 X107.259 Y116.975 E5.70278
G1 X106.822 Y116.64 E5.72142
G1 X106.385 Y116.574 E5.73638
G1 X105.512 Y116.774 E5.7667
G1 X105.075 Y117.001 E5.78337
G1 X104.638 Y117.357 E5.80245
G1 X103.844 Y118.402 E5.84687
G1 X103.844 Y120.408 E5.91477
G1 X104.201 Y120.134 E5.93
G1 X104.638 Y120.069 E5.94495
G1 X105.512 Y120.268 E5.97529
G1 X105.948 Y120.495 E5.99193
G1 X106.385 Y120.851 E6.01101
G1 X106.644 Y121.156 E6.02455
G1 X110.232 Y121.156 E6.146
G1 X110.753 Y120.469 E6.17518
G1 X111.19 Y120.134 E6.19382
G1 X111.626 Y120.069 E6.20874
G1 X112.5 Y120.268 E6.23908
G1 X112.937 Y120.495 E6.25575
G1 X113.374 Y120.851 E6.27483
G1 X113.632 Y121.156 E6.28835
G1 X117.22 Y121.156 E6.4098
G1 X117.741 Y120.469 E6.43898
G1 X118.178 Y120.134 E6.45762
G1 X118.615 Y120.069 E6.47257
G1 X119.488 Y120.268 E6.50288
G1 X119.925 Y120.495 E6.51955
G1 X120.362 Y120.851 E6.53863
G1 X120.62 Y121.156 E6.55215
G1 X121.156 Y121.156 E6.57029
G1 X121.156 Y119.248 E6.63487
;LAYER_CHANGE
;Z:11.8
;HEIGHT:0.2
G1 Z11.8 F7800
G1 E4.63487 F2400
G1 Z11.8 F7800
G1 X103.539 Y103.539
G1 E6.63487 F2400
;TYPE:Perimeter
;WIDTH:0.449999
G1 F3600
G1 X121.461 Y103.539 E7.24151
G1 X121.461 Y112.5 E7.54483
G1 X121.461 Y121.461 E7.84815
G1 X103.539 Y121.461 E8.45479
G1 X103.539 Y103.599 E9.0594
G1 X103.539 Y103.599 F7800
G1 X103.132 Y103.132
G1 F3600
G1 X121.868 Y103.132 E9.69359
G1 X121.868 Y112.5 E10.01069
G1 X121.868 Y121.868 E10.32779
G1 X103.132 Y121.868 E10.96198
G1 X103.132 Y103.192 E11.59414
G1 X102.725 Y102.725 F7800
;TYPE:External perimeter
G1 F1800
G1 X122.275 Y102.725 E12.25588
G1 X122.275 Y112.5 E12.58675
G1 X122.275 Y122.275 E12.91762
G1 X102.725 Y122.275 E13.57936
G1 X102.725 Y102.785 E14.23907
G1 X103.121 Y102.726 F7800
G1 E12.23907 F2400
G92 E0
G1 X120.545 Y103.844 F7800
G1 E2 F2400
;TYPE:Internal infill
;WIDTH:0.45
G1 F4800
G1 X118.102 Y103.844 E2.08269
G1 X117.305 Y104.595 E2.11976
G1 X116.868 Y104.746 E2.13541
G1 X116.431 Y104.759 E2.15021
G1 X115.994 Y104.681 E2.16524
G1 X115.557 Y104.514 E2.18108
G1 X115.121 Y104.233 E2.19864
G1 X114.757 Y103.844 E2.21667
G1 X111.114 Y103.844 E2.33998
G1 X110.316 Y104.595 E2.37707
G1 X109.879 Y104.746 E2.39272
G1 X109.443 Y104.759 E2.40748
G1 X109.006 Y104.681 E2.42251
G1 X108.569 Y104.514 E2.43835
G1 X108.132 Y104.233 E2.45594
G1 X107.769 Y103.844 E2.47395
G1 X104.125 Y103.844 E2.5973
G1 X103.844 Y104.145 E2.61124
G1 X103.844 Y106.726 E2.6986
G1 X104.201 Y106.428 E2.71434
G1 X104.638 Y106.277 E2.72999
G1 X105.075 Y106.264 E2.74479
G1 X105.512 Y106.343 E2.75982
G1 X105.948 Y106.509 E2.77561
G1 X106.385 Y106.79 E2.7932
G1 X107.259 Y107.725 E2.83652
G1 X107.695 Y108.089 E2.85575
G1 X108.132 Y108.24 E2.8714
G1 X108.569 Y108.254 E2.8862
G1 X109.006 Y108.175 E2.90123
G1 X109.443 Y108.008 E2.91707
G1 X109.879 Y107.727 E2.93463
G1 X110.753 Y106.793 E2.97793
G1 X111.19 Y106.428 E2.9972
G1 X111.626 Y106.277 E3.01282
G1 X112.063 Y106.264 E3.02762
G1 X112.5 Y106.343 E3.04265
G1 X112.937 Y106.509 E3.05847
G1 X113.374 Y106.79 E3.07606
G1 X114.247 Y107.725 E3.11936
G1 X114.684 Y108.089 E3.13861
G1 X115.121 Y108.24 E3.15426
G1 X115.557 Y108.254 E3.16903
G1 X115.994 Y108.175 E3.18406
G1 X116.431 Y108.008 E3.1999
G1 X116.868 Y107.727 E3.21749
G1 X117.741 Y106.793 E3.26076
G1 X118.178 Y106.428 E3.28003
G1 X118.615 Y106.277 E3.29568
G1 X119.052 Y106.264 E3.31048
G1 X119.488 Y106.343 E3.32548
G1 X119.925 Y106.509 E3.3413
G1 X120.362 Y106.79 E3.35889
G1 X121.156 Y107.639 E3.39824
G1 X121.156 Y110.22 E3.4856
G1 X120.799 Y109.923 E3.50132
G1 X120.362 Y109.771 E3.51698
G1 X119.925 Y109.758 E3.53178
G1 X119.488 Y109.837 E3.54681
G1 X119.052 Y110.004 E3.56261
G1 X118.615 Y110.284 E3.58018
G1 X117.741 Y111.219 E3.6235
G1 X117.305 Y111.583 E3.64273
G1 X116.868 Y111.735 E3.65839
G1 X116.431 Y111.748 E3.67319
G1 X115.994 Y111.669 E3.68822
G1 X115.557 Y111.502 E3.70406
G1 X115.121 Y111.222 E3.7216
G1 X114.247 Y110.287 E3.76492
G1 X113.81 Y109.923 E3.78417
G1 X113.374 Y109.771 E3.7998
G1 X112.937 Y109.758 E3.8146
G1 X112.5 Y109.837 E3.82963
G1 X112.063 Y110.004 E3.84547
G1 X111.626 Y110.284 E3.86304
G1 X110.753 Y111.219 E3.90634
G1 X110.316 Y111.583 E3.92559
G1 X109.879 Y111.735 E3.94125
G1 X109.443 Y111.748 E3.95601
G1 X109.006 Y111.669 E3.97104
G1 X108.569 Y111.502 E3.98688
G1 X108.132 Y111.222 E4.00445
G1 X107.259 Y110.287 E4.04775
G1 X106.822 Y109.923 E4.067
G1 X106.385 Y109.771 E4.08266
G1 X105.948 Y109.758 E4.09746
G1 X105.512 Y109.837 E4.11246
G1 X105.075 Y110.004 E4.1283
G1 X104.638 Y110.284 E4.14587
G1 X103.844 Y111.133 E4.18522
G1 X103.844 Y113.714 E4.27258
G1 X104.201 Y113.417 E4.2883
G1 X104.638 Y113.265 E4.30396
G1 X105.075 Y113.252 E4.31876
G1 X105.512 Y113.331 E4.33379
G1 X105.948 Y113.498 E4.34959
G1 X106.385 Y113.778 E4.36716
G1 X107.259 Y114.713 E4.41048
G1 X107.695 Y115.077 E4.42971
G1 X108.132 Y115.229 E4.44537
G1 X108.569 Y115.242 E4.46017
G1 X109.006 Y115.163 E4.4752
G1 X109.443 Y114.996 E4.49104
G1 X109.879 Y114.716 E4.50858
G1 X110.753 Y113.781 E4.5519
G1 X111.19 Y113.417 E4.57115
G1 X111.626 Y113.265 E4.58678
G1 X112.063 Y113.252 E4.60158
G1 X112.5 Y113.331 E4.61661
G1 X112.937 Y113.498 E4.63245
G1 X113.374 Y113.778 E4.65002
G1 X114.247 Y114.713 E4.69332
G1 X114.684 Y115.077 E4.71257
G1 X115.121 Y115.229 E4.72823
G1 X115.557 Y115.242 E4.74299
G1 X115.994 Y115.163 E4.75802
G1 X116.431 Y114.996 E4.77386
G1 X116.868 Y114.716 E4.79143
G1 X117.741 Y113.781 E4.83473
G1 X118.178 Y113.417 E4.85398
G1 X118.615 Y113.265 E4.86964
G1 X119.052 Y113.252 E4.88444
G1 X119.488 Y113.331 E4.89944
G1 X119.925 Y113.498 E4.91528
G1 X120.362 Y113.778 E4.93285
G1 X121.156 Y114.628 E4.97222
G1 X121.156 Y117.209 E5.05958
G1 X120.799 Y116.911 E5.07532
G1 X120.362 Y116.76 E5.09097
G1 X119.925 Y116.746 E5.10577
G1 X119.488 Y116.825 E5.1208
G1 X119.052 Y116.992 E5.1366
G1 X118.615 Y117.273 E5.15419
G1 X117.741 Y118.207 E5.19749
G1 X117.305 Y118.572 E5.21674
G1 X116.868 Y118.723 E5.23239
G1 X116.431 Y118.736 E5.24719
G1 X115.994 Y118.657 E5.26222
G1 X115.557 Y118.491 E5.27804
G1 X115.121 Y118.21 E5.2956
G1 X114.247 Y117.275 E5.33892
G1 X113.81 Y116.911 E5.35817
G1 X113.374 Y116.76 E5.37379
G1 X112.937 Y116.746 E5.38859
G1 X112.5 Y116.825 E5.40362
G1 X112.063 Y116.992 E5.41946
G1 X111.626 Y117.273 E5.43705
G1 X110.753 Y118.207 E5.48032
G1 X110.316 Y118.572 E5.49959
G1 X109.879 Y118.723 E5.51524
G1 X109.443 Y118.736 E5.53
G1 X109.006 Y118.657 E5.54503
G1 X108.569 Y118.491 E5.56085
G1 X108.132 Y118.21 E5.57844
G1 X107.259 Y117.275 E5.62174
G1 X106.822 Y116.911 E5.64099
G1 X106.385 Y116.76 E5.65664
G1 X105.948 Y116.746 E5.67144
G1 X105.512 Y116.825 E5.68644
G1 X105.075 Y116.992 E5.70228
G1 X104.638 Y117.273 E5.71987
G1 X103.844 Y118.122 E5.75922
G1 X103.844 Y120.703 E5.84658
G1 X104.201 Y120.405 E5.86232
G1 X104.638 Y120.254 E5.87797
G1 X105.075 Y120.241 E5.89277
G1 X105.512 Y120.319 E5.9078
G1 X105.948 Y120.486 E5.9236
G1 X106.385 Y120.767 E5.94119
G1 X106.748 Y121.156 E5.9592
G1 X110.392 Y121.156 E6.08255
G1 X111.19 Y120.405 E6.11964
G1 X111.626 Y120.254 E6.13526
G1 X112.063 Y120.241 E6.15006
G1 X112.5 Y120.319 E6.16509
G1 X112.937 Y120.486 E6.18093
G1 X113.374 Y120.767 E6.19852
G1 X113.737 Y121.156 E6.21653
G1 X117.381 Y121.156 E6.33988
G1 X118.178 Y120.405 E6.37695
G1 X118.615 Y120.254 E6.3926
G1 X119.052 Y120.241 E6.4074
G1 X119.488 Y120.319 E6.42239
G1 X119.925 Y120.486 E6.43823
G1 X120.362 Y120.767 E6.45582
G1 X120.725 Y121.156 E6.47383
G1 X121.156 Y121.156 E6.48842
G1 X121.156 Y119.143 E6.55656
;LAYER_CHANGE
;Z:12
;HEIGHT:0.2
G1 Z12 F7800
G1 E4.55656 F2400
G1 Z12 F7800
G1 X103.539 Y103.539
G1 E6.55656 F2400
;TYPE:Perimeter
;WIDTH:0.449999
G1 F3600
G1 X121.461 Y103.539 E7.1632
G1 X121.461 Y112.5 E7.46652
G1 X121.461 Y121.461 E7.76984
G1 X103.539 Y121.461 E8.37648
G1 X103.539 Y103.599 E8.98109
G1 X103.539 Y103.599 F7800
G1 X103.132 Y103.132
G1 F3600
G1 X121.868 Y103.132 E9.61528
G1 X121.868 Y112.5 E9.93238
G1 X121.868 Y121.868 E10.24948
G1 X103.132 Y121.868 E10.88367
G1 X103.132 Y103.192 E11.51583
G1 X102.725 Y102.725 F7800
;TYPE:External perimeter
G1 F1800
G1 X122.275 Y102.725 E12.17757
G1 X122.275 Y112.5 E12.50844
G1 X122.275 Y122.275 E12.83931
G1 X102.725 Y122.275 E13.50105
G1 X102.725 Y102.785 E14.16076
G1 X103.121 Y102.726 F7800
G1 E12.16076 F2400
G92 E0
G1 X120.335 Y103.844 F7800
G1 E2 F2400
;TYPE:Internal infill
;WIDTH:0.45
G1 F4800
G1 X117.892 Y103.844 E2.08269
G1 X117.305 Y104.381 E2.10962
G1 X116.868 Y104.594 E2.12608
G1 X116.431 Y104.671 E2.1411
G1 X115.994 Y104.65 E2.15591
G1 X115.557 Y104.541 E2.17116
G1 X115.121 Y104.326 E2.18761
G1 X114.554 Y103.844 E2.2128
G1 X110.904 Y103.844 E2.33635
G1 X110.316 Y104.381 E2.3633
G1 X109.879 Y104.594 E2.37976
G1 X109.443 Y104.671 E2.39475
G1 X109.006 Y104.65 E2.40956
G1 X108.569 Y104.541 E2.42481
G1 X108.132 Y104.326 E2.4413
G1 X107.566 Y103.844 E2.46646
G1 X103.844 Y103.844 E2.59245
G1 X103.844 Y106.954 E2.69772
G1 X104.201 Y106.643 E2.71375
G1 X104.638 Y106.429 E2.73022
G1 X105.075 Y106.352 E2.74524
G1 X105.512 Y106.373 E2.76005
G1 X105.948 Y106.482 E2.77526
G1 X106.385 Y106.697 E2.79175
G1 X107.695 Y107.875 E2.85138
G1 X108.132 Y108.088 E2.86784
G1 X108.569 Y108.165 E2.88286
G1 X109.006 Y108.144 E2.89767
G1 X109.443 Y108.035 E2.91292
G1 X109.879 Y107.821 E2.92936
G1 X111.19 Y106.643 E2.98902
G1 X111.626 Y106.429 E3.00546
G1 X112.063 Y106.352 E3.02048
G1 X112.5 Y106.373 E3.03529
G1 X112.937 Y106.482 E3.05054
G1 X113.374 Y106.697 E3.06703
G1 X114.684 Y107.875 E3.12666
G1 X115.121 Y108.088 E3.14312
G1 X115.557 Y108.165 E3.15811
G1 X115.994 Y108.144 E3.17292
G1 X116.431 Y108.035 E3.18817
G1 X116.868 Y107.821 E3.20464
G1 X118.178 Y106.643 E3.26427
G1 X118.615 Y106.429 E3.28074
G1 X119.052 Y106.352 E3.29576
G1 X119.488 Y106.373 E3.31054
G1 X119.925 Y106.482 E3.32579
G1 X120.362 Y106.697 E3.34228
G1 X121.156 Y107.411 E3.37842
G1 X121.156 Y110.448 E3.48122
G1 X120.799 Y110.137 E3.49725
G1 X120.362 Y109.923 E3.51372
G1 X119.925 Y109.847 E3.52873
G1 X119.488 Y109.867 E3.54354
G1 X119.052 Y109.976 E3.55875
G1 X118.615 Y110.191 E3.57524
G1 X117.305 Y111.369 E3.63487
G1 X116.868 Y111.583 E3.65134
G1 X116.431 Y111.659 E3.66635
G1 X115.994 Y111.638 E3.68116
G1 X115.557 Y111.53 E3.6964
G1 X115.121 Y111.315 E3.71285
G1 X113.81 Y110.137 E3.77251
G1 X113.374 Y109.923 E3.78895
G1 X112.937 Y109.847 E3.80396
G1 X112.5 Y109.867 E3.81877
G1 X112.063 Y109.976 E3.83402
G1 X111.626 Y110.191 E3.85051
G1 X110.316 Y111.369 E3.91014
G1 X109.879 Y111.583 E3.92661
G1 X109.443 Y111.659 E3.94159
G1 X109.006 Y111.638 E3.9564
G1 X108.569 Y111.53 E3.97164
G1 X108.132 Y111.315 E3.98813
G1 X106.822 Y110.137 E4.04776
G1 X106.385 Y109.923 E4.06423
G1 X105.948 Y109.847 E4.07924
G1 X105.512 Y109.867 E4.09401
G1 X105.075 Y109.976 E4.10926
G1 X104.638 Y110.191 E4.12575
G1 X103.844 Y110.906 E4.16192
G1 X103.844 Y113.942 E4.26468
G1 X104.201 Y113.631 E4.28071
G1 X104.638 Y113.417 E4.29718
G1 X105.075 Y113.341 E4.31219
G1 X105.512 Y113.362 E4.327
G1 X105.948 Y113.471 E4.34221
G1 X106.385 Y113.685 E4.35868
G1 X107.695 Y114.863 E4.41831
G1 X108.132 Y115.077 E4.43478
G1 X108.569 Y115.153 E4.44979
G1 X109.006 Y115.133 E4.4646
G1 X109.443 Y115.024 E4.47985
G1 X109.879 Y114.809 E4.4963
G1 X111.19 Y113.631 E4.55596
G1 X111.626 Y113.417 E4.5724
G1 X112.063 Y113.341 E4.58741
G1 X112.5 Y113.362 E4.60222
G1 X112.937 Y113.471 E4.61747
G1 X113.374 Y113.685 E4.63394
G1 X114.684 Y114.863 E4.69357
G1 X115.121 Y115.077 E4.71004
G1 X115.557 Y115.153 E4.72502
G1 X115.994 Y115.133 E4.73983
G1 X116.431 Y115.024 E4.75508
G1 X116.868 Y114.809 E4.77157
G1 X118.178 Y113.631 E4.8312
G1 X118.615 Y113.417 E4.84767
G1 X119.052 Y113.341 E4.86268
G1 X119.488 Y113.362 E4.87746
G1 X119.925 Y113.471 E4.89271
G1 X120.362 Y113.685 E4.90918
G1 X121.156 Y114.4 E4.94535
G1 X121.156 Y117.437 E5.04815
G1 X120.799 Y117.125 E5.0642
G1 X120.362 Y116.912 E5.08066
G1 X119.925 Y116.835 E5.09568
G1 X119.488 Y116.856 E5.11049
G1 X119.052 Y116.965 E5.1257
G1 X118.615 Y117.179 E5.14217
G1 X117.305 Y118.357 E5.2018
G1 X116.868 Y118.571 E5.21827
G1 X116.431 Y118.648 E5.23329
G1 X115.994 Y118.627 E5.2481
G1 X115.557 Y118.518 E5.26335
G1 X115.121 Y118.303 E5.2798
G1 X113.81 Y117.125 E5.33946
G1 X113.374 Y116.912 E5.35589
G1 X112.937 Y116.835 E5.37091
G1 X112.5 Y116.856 E5.38572
G1 X112.063 Y116.965 E5.40097
G1 X111.626 Y117.179 E5.41744
G1 X110.316 Y118.357 E5.47707
G1 X109.879 Y118.571 E5.49354
G1 X109.443 Y118.648 E5.50853
G1 X109.006 Y118.627 E5.52334
G1 X108.569 Y118.518 E5.53859
G1 X108.132 Y118.303 E5.55508
G1 X106.822 Y117.125 E5.61471
G1 X106.385 Y116.912 E5.63117
G1 X105.948 Y116.835 E5.64619
G1 X105.512 Y116.856 E5.66097
G1 X105.075 Y116.965 E5.67622
G1 X104.638 Y117.179 E5.69269
G1 X103.844 Y117.894 E5.72886
G1 X103.844 Y120.931 E5.83166
G1 X104.201 Y120.619 E5.84771
G1 X104.638 Y120.406 E5.86417
G1 X105.075 Y120.329 E5.87919
G1 X105.512 Y120.35 E5.894
G1 X105.948 Y120.459 E5.90921
G1 X106.385 Y120.674 E5.9257
G1 X106.952 Y121.156 E5.95089
G1 X110.602 Y121.156 E6.07444
G1 X111.19 Y120.619 E6.10139
G1 X111.626 Y120.406 E6.11782
G1 X112.063 Y120.329 E6.13284
G1 X112.5 Y120.35 E6.14765
G1 X112.937 Y120.459 E6.1629
G1 X113.374 Y120.674 E6.17939
G1 X113.94 Y121.156 E6.20455
G1 X117.59 Y121.156 E6.3281
G1 X118.178 Y120.619 E6.35505
G1 X118.615 Y120.406 E6.37151
G1 X119.052 Y120.329 E6.38653
G1 X119.488 Y120.35 E6.40131
G1 X119.925 Y120.459 E6.41656
G1 X120.362 Y120.674 E6.43305
G1 X120.928 Y121.156 E6.45821
G1 X121.156 Y121.156 E6.46593
G1 X121.156 Y118.94 E6.54094
;LAYER_CHANGE
;Z:12.2
;HEIGHT:0.2
G1 Z12.2 F7800
G1 E4.54094 F2400
G1 Z12.2 F7800
G1 X103.539 Y103.539
G1 E6.54094 F2400
;TYPE:Perimeter
;WIDTH:0.449999
G1 F3600
G1 X121.461 Y103.539 E7.14758
G1 X121.461 Y112.5 E7.4509
G1 X121.461 Y121.461 E7.75422
G1 X103.539 Y121.461 E8.36086
G1 X103.539 Y103.599 E8.96547
G1 X103.539 Y103.599 F7800
G1 X103.132 Y103.132
G1 F3600
G1 X121.868 Y103.132 E9.59966
G1 X121.868 Y112.5 E9.91676
G1 X121.868 Y121.868 E10.23386
G1 X103.132 Y121.868 E10.86805
G1 X103.132 Y103.192 E11.50021
G1 X102.725 Y102.725 F7800
;TYPE:External perimeter
G1 F1800
G1 X122.275 Y102.725 E12.16195
G1 X122.275 Y112.5 E12.49282
G1 X122.275 Y122.275 E12.82369
G1 X102.725 Y122.275 E13.48543
G1 X102.725 Y102.785 E14.14514
G1 X103.121 Y102.726 F7800
G1 E12.14514 F2400
G92 E0
G1 X120.129 Y103.844 F7800
G1 E2 F2400
;TYPE:Internal infill
;WIDTH:0.45
G1 F4800
G1 X117.687 Y103.844 E2.08266
G1 X117.305 Y104.197 E2.10027
G1 X116.868 Y104.466 E2.11764
G1 X116.431 Y104.603 E2.13314
G1 X115.994 Y104.638 E2.14798
G1 X115.557 Y104.586 E2.16288
G1 X115.121 Y104.432 E2.17853
G1 X114.684 Y104.145 E2.19623
G1 X114.364 Y103.844 E2.2111
G1 X110.698 Y103.844 E2.33519
G1 X110.316 Y104.197 E2.3528
G1 X109.879 Y104.466 E2.37017
G1 X109.443 Y104.603 E2.38564
G1 X109.006 Y104.638 E2.40048
G1 X108.569 Y104.586 E2.41538
G1 X108.132 Y104.432 E2.43106
G1 X107.695 Y104.145 E2.44876
G1 X107.375 Y103.844 E2.46363
G1 X103.844 Y103.844 E2.58315
G1 X103.844 Y107.155 E2.69522
G1 X104.201 Y106.826 E2.71165
G1 X104.638 Y106.557 E2.72902
G1 X105.075 Y106.421 E2.74451
G1 X105.512 Y106.385 E2.75935
G1 X105.948 Y106.437 E2.77421
G1 X106.385 Y106.591 E2.78989
G1 X106.822 Y106.878 E2.80759
G1 X107.695 Y107.691 E2.84797
G1 X108.132 Y107.961 E2.86536
G1 X108.569 Y108.097 E2.88085
G1 X109.006 Y108.132 E2.89569
G1 X109.443 Y108.08 E2.91059
G1 X109.879 Y107.926 E2.92624
G1 X110.316 Y107.64 E2.94392
G1 X111.19 Y106.826 E2.98435
G1 X111.626 Y106.557 E3.00169
G1 X112.063 Y106.421 E3.01718
G1 X112.5 Y106.385 E3.03202
G1 X112.937 Y106.437 E3.04692
G1 X113.374 Y106.591 E3.0626
G1 X113.81 Y106.878 E3.08027
G1 X114.684 Y107.691 E3.12067
G1 X115.121 Y107.961 E3.13806
G1 X115.557 Y108.097 E3.15352
G1 X115.994 Y108.132 E3.16836
G1 X116.431 Y108.08 E3.18326
G1 X116.868 Y107.926 E3.19894
G1 X117.305 Y107.64 E3.21662
G1 X118.178 Y106.826 E3.25702
G1 X118.615 Y106.557 E3.27439
G1 X119.052 Y106.421 E3.28988
G1 X119.488 Y106.385 E3.30469
G1 X119.925 Y106.437 E3.31959
G1 X120.362 Y106.591 E3.33527
G1 X120.799 Y106.878 E3.35297
G1 X121.156 Y107.213 E3.36954
G1 X121.156 Y110.649 E3.48584
G1 X120.799 Y110.321 E3.50225
G1 X120.362 Y110.051 E3.51964
G1 X119.925 Y109.915 E3.53513
G1 X119.488 Y109.879 E3.54997
G1 X119.052 Y109.931 E3.56483
G1 X118.615 Y110.085 E3.58051
G1 X118.178 Y110.372 E3.59821
G1 X117.305 Y111.185 E3.63859
G1 X116.868 Y111.455 E3.65598
G1 X116.431 Y111.591 E3.67147
G1 X115.994 Y111.627 E3.68631
G1 X115.557 Y111.574 E3.70121
G1 X115.121 Y111.42 E3.71686
G1 X114.684 Y111.134 E3.73454
G1 X113.81 Y110.321 E3.77494
G1 X113.374 Y110.051 E3.7923
G1 X112.937 Y109.915 E3.80779
G1 X112.5 Y109.879 E3.82263
G1 X112.063 Y109.931 E3.83753
G1 X111.626 Y110.085 E3.85321
G1 X111.19 Y110.372 E3.87088
G1 X110.316 Y111.185 E3.91128
G1 X109.879 Y111.455 E3.92867
G1 X109.443 Y111.591 E3.94413
G1 X109.006 Y111.627 E3.95897
G1 X108.569 Y111.574 E3.97387
G1 X108.132 Y111.42 E3.98955
G1 X107.695 Y111.134 E4.00723
G1 X106.822 Y110.321 E4.04761
G1 X106.385 Y110.051 E4.065
G1 X105.948 Y109.915 E4.08049
G1 X105.512 Y109.879 E4.0953
G1 X105.075 Y109.931 E4.1102
G1 X104.638 Y110.085 E4.12588
G1 X104.201 Y110.372 E4.14358
G1 X103.844 Y110.707 E4.16015
G1 X103.844 Y114.144 E4.27649
G1 X104.201 Y113.815 E4.29292
G1 X104.638 Y113.545 E4.31031
G1 X105.075 Y113.409 E4.3258
G1 X105.512 Y113.373 E4.34064
G1 X105.948 Y113.426 E4.35551
G1 X106.385 Y113.58 E4.37119
G1 X106.822 Y113.866 E4.38887
G1 X107.695 Y114.679 E4.42925
G1 X108.132 Y114.949 E4.44664
G1 X108.569 Y115.085 E4.46213
G1 X109.006 Y115.121 E4.47697
G1 X109.443 Y115.069 E4.49187
G1 X109.879 Y114.915 E4.50752
G1 X110.316 Y114.628 E4.52522
G1 X111.19 Y113.815 E4.56562
G1 X111.626 Y113.545 E4.58298
G1 X112.063 Y113.409 E4.59847
G1 X112.5 Y113.373 E4.61331
G1 X112.937 Y113.426 E4.62821
G1 X113.374 Y113.58 E4.64389
G1 X113.81 Y113.866 E4.66154
G1 X114.684 Y114.679 E4.70194
G1 X115.121 Y114.949 E4.71933
G1 X115.557 Y115.085 E4.73479
G1 X115.994 Y115.121 E4.74963
G1 X116.431 Y115.069 E4.76453
G1 X116.868 Y114.915 E4.78021
G1 X117.305 Y114.628 E4.79791
G1 X118.178 Y113.815 E4.83829
G1 X118.615 Y113.545 E4.85568
G1 X119.052 Y113.409 E4.87117
G1 X119.488 Y113.373 E4.88598
G1 X119.925 Y113.426 E4.90088
G1 X120.362 Y113.58 E4.91656
G1 X120.799 Y113.866 E4.93424
G1 X121.156 Y114.202 E4.95083
G1 X121.156 Y117.638 E5.06713
G1 X120.799 Y117.309 E5.08356
G1 X120.362 Y117.039 E5.10095
G1 X119.925 Y116.903 E5.11644
G1 X119.488 Y116.868 E5.13128
G1 X119.052 Y116.92 E5.14614
G1 X118.615 Y117.074 E5.16182
G1 X118.178 Y117.36 E5.1795
G1 X117.305 Y118.174 E5.2199
G1 X116.868 Y118.443 E5.23727
G1 X116.431 Y118.579 E5.25276
G1 X115.994 Y118.615 E5.2676
G1 X115.557 Y118.563 E5.2825
G1 X115.121 Y118.409 E5.29815
G1 X114.684 Y118.122 E5.31585
G1 X113.81 Y117.309 E5.35625
G1 X113.374 Y117.039 E5.37361
G1 X112.937 Y116.903 E5.3891
G1 X112.5 Y116.868 E5.40394
G1 X112.063 Y116.92 E5.41884
G1 X111.626 Y117.074 E5.43452
G1 X111.19 Y117.36 E5.45217
G1 X110.316 Y118.174 E5.4926
G1 X109.879 Y118.443 E5.50997
G1 X109.443 Y118.579 E5.52543
G1 X109.006 Y118.615 E5.54027
G1 X108.569 Y118.563 E5.55517
G1 X108.132 Y118.409 E5.57085
G1 X107.695 Y118.122 E5.58855
G1 X106.822 Y117.309 E5.62893
G1 X106.385 Y117.039 E5.64632
G1 X105.948 Y116.903 E5.66181
G1 X105.512 Y116.868 E5.67662
G1 X105.075 Y116.92 E5.69152
G1 X104.638 Y117.074 E5.7072
G1 X104.201 Y117.36 E5.72488
G1 X103.844 Y117.696 E5.74147
G1 X103.844 Y121.132 E5.85777
G1 X104.201 Y120.803 E5.8742
G1 X104.638 Y120.534 E5.89157
G1 X105.075 Y120.397 E5.90707
G1 X105.512 Y120.362 E5.92191
G1 X105.948 Y120.414 E5.93677
G1 X106.385 Y120.568 E5.95245
G1 X106.822 Y120.855 E5.97015
G1 X107.142 Y121.156 E5.98502
G1 X110.807 Y121.156 E6.10908
G1 X111.19 Y120.803 E6.12671
G1 X111.626 Y120.534 E6.14405
G1 X112.063 Y120.397 E6.15955
G1 X112.5 Y120.362 E6.17439
G1 X112.937 Y120.414 E6.18929
G1 X113.374 Y120.568 E6.20497
G1 X113.81 Y120.855 E6.22264
G1 X114.13 Y121.156 E6.23751
G1 X117.796 Y121.156 E6.3616
G1 X118.178 Y120.803 E6.37921
G1 X118.615 Y120.534 E6.39658
G1 X119.052 Y120.397 E6.41208
G1 X119.488 Y120.362 E6.42689
G1 X119.925 Y120.414 E6.44179
G1 X120.362 Y120.568 E6.45747
G1 X121.156 Y121.156 E6.49091
G1 X121.156 Y118.75 E6.57235
;LAYER_CHANGE
;Z:12.4
;HEIGHT:0.2
G1 Z12.4 F7800
G1 E4.57235 F2400
G1 Z12.4 F7800
G1 X103.539 Y103.539
G1 E6.57235 F2400
;TYPE:Perimeter
;WIDTH:0.449999
G1 F3600
G1 X121.461 Y103.539 E7.17899
G1 X121.461 Y112.5 E7.48231
G1 X121.461 Y121.461 E7.78563
G1 X103.539 Y121.461 E8.39227
G1 X103.539 Y103.599 E8.99688
G1 X103.539 Y103.599 F7800
G1 X103.132 Y103.132
G1 F3600
G1 X121.868 Y103.132 E9.63107
G1 X121.868 Y112.5 E9.94817
G1 X121.868 Y121.868 E10.26527
G1 X103.132 Y121.868 E10.89946
G1 X103.132 Y103.192 E11.53162
G1 X102.725 Y102.725 F7800
;TYPE:External perimeter
G1 F1800
G1 X122.275 Y102.725 E12.19336
G1 X122.275 Y112.5 E12.52423
G1 X122.275 Y122.275 E12.8551
G1 X102.725 Y122.275 E13.51684
G1 X102.725 Y102.785 E14.17655
G1 X103.121 Y102.726 F7800
G1 X104.723 Y103.844
;TYPE:Internal infill
;WIDTH:0.45
G1 F4800
G1 X107.166 Y103.844 E14.25924
G1 X107.695 Y104.324 E14.28342
G1 X108.132 Y104.554 E14.30014
G1 X108.569 Y104.649 E14.31528
G1 X109.006 Y104.645 E14.33007
G1 X109.443 Y104.553 E14.34519
G1 X109.879 Y104.356 E14.36138
G1 X110.5 Y103.844 E14.38862
G1 X114.154 Y103.844 E14.5123
G1 X114.684 Y104.324 E14.5365
G1 X115.121 Y104.554 E14.55322
G1 X115.557 Y104.649 E14.56832
G1 X115.994 Y104.645 E14.58311
G1 X116.431 Y104.553 E14.59823
G1 X116.868 Y104.356 E14.61446
G1 X117.488 Y103.844 E14.64168
G1 X121.156 Y103.844 E14.76584
G1 X121.156 Y107.016 E14.87321
G1 X120.799 Y106.699 E14.88937
G1 X120.362 Y106.469 E14.90609
G1 X119.925 Y106.375 E14.92122
G1 X119.488 Y106.379 E14.93601
G1 X119.052 Y106.471 E14.95109
G1 X118.615 Y106.667 E14.9673
G1 X118.178 Y106.996 E14.98582
G1 X117.305 Y107.818 E15.02641
G1 X116.868 Y108.048 E15.04313
G1 X116.431 Y108.143 E15.05827
G1 X115.994 Y108.139 E15.07306
G1 X115.557 Y108.047 E15.08818
G1 X115.121 Y107.851 E15.10436
G1 X114.684 Y107.521 E15.1229
G1 X113.81 Y106.699 E15.16351
G1 X113.374 Y106.469 E15.1802
G1 X112.937 Y106.375 E15.19533
G1 X112.5 Y106.379 E15.21012
G1 X112.063 Y106.471 E15.22524
G1 X111.626 Y106.667 E15.24145
G1 X111.19 Y106.996 E15.25994
G1 X110.316 Y107.818 E15.30055
G1 X109.879 Y108.048 E15.31727
G1 X109.443 Y108.143 E15.33237
G1 X109.006 Y108.139 E15.34716
G1 X108.569 Y108.047 E15.36228
G1 X108.132 Y107.851 E15.37849
G1 X107.695 Y107.521 E15.39703
G1 X106.822 Y106.699 E15.43762
G1 X106.385 Y106.469 E15.45434
G1 X105.948 Y106.375 E15.46947
G1 X105.512 Y106.379 E15.48423
G1 X105.075 Y106.471 E15.49935
G1 X104.638 Y106.667 E15.51556
G1 X103.844 Y107.351 E15.55103
G1 X103.844 Y110.51 E15.65796
G1 X104.201 Y110.194 E15.6741
G1 X104.638 Y109.963 E15.69083
G1 X105.075 Y109.869 E15.70596
G1 X105.512 Y109.873 E15.72075
G1 X105.948 Y109.965 E15.73583
G1 X106.385 Y110.161 E15.75204
G1 X106.822 Y110.49 E15.77056
G1 X107.695 Y111.312 E15.81115
G1 X108.132 Y111.542 E15.82787
G1 X108.569 Y111.637 E15.84301
G1 X109.006 Y111.633 E15.8578
G1 X109.443 Y111.541 E15.87292
G1 X109.879 Y111.345 E15.8891
G1 X110.316 Y111.015 E15.90764
G1 X111.19 Y110.194 E15.94823
G1 X111.626 Y109.963 E15.96493
G1 X112.063 Y109.869 E15.98006
G1 X112.5 Y109.873 E15.99485
G1 X112.937 Y109.965 E16.00997
G1 X113.374 Y110.161 E16.02618
G1 X113.81 Y110.49 E16.04467
G1 X114.684 Y111.312 E16.08528
G1 X115.121 Y111.542 E16.102
G1 X115.557 Y111.637 E16.1171
G1 X115.994 Y111.633 E16.13189
G1 X116.431 Y111.541 E16.14701
G1 X116.868 Y111.345 E16.16322
G1 X117.305 Y111.015 E16.18176
G1 X118.178 Y110.194 E16.22232
G1 X118.615 Y109.963 E16.23905
G1 X119.052 Y109.869 E16.25418
G1 X119.488 Y109.873 E16.26894
G1 X119.925 Y109.965 E16.28406
G1 X120.362 Y110.161 E16.30027
G1 X120.799 Y110.49 E16.31879
G1 X121.156 Y110.846 E16.33586
G1 X121.156 Y114.004 E16.44275
G1 X120.799 Y113.688 E16.45889
G1 X120.362 Y113.458 E16.47561
G1 X119.925 Y113.363 E16.49075
G1 X119.488 Y113.367 E16.50554
G1 X119.052 Y113.459 E16.52062
G1 X118.615 Y113.655 E16.53683
G1 X118.178 Y113.985 E16.55537
G1 X117.305 Y114.806 E16.59593
G1 X116.868 Y115.037 E16.61266
G1 X116.431 Y115.131 E16.62779
G1 X115.994 Y115.127 E16.64258
G1 X115.557 Y115.035 E16.6577
G1 X115.121 Y114.839 E16.67388
G1 X114.684 Y114.51 E16.6924
G1 X113.81 Y113.688 E16.73301
G1 X113.374 Y113.458 E16.7497
G1 X112.937 Y113.363 E16.76484
G1 X112.5 Y113.367 E16.77963
G1 X112.063 Y113.459 E16.79475
G1 X111.626 Y113.655 E16.81096
G1 X111.19 Y113.985 E16.82947
G1 X110.316 Y114.806 E16.87006
G1 X109.879 Y115.037 E16.88679
G1 X109.443 Y115.131 E16.90189
G1 X109.006 Y115.127 E16.91668
G1 X108.569 Y115.035 E16.9318
G1 X108.132 Y114.839 E16.94801
G1 X107.695 Y114.51 E16.96653
G1 X106.822 Y113.688 E17.00712
G1 X106.385 Y113.458 E17.02384
G1 X105.948 Y113.363 E17.03898
G1 X105.512 Y113.367 E17.05374
G1 X105.075 Y113.459 E17.06886
G1 X104.638 Y113.655 E17.08507
G1 X103.844 Y114.34 E17.12057
G1 X103.844 Y117.498 E17.22746
G1 X104.201 Y117.182 E17.2436
G1 X104.638 Y116.952 E17.26032
G1 X105.075 Y116.857 E17.27546
G1 X105.512 Y116.861 E17.29025
G1 X105.948 Y116.953 E17.30533
G1 X106.385 Y117.149 E17.32154
G1 X106.822 Y117.479 E17.34008
G1 X107.695 Y118.301 E17.38067
G1 X108.132 Y118.531 E17.39739
G1 X108.569 Y118.625 E17.41252
G1 X109.006 Y118.621 E17.42731
G1 X109.443 Y118.529 E17.44243
G1 X109.879 Y118.333 E17.45861
G1 X110.316 Y118.004 E17.47713
G1 X111.19 Y117.182 E17.51774
G1 X111.626 Y116.952 E17.53443
G1 X112.063 Y116.857 E17.54957
G1 X112.5 Y116.861 E17.56436
G1 X112.937 Y116.953 E17.57948
G1 X113.374 Y117.149 E17.59569
G1 X113.81 Y117.479 E17.6142
G1 X114.684 Y118.301 E17.65481
G1 X115.121 Y118.531 E17.67153
G1 X115.557 Y118.625 E17.68663
G1 X115.994 Y118.621 E17.70142
G1 X116.431 Y118.529 E17.71654
G1 X116.868 Y118.333 E17.73275
G1 X117.305 Y118.004 E17.75127
G1 X118.178 Y117.182 E17.79186
G1 X118.615 Y116.952 E17.80858
G1 X119.052 Y116.857 E17.82372
G1 X119.488 Y116.861 E17.83848
G1 X119.925 Y116.953 E17.8536
G1 X120.362 Y117.149 E17.86981
G1 X121.156 Y117.834 E17.90531
G1 X121.156 Y120.992 E18.0122
G1 X120.799 Y120.676 E18.02834
G1 X120.362 Y120.446 E18.04506
G1 X119.925 Y120.351 E18.0602
G1 X119.488 Y120.355 E18.07499
G1 X119.052 Y120.447 E18.09007
G1 X118.615 Y120.644 E18.1063
G1 X117.995 Y121.156 E18.13352
G1 X114.34 Y121.156 E18.25724
G1 X113.81 Y120.676 E18.28144
G1 X113.374 Y120.446 E18.29813
G1 X112.937 Y120.351 E18.31327
G1 X112.5 Y120.355 E18.32806
G1 X112.063 Y120.447 E18.34318
G1 X111.626 Y120.644 E18.35941
G1 X111.006 Y121.156 E18.38663
G1 X107.351 Y121.156 E18.51035
G1 X106.822 Y120.676 E18.53453
G1 X106.385 Y120.446 E18.55125
G1 X105.948 Y120.351 E18.56639
G1 X105.512 Y120.355 E18.58115
G1 X105.075 Y120.447 E18.59627
G1 X104.638 Y120.644 E18.6125
G1 X104.018 Y121.156 E18.63972
G1 X103.844 Y121.156 E18.64561
G1 X103.844 Y118.886 E18.72245
;LAYER_CHANGE
;Z:12.6
;HEIGHT:0.200001
G1 Z12.6 F7800
G1 E16.72245 F2400
G1 Z12.6 F7800
G1 X103.539 Y103.539
G1 E18.72245 F2400
;TYPE:Perimeter
;WIDTH:0.449999
G1 F3600
G1 X121.461 Y103.539 E19.32909
G1 X121.461 Y112.5 E19.63241
G1 X121.461 Y121.461 E19.93573
G1 X103.539 Y121.461 E20.54237
G1 X103.539 Y103.599 E21.14698
G1 X103.539 Y103.599 F7800
G1 X103.132 Y103.132
G1 F3600
G1 X121.868 Y103.132 E21.78117
G1 X121.868 Y112.5 E22.09827
G1 X121.868 Y121.868 E22.41537
G1 X103.132 Y121.868 E23.04956
G1 X103.132 Y103.192 E23.68172
G1 X102.725 Y102.725 F7800
;TYPE:External perimeter
G1 F1800
G1 X122.275 Y102.725 E24.34346
G1 X122.275 Y112.5 E24.67433
G1 X122.275 Y122.275 E25.0052
G1 X102.725 Y122.275 E25.66694
G1 X102.725 Y102.785 E26.32665
G1 X103.121 Y102.726 F7800
G1 X104.509 Y103.844
;TYPE:Internal infill
;WIDTH:0.45
G1 F4800
G1 X106.951 Y103.844 E26.40931
G1 X107.695 Y104.527 E26.4435
G1 X108.132 Y104.698 E26.45938
G1 X108.569 Y104.731 E26.47421
G1 X109.006 Y104.669 E26.48915
G1 X109.443 Y104.52 E26.50478
G1 X109.879 Y104.26 E26.52196
G1 X110.288 Y103.844 E26.54171
G1 X113.939 Y103.844 E26.66529
G1 X114.684 Y104.527 E26.6995
G1 X115.121 Y104.698 E26.71538
G1 X115.557 Y104.731 E26.73018
G1 X115.994 Y104.669 E26.74512
G1 X116.431 Y104.52 E26.76075
G1 X116.868 Y104.26 E26.77796
G1 X117.276 Y103.844 E26.79768
G1 X121.156 Y103.844 E26.92901
G1 X121.156 Y106.798 E27.029
G1 X120.799 Y106.496 E27.04483
G1 X120.362 Y106.325 E27.06071
G1 X119.925 Y106.292 E27.07554
G1 X119.488 Y106.354 E27.09048
G1 X119.052 Y106.503 E27.10608
G1 X118.615 Y106.763 E27.12329
G1 X117.305 Y108.021 E27.18477
G1 X116.868 Y108.192 E27.20065
G1 X116.431 Y108.225 E27.21548
G1 X115.994 Y108.164 E27.23042
G1 X115.557 Y108.014 E27.24606
G1 X115.121 Y107.754 E27.26324
G1 X113.81 Y106.496 E27.32474
G1 X113.374 Y106.325 E27.34059
G1 X112.937 Y106.292 E27.35542
G1 X112.5 Y106.354 E27.37036
G1 X112.063 Y106.503 E27.38599
G1 X111.626 Y106.763 E27.4032
G1 X110.316 Y108.021 E27.46468
G1 X109.879 Y108.192 E27.48056
G1 X109.443 Y108.225 E27.49536
G1 X109.006 Y108.164 E27.5103
G1 X108.569 Y108.014 E27.52594
G1 X108.132 Y107.754 E27.54315
G1 X106.822 Y106.496 E27.60463
G1 X106.385 Y106.325 E27.62051
G1 X105.948 Y106.292 E27.63534
G1 X105.512 Y106.354 E27.65025
G1 X105.075 Y106.503 E27.66588
G1 X104.638 Y106.763 E27.68309
G1 X103.844 Y107.57 E27.72141
G1 X103.844 Y110.293 E27.81358
G1 X104.201 Y109.991 E27.82941
G1 X104.638 Y109.819 E27.84531
G1 X105.075 Y109.787 E27.86014
G1 X105.512 Y109.848 E27.87508
G1 X105.948 Y109.997 E27.89068
G1 X106.385 Y110.258 E27.90791
G1 X107.695 Y111.515 E27.96936
G1 X108.132 Y111.687 E27.98526
G1 X108.569 Y111.719 E28.00009
G1 X109.006 Y111.658 E28.01503
G1 X109.443 Y111.508 E28.03067
G1 X109.879 Y111.248 E28.04785
G1 X111.19 Y109.991 E28.10933
G1 X111.626 Y109.819 E28.12519
G1 X112.063 Y109.787 E28.14002
G1 X112.5 Y109.848 E28.15496
G1 X112.937 Y109.997 E28.17059
G1 X113.374 Y110.258 E28.18782
G1 X114.684 Y111.515 E28.24927
G1 X115.121 Y111.687 E28.26517
G1 X115.557 Y111.719 E28.27997
G1 X115.994 Y111.658 E28.29491
G1 X116.431 Y111.508 E28.31055
G1 X116.868 Y111.248 E28.32776
G1 X118.178 Y109.991 E28.38921
G1 X118.615 Y109.819 E28.40511
G1 X119.052 Y109.787 E28.41994
G1 X119.488 Y109.848 E28.43484
G1 X119.925 Y109.997 E28.45047
G1 X120.362 Y110.258 E28.4677
G1 X121.156 Y111.064 E28.506
G1 X121.156 Y113.787 E28.59817
G1 X120.799 Y113.485 E28.614
G1 X120.362 Y113.313 E28.6299
G1 X119.925 Y113.281 E28.64473
G1 X119.488 Y113.342 E28.65967
G1 X119.052 Y113.492 E28.67528
G1 X118.615 Y113.752 E28.69249
G1 X117.305 Y115.009 E28.75394
G1 X116.868 Y115.181 E28.76984
G1 X116.431 Y115.213 E28.78467
G1 X115.994 Y115.152 E28.79961
G1 X115.557 Y115.003 E28.81524
G1 X115.121 Y114.742 E28.83244
G1 X113.81 Y113.485 E28.89392
G1 X113.374 Y113.313 E28.90978
G1 X112.937 Y113.281 E28.92461
G1 X112.5 Y113.342 E28.93955
G1 X112.063 Y113.492 E28.95519
G1 X111.626 Y113.752 E28.9724
G1 X110.316 Y115.009 E29.03385
G1 X109.879 Y115.181 E29.04975
G1 X109.443 Y115.213 E29.06455
G1 X109.006 Y115.152 E29.07949
G1 X108.569 Y115.003 E29.09512
G1 X108.132 Y114.742 E29.11235
G1 X106.822 Y113.485 E29.1738
G1 X106.385 Y113.313 E29.1897
G1 X105.948 Y113.281 E29.20453
G1 X105.512 Y113.342 E29.21943
G1 X105.075 Y113.492 E29.23507
G1 X104.638 Y113.752 E29.25228
G1 X103.844 Y114.559 E29.2906
G1 X103.844 Y117.281 E29.38274
G1 X104.201 Y116.979 E29.39857
G1 X104.638 Y116.808 E29.41445
G1 X105.075 Y116.775 E29.42928
G1 X105.512 Y116.836 E29.44422
G1 X105.948 Y116.986 E29.45983
G1 X106.385 Y117.246 E29.47704
G1 X107.695 Y118.504 E29.53852
G1 X108.132 Y118.675 E29.5544
G1 X108.569 Y118.708 E29.56923
G1 X109.006 Y118.646 E29.58417
G1 X109.443 Y118.497 E29.5998
G1 X109.879 Y118.237 E29.61698
G1 X111.19 Y116.979 E29.67848
G1 X111.626 Y116.808 E29.69433
G1 X112.063 Y116.775 E29.70916
G1 X112.5 Y116.836 E29.7241
G1 X112.937 Y116.986 E29.73974
G1 X113.374 Y117.246 E29.75695
G1 X114.684 Y118.504 E29.81843
G1 X115.121 Y118.675 E29.83431
G1 X115.557 Y118.708 E29.84911
G1 X115.994 Y118.646 E29.86405
G1 X116.431 Y118.497 E29.87968
G1 X116.868 Y118.237 E29.89689
G1 X118.178 Y116.979 E29.95837
G1 X118.615 Y116.808 E29.97425
G1 X119.052 Y116.775 E29.98908
G1 X119.488 Y116.836 E30.00398
G1 X119.925 Y116.986 E30.01962
G1 X120.362 Y117.246 E30.03683
G1 X121.156 Y118.053 E30.07515
G1 X121.156 Y120.775 E30.16729
G1 X120.799 Y120.473 E30.18312
G1 X120.362 Y120.302 E30.199
G1 X119.925 Y120.269 E30.21383
G1 X119.488 Y120.331 E30.22877
G1 X119.052 Y120.48 E30.24437
G1 X118.615 Y120.74 E30.26158
G1 X118.206 Y121.156 E30.28133
G1 X114.555 Y121.156 E30.40491
G1 X113.81 Y120.473 E30.43912
G1 X113.374 Y120.302 E30.45497
G1 X112.937 Y120.269 E30.4698
G1 X112.5 Y120.331 E30.48474
G1 X112.063 Y120.48 E30.50037
G1 X111.626 Y120.74 E30.51758
G1 X111.218 Y121.156 E30.5373
G1 X107.566 Y121.156 E30.66092
G1 X106.822 Y120.473 E30.69511
G1 X106.385 Y120.302 E30.71099
G1 X105.948 Y120.269 E30.72582
G1 X105.512 Y120.331 E30.74073
G1 X105.075 Y120.48 E30.75636
G1 X104.638 Y120.74 E30.77357
G1 X104.23 Y121.156 E30.79329
G1 X103.844 Y121.156 E30.80636
G1 X103.844 Y119.098 E30.87602
;LAYER_CHANGE
;Z:12.8
;HEIGHT:0.2
G1 Z12.8 F7800
G1 E28.87602 F2400
G1 Z12.8 F7800
G1 X103.539 Y103.539
G1 E30.87602 F2400
;TYPE:Perimeter
;WIDTH:0.449999
G1 F3600
G1 X121.461 Y103.539 E31.48266
G1 X121.461 Y112.5 E31.78598
G1 X121.461 Y121.461 E32.0893
G1 X103.539 Y121.461 E32.69594
G1 X103.539 Y103.599 E33.30055
G1 X103.539 Y103.599 F7800
G1 X103.132 Y103.132
G1 F3600
G1 X121.868 Y103.132 E33.93474
G1 X121.868 Y112.5 E34.25184
G1 X121.868 Y121.868 E34.56894
G1 X103.132 Y121.868 E35.20313
G1 X103.132 Y103.192 E35.83529
G1 X102.725 Y102.725 F7800
;TYPE:External perimeter
G1 F1800
G1 X122.275 Y102.725 E36.49703
G1 X122.275 Y112.5 E36.8279
G1 X122.275 Y122.275 E37.15877
G1 X102.725 Y122.275 E37.82051
G1 X102.725 Y102.785 E38.48022
G1 X103.121 Y102.726 F7800
G1 X104.34 Y103.844
;TYPE:Internal infill
;WIDTH:0.45
G1 F4800
G1 X106.783 Y103.844 E38.56291
G1 X107.259 Y104.43 E38.58846
G1 X107.695 Y104.777 E38.60732
G1 X108.132 Y104.872 E38.62246
G1 X109.006 Y104.714 E38.65252
G1 X109.443 Y104.506 E38.6689
G1 X109.879 Y104.173 E38.68747
G1 X110.147 Y103.844 E38.70183
G1 X113.771 Y103.844 E38.8245
G1 X114.247 Y104.43 E38.85005
G1 X114.684 Y104.777 E38.86894
G1 X115.121 Y104.872 E38.88408
G1 X115.994 Y104.714 E38.91411
G1 X116.431 Y104.506 E38.93049
G1 X116.868 Y104.173 E38.94909
G1 X117.135 Y103.844 E38.96343
G1 X120.76 Y103.844 E39.08613
G1 X121.156 Y104.331 E39.10738
G1 X121.156 Y106.53 E39.18181
G1 X120.799 Y106.246 E39.19725
G1 X120.362 Y106.151 E39.21239
G1 X119.488 Y106.309 E39.24245
G1 X119.052 Y106.518 E39.25882
G1 X118.615 Y106.85 E39.2774
G1 X117.741 Y107.924 E39.32427
G1 X117.305 Y108.271 E39.34313
G1 X116.868 Y108.366 E39.35827
G1 X115.994 Y108.209 E39.38833
G1 X115.557 Y108 E39.40473
G1 X115.121 Y107.667 E39.4233
G1 X114.247 Y106.594 E39.47014
G1 X113.81 Y106.246 E39.48905
G1 X113.374 Y106.151 E39.50415
G1 X112.5 Y106.309 E39.53421
G1 X112.063 Y106.518 E39.55061
G1 X111.626 Y106.85 E39.56919
G1 X110.753 Y107.924 E39.61604
G1 X110.316 Y108.271 E39.63493
G1 X109.879 Y108.366 E39.65007
G1 X109.006 Y108.209 E39.68009
G1 X108.569 Y108 E39.69649
G1 X108.132 Y107.667 E39.71509
G1 X107.259 Y106.594 E39.76191
G1 X106.822 Y106.246 E39.78082
G1 X106.385 Y106.151 E39.79596
G1 X105.512 Y106.309 E39.82599
G1 X105.075 Y106.518 E39.84239
G1 X104.638 Y106.85 E39.86097
G1 X103.844 Y107.825 E39.90353
G1 X103.844 Y110.024 E39.97796
G1 X104.201 Y109.741 E39.99338
G1 X104.638 Y109.645 E40.00852
G1 X105.512 Y109.803 E40.03858
G1 X105.948 Y110.012 E40.05495
G1 X106.385 Y110.344 E40.07353
G1 X107.259 Y111.418 E40.1204
G1 X107.695 Y111.765 E40.13926
G1 X108.132 Y111.861 E40.1544
G1 X109.006 Y111.703 E40.18446
G1 X109.443 Y111.494 E40.20086
G1 X109.879 Y111.162 E40.21941
G1 X110.753 Y110.088 E40.26628
G1 X111.19 Y109.741 E40.28517
G1 X111.626 Y109.645 E40.30028
G1 X112.5 Y109.803 E40.33034
G1 X112.937 Y110.012 E40.34674
G1 X113.374 Y110.344 E40.36532
G1 X114.247 Y111.418 E40.41217
G1 X114.684 Y111.765 E40.43106
G1 X115.121 Y111.861 E40.4462
G1 X115.994 Y111.703 E40.47623
G1 X116.431 Y111.494 E40.49263
G1 X116.868 Y111.162 E40.51121
G1 X117.741 Y110.088 E40.55806
G1 X118.178 Y109.741 E40.57695
G1 X118.615 Y109.645 E40.59209
G1 X119.488 Y109.803 E40.62212
G1 X119.925 Y110.012 E40.63852
G1 X120.362 Y110.344 E40.6571
G1 X121.156 Y111.32 E40.69969
G1 X121.156 Y113.518 E40.77409
G1 X120.799 Y113.235 E40.78951
G1 X120.362 Y113.139 E40.80465
G1 X119.488 Y113.297 E40.83471
G1 X119.052 Y113.506 E40.85108
G1 X118.615 Y113.838 E40.86966
G1 X117.741 Y114.912 E40.91653
G1 X117.305 Y115.259 E40.93539
G1 X116.868 Y115.355 E40.95053
G1 X115.994 Y115.197 E40.98059
G1 X115.557 Y114.988 E40.99699
G1 X115.121 Y114.656 E41.01554
G1 X114.247 Y113.582 E41.06241
G1 X113.81 Y113.235 E41.0813
G1 X113.374 Y113.139 E41.09641
G1 X112.5 Y113.297 E41.12647
G1 X112.063 Y113.506 E41.14287
G1 X111.626 Y113.838 E41.16145
G1 X110.753 Y114.912 E41.2083
G1 X110.316 Y115.259 E41.22719
G1 X109.879 Y115.355 E41.24233
G1 X109.006 Y115.197 E41.27236
G1 X108.569 Y114.988 E41.28876
G1 X108.132 Y114.656 E41.30734
G1 X107.259 Y113.582 E41.35419
G1 X106.822 Y113.235 E41.37308
G1 X106.385 Y113.139 E41.38822
G1 X105.512 Y113.297 E41.41825
G1 X105.075 Y113.506 E41.43465
G1 X104.638 Y113.838 E41.45323
G1 X103.844 Y114.814 E41.49582
G1 X103.844 Y117.013 E41.57025
G1 X104.201 Y116.729 E41.58569
G1 X104.638 Y116.634 E41.60083
G1 X105.512 Y116.791 E41.63089
G1 X105.948 Y117 E41.64726
G1 X106.385 Y117.333 E41.66586
G1 X107.259 Y118.406 E41.7127
G1 X107.695 Y118.754 E41.73158
G1 X108.132 Y118.849 E41.74672
G1 X109.006 Y118.691 E41.77678
G1 X109.443 Y118.482 E41.79318
G1 X109.879 Y118.15 E41.81173
G1 X110.753 Y117.076 E41.8586
G1 X111.19 Y116.729 E41.87749
G1 X111.626 Y116.634 E41.89259
G1 X112.5 Y116.791 E41.92265
G1 X112.937 Y117 E41.93905
G1 X113.374 Y117.333 E41.95765
G1 X114.247 Y118.406 E42.00447
G1 X114.684 Y118.754 E42.02338
G1 X115.121 Y118.849 E42.03852
G1 X115.994 Y118.691 E42.06855
G1 X116.431 Y118.482 E42.08495
G1 X116.868 Y118.15 E42.10353
G1 X117.741 Y117.076 E42.15038
G1 X118.178 Y116.729 E42.16927
G1 X118.615 Y116.634 E42.18441
G1 X119.488 Y116.791 E42.21443
G1 X119.925 Y117 E42.23083
G1 X120.362 Y117.333 E42.24943
G1 X121.156 Y118.308 E42.29199
G1 X121.156 Y120.507 E42.36642
G1 X120.799 Y120.223 E42.38186
G1 X120.362 Y120.128 E42.397
G1 X119.488 Y120.286 E42.42706
G1 X119.052 Y120.494 E42.44341
G1 X118.615 Y120.827 E42.46201
G1 X118.342 Y121.156 E42.47648
G1 X114.723 Y121.156 E42.59898
G1 X114.247 Y120.57 E42.62453
G1 X113.81 Y120.223 E42.64342
G1 X113.374 Y120.128 E42.65852
G1 X112.5 Y120.286 E42.68858
G1 X112.063 Y120.494 E42.70496
G1 X111.626 Y120.827 E42.72356
G1 X111.354 Y121.156 E42.73801
G1 X107.735 Y121.156 E42.86051
G1 X107.259 Y120.57 E42.88606
G1 X106.822 Y120.223 E42.90495
G1 X106.385 Y120.128 E42.92009
G1 X105.512 Y120.286 E42.95012
G1 X105.075 Y120.494 E42.9665
G1 X104.638 Y120.827 E42.9851
G1 X104.365 Y121.156 E42.99957
G1 X103.844 Y121.156 E43.01721
G1 X103.844 Y119.234 E43.08227
;LAYER_CHANGE
;Z:13
;HEIGHT:0.2
G1 Z13 F7800
G1 E41.08227 F2400
G1 Z13 F7800
G1 X103.539 Y103.539
G1 E43.08227 F2400
;TYPE:Perimeter
;WIDTH:0.449999
G1 F3600
G1 X121.461 Y103.539 E43.68891
G1 X121.461 Y112.5 E43.99223
G1 X121.461 Y121.461 E44.29555
G1 X103.539 Y121.461 E44.90219
G1 X103.539 Y103.599 E45.5068
G1 X103.539 Y103.599 F7800
G1 X103.132 Y103.132
G1 F3600
G1 X121.868 Y103.132 E46.14099
G1 X121.868 Y112.5 E46.45809
G1 X121.868 Y121.868 E46.77519
G1 X103.132 Y121.868 E47.40938
G1 X103.132 Y103.192 E48.04154
G1 X102.725 Y102.725 F7800
;TYPE:External perimeter
G1 F1800
G1 X122.275 Y102.725 E48.70328
G1 X122.275 Y112.5 E49.03415
G1 X122.275 Y122.275 E49.36502
G1 X102.725 Y122.275 E50.02676
G1 X102.725 Y102.785 E50.68647
G1 X103.121 Y102.726 F7800
G1 X104.215 Y103.844
;TYPE:Internal infill
;WIDTH:0.45
G1 F4800
G1 X106.657 Y103.844 E50.76913
G1 X107.259 Y104.853 E50.8089
G1 X107.695 Y105.119 E50.82619
G1 X108.132 Y105.088 E50.84102
G1 X109.006 Y104.782 E50.87236
G1 X109.443 Y104.511 E50.88977
G1 X109.879 Y104.094 E50.91019
G1 X110.045 Y103.844 E50.92035
G1 X113.646 Y103.844 E51.04224
G1 X114.247 Y104.853 E51.08199
G1 X114.684 Y105.119 E51.09931
G1 X115.121 Y105.088 E51.11414
G1 X115.994 Y104.782 E51.14545
G1 X116.431 Y104.511 E51.16286
G1 X116.868 Y104.094 E51.18331
G1 X117.034 Y103.844 E51.19347
G1 X120.634 Y103.844 E51.31533
G1 X121.156 Y104.714 E51.34967
G1 X121.156 Y106.122 E51.39733
G1 X120.799 Y105.904 E51.41149
G1 X120.362 Y105.935 E51.42632
G1 X119.488 Y106.241 E51.45766
G1 X119.052 Y106.512 E51.47504
G1 X118.615 Y106.929 E51.49549
G1 X117.741 Y108.347 E51.55187
G1 X117.305 Y108.613 E51.56916
G1 X116.868 Y108.582 E51.58399
G1 X115.994 Y108.276 E51.61533
G1 X115.557 Y108.006 E51.63272
G1 X115.121 Y107.588 E51.65316
G1 X114.247 Y106.17 E51.70954
G1 X113.81 Y105.904 E51.72686
G1 X113.374 Y105.935 E51.74166
G1 X112.5 Y106.241 E51.773
G1 X112.063 Y106.512 E51.79041
G1 X111.626 Y106.929 E51.81086
G1 X110.753 Y108.347 E51.86722
G1 X110.316 Y108.613 E51.88454
G1 X109.879 Y108.582 E51.89937
G1 X109.006 Y108.276 E51.93068
G1 X108.569 Y108.006 E51.94807
G1 X108.132 Y107.588 E51.96854
G1 X107.259 Y106.17 E52.0249
G1 X106.822 Y105.904 E52.04222
G1 X106.385 Y105.935 E52.05705
G1 X105.512 Y106.241 E52.08836
G1 X105.075 Y106.512 E52.10577
G1 X104.638 Y106.929 E52.12622
G1 X103.844 Y108.208 E52.17718
G1 X103.844 Y109.616 E52.22484
G1 X104.201 Y109.398 E52.239
G1 X104.638 Y109.43 E52.25383
G1 X105.512 Y109.735 E52.28516
G1 X105.948 Y110.006 E52.30254
G1 X106.385 Y110.423 E52.32299
G1 X107.259 Y111.841 E52.37937
G1 X107.695 Y112.107 E52.39666
G1 X108.132 Y112.076 E52.41149
G1 X109.006 Y111.77 E52.44283
G1 X109.443 Y111.5 E52.46022
G1 X109.879 Y111.083 E52.48064
G1 X110.753 Y109.665 E52.53702
G1 X111.19 Y109.398 E52.55435
G1 X111.626 Y109.43 E52.56915
G1 X112.5 Y109.735 E52.60048
G1 X112.937 Y110.006 E52.61789
G1 X113.374 Y110.423 E52.63834
G1 X114.247 Y111.841 E52.6947
G1 X114.684 Y112.107 E52.71202
G1 X115.121 Y112.076 E52.72685
G1 X115.994 Y111.77 E52.75816
G1 X116.431 Y111.5 E52.77555
G1 X116.868 Y111.083 E52.796
G1 X117.741 Y109.665 E52.85236
G1 X118.178 Y109.398 E52.86969
G1 X118.615 Y109.43 E52.88452
G1 X119.488 Y109.735 E52.91582
G1 X119.925 Y110.006 E52.93323
G1 X120.362 Y110.423 E52.95368
G1 X121.156 Y111.702 E53.00464
G1 X121.156 Y113.11 E53.0523
G1 X120.799 Y112.893 E53.06644
G1 X120.362 Y112.924 E53.08127
G1 X119.488 Y113.23 E53.11261
G1 X119.052 Y113.5 E53.12997
G1 X118.615 Y113.917 E53.15042
G1 X117.741 Y115.335 E53.2068
G1 X117.305 Y115.602 E53.22411
G1 X116.868 Y115.57 E53.23894
G1 X115.994 Y115.265 E53.27027
G1 X115.557 Y114.994 E53.28768
G1 X115.121 Y114.577 E53.3081
G1 X114.247 Y113.159 E53.36448
G1 X113.81 Y112.893 E53.3818
G1 X113.374 Y112.924 E53.3966
G1 X112.5 Y113.23 E53.42794
G1 X112.063 Y113.5 E53.44533
G1 X111.626 Y113.917 E53.46578
G1 X110.753 Y115.335 E53.52214
G1 X110.316 Y115.602 E53.53947
G1 X109.879 Y115.57 E53.5543
G1 X109.006 Y115.265 E53.5856
G1 X108.569 Y114.994 E53.60301
G1 X108.132 Y114.577 E53.62346
G1 X107.259 Y113.159 E53.67982
G1 X106.822 Y112.893 E53.69714
G1 X106.385 Y112.924 E53.71197
G1 X105.512 Y113.23 E53.74328
G1 X105.075 Y113.5 E53.76067
G1 X104.638 Y113.917 E53.78112
G1 X103.844 Y115.196 E53.83208
G1 X103.844 Y116.604 E53.87974
G1 X104.201 Y116.387 E53.89388
G1 X104.638 Y116.418 E53.90871
G1 X105.512 Y116.724 E53.94005
G1 X105.948 Y116.994 E53.95741
G1 X106.385 Y117.412 E53.97788
G1 X107.259 Y118.83 E54.03426
G1 X107.695 Y119.096 E54.05155
G1 X108.132 Y119.065 E54.06638
G1 X109.006 Y118.759 E54.09772
G1 X109.443 Y118.488 E54.11513
G1 X109.879 Y118.071 E54.13555
G1 X110.753 Y116.653 E54.19193
G1 X111.19 Y116.387 E54.20925
G1 X111.626 Y116.418 E54.22405
G1 X112.5 Y116.724 E54.25539
G1 X112.937 Y116.994 E54.27278
G1 X113.374 Y117.412 E54.29325
G1 X114.247 Y118.83 E54.34961
G1 X114.684 Y119.096 E54.36693
G1 X115.121 Y119.065 E54.38176
G1 X115.994 Y118.759 E54.41307
G1 X116.431 Y118.488 E54.43048
G1 X116.868 Y118.071 E54.45093
G1 X117.741 Y116.653 E54.50729
G1 X118.178 Y116.387 E54.52461
G1 X118.615 Y116.418 E54.53944
G1 X119.488 Y116.724 E54.57075
G1 X119.925 Y116.994 E54.58814
G1 X120.362 Y117.412 E54.60861
G1 X121.156 Y118.69 E54.65954
G1 X121.156 Y120.098 E54.7072
G1 X120.799 Y119.881 E54.72134
G1 X120.362 Y119.912 E54.73617
G1 X119.488 Y120.218 E54.76751
G1 X119.052 Y120.489 E54.78489
G1 X118.615 Y120.906 E54.80534
G1 X118.449 Y121.156 E54.8155
G1 X114.849 Y121.156 E54.93736
G1 X114.247 Y120.147 E54.97713
G1 X113.81 Y119.881 E54.99445
G1 X113.374 Y119.912 E55.00925
G1 X112.5 Y120.218 E55.04059
G1 X112.063 Y120.489 E55.058
G1 X111.626 Y120.906 E55.07845
G1 X111.461 Y121.156 E55.08859
G1 X107.86 Y121.156 E55.21048
G1 X107.259 Y120.147 E55.25023
G1 X106.822 Y119.881 E55.26755
G1 X106.385 Y119.912 E55.28238
G1 X105.512 Y120.218 E55.31369
G1 X105.075 Y120.489 E55.3311
G1 X104.638 Y120.906 E55.35155
G1 X104.472 Y121.156 E55.36171
G1 X103.844 Y121.156 E55.38297
G1 X103.844 Y119.341 E55.44441
;LAYER_CHANGE
;Z:13.2
;HEIGHT:0.2
G1 Z13.2 F7800
G1 E53.44441 F2400
G1 Z13.2 F7800
G1 X103.539 Y103.539
G1 E55.44441 F2400
;TYPE:Perimeter
;WIDTH:0.449999
G1 F3600
G1 X121.461 Y103.539 E56.05105
G1 X121.461 Y112.5 E56.35437
G1 X121.461 Y121.461 E56.65769
G1 X103.539 Y121.461 E57.26433
G1 X103.539 Y103.599 E57.86894
G1 X103.539 Y103.599 F7800
G1 X103.132 Y103.132
G1 F3600
G1 X121.868 Y103.132 E58.50313
G1 X121.868 Y112.5 E58.82023
G1 X121.868 Y121.868 E59.13733
G1 X103.132 Y121.868 E59.77152
G1 X103.132 Y103.192 E60.40368
G1 X102.725 Y102.725 F7800
;TYPE:External perimeter
G1 F1800
G1 X122.275 Y102.725 E61.06542
G1 X122.275 Y112.5 E61.39629
G1 X122.275 Y122.275 E61.72716
G1 X102.725 Y122.275 E62.3889
G1 X102.725 Y102.785 E63.04861
G1 X103.121 Y102.726 F7800
G1 X104.118 Y103.844
;TYPE:Internal infill
;WIDTH:0.45
G1 F4800
G1 X106.56 Y103.844 E63.13127
G1 X106.843 Y104.638 E63.1598
G1 X106.88 Y105.075 E63.17464
G1 X106.62 Y105.512 E63.19185
G1 X105.184 Y106.385 E63.24873
G1 X104.764 Y106.822 E63.26925
G1 X104.491 Y107.259 E63.28669
G1 X104.18 Y108.132 E63.31806
G1 X104.143 Y108.569 E63.3329
G1 X104.403 Y109.006 E63.35011
G1 X105.839 Y109.879 E63.40699
G1 X106.259 Y110.316 E63.42751
G1 X106.532 Y110.753 E63.44495
G1 X106.843 Y111.626 E63.47632
G1 X106.88 Y112.063 E63.49116
G1 X106.62 Y112.5 E63.50837
G1 X105.184 Y113.374 E63.56527
G1 X104.764 Y113.81 E63.58576
G1 X104.491 Y114.247 E63.6032
G1 X104.18 Y115.121 E63.6346
G1 X104.143 Y115.557 E63.64941
G1 X104.403 Y115.994 E63.66662
G1 X105.839 Y116.868 E63.72352
G1 X106.259 Y117.305 E63.74404
G1 X106.532 Y117.741 E63.76145
G1 X106.843 Y118.615 E63.79285
G1 X106.88 Y119.052 E63.80769
G1 X106.62 Y119.488 E63.82487
G1 X105.184 Y120.362 E63.88177
G1 X104.764 Y120.799 E63.90229
G1 X104.541 Y121.156 E63.91654
G1 X107.957 Y121.156 E64.03217
G1 X107.675 Y120.362 E64.06069
G1 X107.637 Y119.925 E64.07554
G1 X107.897 Y119.488 E64.09275
G1 X109.333 Y118.615 E64.14963
G1 X109.753 Y118.178 E64.17015
G1 X110.026 Y117.741 E64.18759
G1 X110.337 Y116.868 E64.21896
G1 X110.374 Y116.431 E64.2338
G1 X110.114 Y115.994 E64.25101
G1 X108.679 Y115.121 E64.30787
G1 X108.258 Y114.684 E64.32841
G1 X107.986 Y114.247 E64.34583
G1 X107.675 Y113.374 E64.3772
G1 X107.637 Y112.937 E64.39205
G1 X107.897 Y112.5 E64.40926
G1 X109.333 Y111.626 E64.46616
G1 X109.753 Y111.19 E64.48665
G1 X110.026 Y110.753 E64.50409
G1 X110.337 Y109.879 E64.53549
G1 X110.374 Y109.443 E64.5503
G1 X110.114 Y109.006 E64.56751
G1 X108.679 Y108.132 E64.62438
G1 X108.258 Y107.695 E64.64492
G1 X107.986 Y107.259 E64.66231
G1 X107.675 Y106.385 E64.69371
G1 X107.637 Y105.948 E64.70856
G1 X107.897 Y105.512 E64.72574
G1 X109.333 Y104.638 E64.78264
G1 X109.753 Y104.201 E64.80316
G1 X109.976 Y103.844 E64.81741
G1 X113.549 Y103.844 E64.93835
G1 X113.831 Y104.638 E64.96687
G1 X113.868 Y105.075 E64.98171
G1 X113.608 Y105.512 E64.99892
G1 X112.173 Y106.385 E65.05578
G1 X111.752 Y106.822 E65.07632
G1 X111.48 Y107.259 E65.09374
G1 X111.169 Y108.132 E65.12511
G1 X111.132 Y108.569 E65.13995
G1 X111.392 Y109.006 E65.15716
G1 X112.827 Y109.879 E65.21402
G1 X113.248 Y110.316 E65.23456
G1 X113.52 Y110.753 E65.25198
G1 X113.831 Y111.626 E65.28335
G1 X113.868 Y112.063 E65.29819
G1 X113.608 Y112.5 E65.3154
G1 X112.173 Y113.374 E65.37227
G1 X111.752 Y113.81 E65.39279
G1 X111.48 Y114.247 E65.41021
G1 X111.169 Y115.121 E65.44161
G1 X111.132 Y115.557 E65.45642
G1 X111.392 Y115.994 E65.47363
G1 X112.827 Y116.868 E65.5305
G1 X113.248 Y117.305 E65.55104
G1 X113.52 Y117.741 E65.56843
G1 X113.831 Y118.615 E65.59983
G1 X113.868 Y119.052 E65.61467
G1 X113.608 Y119.488 E65.63185
G1 X112.173 Y120.362 E65.68872
G1 X111.752 Y120.799 E65.70926
G1 X111.53 Y121.156 E65.72349
G1 X114.946 Y121.156 E65.83912
G1 X114.663 Y120.362 E65.86765
G1 X114.626 Y119.925 E65.88249
G1 X114.886 Y119.488 E65.8997
G1 X116.321 Y118.615 E65.95656
G1 X116.742 Y118.178 E65.9771
G1 X117.014 Y117.741 E65.99452
G1 X117.325 Y116.868 E66.02589
G1 X117.363 Y116.431 E66.04074
G1 X117.103 Y115.994 E66.05795
G1 X115.667 Y115.121 E66.11483
G1 X115.247 Y114.684 E66.13535
G1 X114.974 Y114.247 E66.15279
G1 X114.663 Y113.374 E66.18416
G1 X114.626 Y112.937 E66.199
G1 X114.886 Y112.5 E66.21621
G1 X116.321 Y111.626 E66.27308
G1 X116.742 Y111.19 E66.2936
G1 X117.014 Y110.753 E66.31102
G1 X117.325 Y109.879 E66.34242
G1 X117.363 Y109.443 E66.35723
G1 X117.103 Y109.006 E66.37444
G1 X115.667 Y108.132 E66.43134
G1 X115.247 Y107.695 E66.45186
G1 X114.974 Y107.259 E66.46927
G1 X114.663 Y106.385 E66.50067
G1 X114.626 Y105.948 E66.51551
G1 X114.886 Y105.512 E66.53269
G1 X116.321 Y104.638 E66.58956
G1 X116.742 Y104.201 E66.6101
G1 X116.964 Y103.844 E66.62433
G1 X120.537 Y103.844 E66.74527
G1 X120.82 Y104.638 E66.7738
G1 X120.857 Y105.075 E66.78864
G1 X120.597 Y105.512 E66.80585
G1 X119.161 Y106.385 E66.86273
G1 X118.741 Y106.822 E66.88325
G1 X118.468 Y107.259 E66.90069
G1 X118.157 Y108.132 E66.93206
G1 X118.12 Y108.569 E66.9469
G1 X118.38 Y109.006 E66.96411
G1 X119.816 Y109.879 E67.02099
G1 X120.236 Y110.316 E67.04151
G1 X120.509 Y110.753 E67.05895
G1 X120.82 Y111.626 E67.09032
G1 X120.857 Y112.063 E67.10516
G1 X120.597 Y112.5 E67.12237
G1 X119.161 Y113.374 E67.17927
G1 X118.741 Y113.81 E67.19976
G1 X118.468 Y114.247 E67.2172
G1 X118.157 Y115.121 E67.2486
G1 X118.12 Y115.557 E67.26341
G1 X118.38 Y115.994 E67.28062
G1 X119.816 Y116.868 E67.33752
G1 X120.236 Y117.305 E67.35804
G1 X120.509 Y117.741 E67.37545
G1 X120.82 Y118.615 E67.40685
G1 X120.857 Y119.052 E67.42169
G1 X120.597 Y119.488 E67.43887
G1 X119.161 Y120.362 E67.49577
G1 X118.741 Y120.799 E67.51629
G1 X118.518 Y121.156 E67.53054
G1 X120.961 Y121.156 E67.61323
;LAYER_CHANGE
;Z:13.4
;HEIGHT:0.2
G1 Z13.4 F7800
G1 E65.61323 F2400
G1 Z13.4 F7800
G1 X103.539 Y103.539
G1 E67.61323 F2400
;TYPE:Perimeter
;WIDTH:0.449999
G1 F3600
G1 X121.461 Y103.539 E68.21987
G1 X121.461 Y112.5 E68.52319
G1 X121.461 Y121.461 E68.82651
G1 X103.539 Y121.461 E69.43315
G1 X103.539 Y103.599 E70.03776
G1 X103.539 Y103.599 F7800
G1 X103.132 Y103.132
G1 F3600
G1 X121.868 Y103.132 E70.67195
G1 X121.868 Y112.5 E70.98905
G1 X121.868 Y121.868 E71.30615
G1 X103.132 Y121.868 E71.94034
G1 X103.132 Y103.192 E72.5725
G1 X102.725 Y102.725 F7800
;TYPE:External perimeter
G1 F1800
G1 X122.275 Y102.725 E73.23424
G1 X122.275 Y112.5 E73.56511
G1 X122.275 Y122.275 E73.89598
G1 X102.725 Y122.275 E74.55772
G1 X102.725 Y102.785 E75.21743
G1 X103.121 Y102.726 F7800
G1 X104.036 Y103.844
;TYPE:Internal infill
;WIDTH:0.45
G1 F4800
G1 X106.478 Y103.844 E75.30009
G1 X106.626 Y104.638 E75.32743
G1 X106.533 Y105.075 E75.34255
G1 X106.187 Y105.512 E75.36142
G1 X105.106 Y106.385 E75.40845
G1 X104.771 Y106.822 E75.42709
G1 X104.56 Y107.259 E75.44352
G1 X104.398 Y108.132 E75.47357
G1 X104.49 Y108.569 E75.48869
G1 X104.836 Y109.006 E75.50756
G1 X105.918 Y109.879 E75.55462
G1 X106.252 Y110.316 E75.57324
G1 X106.463 Y110.753 E75.58967
G1 X106.626 Y111.626 E75.61973
G1 X106.533 Y112.063 E75.63485
G1 X106.187 Y112.5 E75.65372
G1 X105.106 Y113.374 E75.70077
G1 X104.771 Y113.81 E75.71938
G1 X104.56 Y114.247 E75.73581
G1 X104.398 Y115.121 E75.7659
G1 X104.49 Y115.557 E75.78098
G1 X104.836 Y115.994 E75.79985
G1 X105.918 Y116.868 E75.84693
G1 X106.252 Y117.305 E75.86555
G1 X106.463 Y117.741 E75.88195
G1 X106.626 Y118.615 E75.91204
G1 X106.533 Y119.052 E75.92716
G1 X106.187 Y119.488 E75.946
G1 X105.106 Y120.362 E75.99305
G1 X104.771 Y120.799 E76.01169
G1 X104.599 Y121.156 E76.0251
G1 X108.039 Y121.156 E76.14154
G1 X107.892 Y120.362 E76.16887
G1 X107.984 Y119.925 E76.18399
G1 X108.33 Y119.488 E76.20286
G1 X109.412 Y118.615 E76.24992
G1 X109.747 Y118.178 E76.26856
G1 X109.957 Y117.741 E76.28497
G1 X110.12 Y116.868 E76.31503
G1 X110.027 Y116.431 E76.33015
G1 X109.681 Y115.994 E76.34902
G1 X108.6 Y115.121 E76.39605
G1 X108.265 Y114.684 E76.41469
G1 X108.054 Y114.247 E76.43112
G1 X107.892 Y113.374 E76.46117
G1 X107.984 Y112.937 E76.47629
G1 X108.33 Y112.5 E76.49516
G1 X109.412 Y111.626 E76.54224
G1 X109.747 Y111.19 E76.56085
G1 X109.957 Y110.753 E76.57726
G1 X110.12 Y109.879 E76.60735
G1 X110.027 Y109.443 E76.62244
G1 X109.681 Y109.006 E76.64131
G1 X108.6 Y108.132 E76.68836
G1 X108.265 Y107.695 E76.707
G1 X108.054 Y107.259 E76.7234
G1 X107.892 Y106.385 E76.75349
G1 X107.984 Y105.948 E76.76861
G1 X108.33 Y105.512 E76.78745
G1 X109.412 Y104.638 E76.83453
G1 X109.747 Y104.201 E76.85317
G1 X109.919 Y103.844 E76.86658
G1 X113.467 Y103.844 E76.98668
G1 X113.614 Y104.638 E77.01401
G1 X113.522 Y105.075 E77.02913
G1 X113.176 Y105.512 E77.048
G1 X112.094 Y106.385 E77.09506
G1 X111.759 Y106.822 E77.1137
G1 X111.548 Y107.259 E77.13013
G1 X111.386 Y108.132 E77.16018
G1 X111.478 Y108.569 E77.1753
G1 X111.824 Y109.006 E77.19417
G1 X112.906 Y109.879 E77.24123
G1 X113.241 Y110.316 E77.25987
G1 X113.452 Y110.753 E77.2763
G1 X113.614 Y111.626 E77.30635
G1 X113.522 Y112.063 E77.32147
G1 X113.176 Y112.5 E77.34034
G1 X112.094 Y113.374 E77.38742
G1 X111.759 Y113.81 E77.40603
G1 X111.548 Y114.247 E77.42246
G1 X111.386 Y115.121 E77.45255
G1 X111.478 Y115.557 E77.46763
G1 X111.824 Y115.994 E77.4865
G1 X112.906 Y116.868 E77.53358
G1 X113.241 Y117.305 E77.55222
G1 X113.452 Y117.741 E77.56862
G1 X113.614 Y118.615 E77.59871
G1 X113.522 Y119.052 E77.61383
G1 X113.176 Y119.488 E77.63267
G1 X112.094 Y120.362 E77.67975
G1 X111.759 Y120.799 E77.69839
G1 X111.587 Y121.156 E77.7118
G1 X115.028 Y121.156 E77.82827
G1 X114.88 Y120.362 E77.85561
G1 X114.973 Y119.925 E77.87073
G1 X115.319 Y119.488 E77.8896
G1 X116.4 Y118.615 E77.93663
G1 X116.735 Y118.178 E77.95527
G1 X116.946 Y117.741 E77.9717
G1 X117.108 Y116.868 E78.00175
G1 X117.016 Y116.431 E78.01687
G1 X116.67 Y115.994 E78.03574
G1 X115.588 Y115.121 E78.0828
G1 X115.253 Y114.684 E78.10144
G1 X115.043 Y114.247 E78.11785
G1 X114.88 Y113.374 E78.14791
G1 X114.973 Y112.937 E78.16303
G1 X115.319 Y112.5 E78.1819
G1 X116.4 Y111.626 E78.22895
G1 X116.735 Y111.19 E78.24756
G1 X116.946 Y110.753 E78.26399
G1 X117.108 Y109.879 E78.29408
G1 X117.016 Y109.443 E78.30916
G1 X116.67 Y109.006 E78.32803
G1 X115.588 Y108.132 E78.37511
G1 X115.253 Y107.695 E78.39375
G1 X115.043 Y107.259 E78.41013
G1 X114.88 Y106.385 E78.44022
G1 X114.973 Y105.948 E78.45534
G1 X115.319 Y105.512 E78.47418
G1 X116.4 Y104.638 E78.52123
G1 X116.735 Y104.201 E78.53987
G1 X116.907 Y103.844 E78.55328
G1 X120.455 Y103.844 E78.67338
G1 X120.602 Y104.638 E78.70071
G1 X120.51 Y105.075 E78.71583
G1 X120.164 Y105.512 E78.7347
G1 X119.082 Y106.385 E78.78176
G1 X118.748 Y106.822 E78.80038
G1 X118.537 Y107.259 E78.81681
G1 X118.374 Y108.132 E78.84687
G1 X118.467 Y108.569 E78.86199
G1 X118.813 Y109.006 E78.88086
G1 X119.894 Y109.879 E78.92789
G1 X120.229 Y110.316 E78.94653
G1 X120.44 Y110.753 E78.96296
G1 X120.602 Y111.626 E78.99301
G1 X120.51 Y112.063 E79.00813
G1 X120.164 Y112.5 E79.027
G1 X119.082 Y113.374 E79.07408
G1 X118.748 Y113.81 E79.09267
G1 X118.537 Y114.247 E79.1091
G1 X118.374 Y115.121 E79.13919
G1 X118.467 Y115.557 E79.15428
G1 X118.813 Y115.994 E79.17315
G1 X119.894 Y116.868 E79.2202
G1 X120.229 Y117.305 E79.23884
G1 X120.44 Y117.741 E79.25524
G1 X120.602 Y118.615 E79.28533
G1 X120.51 Y119.052 E79.30045
G1 X120.164 Y119.488 E79.31929
G1 X119.082 Y120.362 E79.36637
G1 X118.748 Y120.799 E79.38499
G1 X118.575 Y121.156 E79.39842
G1 X121.018 Y121.156 E79.48111
;LAYER_CHANGE
;Z:13.6
;HEIGHT:0.200001
G1 Z13.6 F7800
G1 E77.48111 F2400
G1 Z13.6 F7800
G1 X103.539 Y103.539
G1 E79.48111 F2400
;TYPE:Perimeter
;WIDTH:0.449999
G1 F3600
G1 X121.461 Y103.539 E80.08775
G1 X121.461 Y112.5 E80.39107
G1 X121.461 Y121.461 E80.69439
G1 X103.539 Y121.461 E81.30103
G1 X103.539 Y103.599 E81.90564
G1 X103.539 Y103.599 F7800
G1 X103.132 Y103.132
G1 F3600
G1 X121.868 Y103.132 E82.53983
G1 X121.868 Y112.5 E82.85693
G1 X121.868 Y121.868 E83.17403
G1 X103.132 Y121.868 E83.80822
G1 X103.132 Y103.192 E84.44038
G1 X102.725 Y102.725 F7800
;TYPE:External perimeter
G1 F1800
G1 X122.275 Y102.725 E85.10212
G1 X122.275 Y112.5 E85.43299
G1 X122.275 Y122.275 E85.76386
G1 X102.725 Y122.275 E86.4256
G1 X102.725 Y102.785 E87.08531
G1 X103.121 Y102.726 F7800
G1 X103.987 Y103.844
;TYPE:Internal infill
;WIDTH:0.45
G1 F4800
G1 X106.429 Y103.844 E87.16797
G1 X106.481 Y104.201 E87.18018
G1 X106.45 Y104.638 E87.19501
G1 X106.281 Y105.075 E87.21087
G1 X105.019 Y106.385 E87.27244
G1 X104.757 Y106.822 E87.28969
G1 X104.606 Y107.259 E87.30534
G1 X104.542 Y107.695 E87.32026
G1 X104.573 Y108.132 E87.33509
G1 X104.742 Y108.569 E87.35095
G1 X106.004 Y109.879 E87.41252
G1 X106.266 Y110.316 E87.42977
G1 X106.418 Y110.753 E87.44543
G1 X106.481 Y111.19 E87.46037
G1 X106.45 Y111.626 E87.47517
G1 X106.281 Y112.063 E87.49103
G1 X105.019 Y113.374 E87.55263
G1 X104.757 Y113.81 E87.56985
G1 X104.606 Y114.247 E87.5855
G1 X104.542 Y114.684 E87.60045
G1 X104.573 Y115.121 E87.61528
G1 X104.742 Y115.557 E87.63111
G1 X106.004 Y116.868 E87.69271
G1 X106.266 Y117.305 E87.70996
G1 X106.418 Y117.741 E87.72559
G1 X106.481 Y118.178 E87.74053
G1 X106.45 Y118.615 E87.75536
G1 X106.281 Y119.052 E87.77122
G1 X105.019 Y120.362 E87.83279
G1 X104.757 Y120.799 E87.85004
G1 X104.633 Y121.156 E87.86283
G1 X108.088 Y121.156 E87.97978
G1 X108.036 Y120.799 E87.99199
G1 X108.067 Y120.362 E88.00682
G1 X108.236 Y119.925 E88.02268
G1 X109.498 Y118.615 E88.08425
G1 X109.761 Y118.178 E88.10151
G1 X109.912 Y117.741 E88.11716
G1 X109.975 Y117.305 E88.13207
G1 X109.945 Y116.868 E88.1469
G1 X109.775 Y116.431 E88.16277
G1 X108.514 Y115.121 E88.22432
G1 X108.251 Y114.684 E88.24158
G1 X108.1 Y114.247 E88.25723
G1 X108.036 Y113.81 E88.27218
G1 X108.067 Y113.374 E88.28698
G1 X108.236 Y112.937 E88.30284
G1 X109.498 Y111.626 E88.36444
G1 X109.761 Y111.19 E88.38168
G1 X109.912 Y110.753 E88.39733
G1 X109.975 Y110.316 E88.41227
G1 X109.945 Y109.879 E88.4271
G1 X109.775 Y109.443 E88.44294
G1 X108.514 Y108.132 E88.50451
G1 X108.251 Y107.695 E88.52177
G1 X108.1 Y107.259 E88.53739
G1 X108.036 Y106.822 E88.55234
G1 X108.067 Y106.385 E88.56717
G1 X108.236 Y105.948 E88.58303
G1 X109.498 Y104.638 E88.6446
G1 X109.761 Y104.201 E88.66186
G1 X109.884 Y103.844 E88.67464
G1 X113.418 Y103.844 E88.79426
G1 X113.469 Y104.201 E88.80647
G1 X113.439 Y104.638 E88.8213
G1 X113.27 Y105.075 E88.83716
G1 X112.008 Y106.385 E88.89873
G1 X111.745 Y106.822 E88.91599
G1 X111.594 Y107.259 E88.93164
G1 X111.531 Y107.695 E88.94655
G1 X111.561 Y108.132 E88.96138
G1 X111.73 Y108.569 E88.97724
G1 X112.992 Y109.879 E89.03881
G1 X113.255 Y110.316 E89.05607
G1 X113.406 Y110.753 E89.07172
G1 X113.469 Y111.19 E89.08666
G1 X113.439 Y111.626 E89.10145
G1 X113.27 Y112.063 E89.11731
G1 X112.008 Y113.374 E89.17891
G1 X111.745 Y113.81 E89.19615
G1 X111.594 Y114.247 E89.2118
G1 X111.531 Y114.684 E89.22674
G1 X111.561 Y115.121 E89.24157
G1 X111.73 Y115.557 E89.2574
G1 X112.992 Y116.868 E89.319
G1 X113.255 Y117.305 E89.33626
G1 X113.406 Y117.741 E89.35188
G1 X113.469 Y118.178 E89.36682
G1 X113.439 Y118.615 E89.38165
G1 X113.27 Y119.052 E89.39751
G1 X112.008 Y120.362 E89.45908
G1 X111.745 Y120.799 E89.47634
G1 X111.622 Y121.156 E89.48912
G1 X115.077 Y121.156 E89.60607
G1 X115.025 Y120.799 E89.61828
G1 X115.055 Y120.362 E89.63311
G1 X115.225 Y119.925 E89.64898
G1 X116.487 Y118.615 E89.71055
G1 X116.749 Y118.178 E89.7278
G1 X116.9 Y117.741 E89.74345
G1 X116.964 Y117.305 E89.75837
G1 X116.933 Y116.868 E89.7732
G1 X116.764 Y116.431 E89.78906
G1 X115.502 Y115.121 E89.85063
G1 X115.239 Y114.684 E89.86789
G1 X115.088 Y114.247 E89.88354
G1 X115.025 Y113.81 E89.89848
G1 X115.055 Y113.374 E89.91327
G1 X115.225 Y112.937 E89.92914
G1 X116.487 Y111.626 E89.99074
G1 X116.749 Y111.19 E90.00796
G1 X116.9 Y110.753 E90.02361
G1 X116.964 Y110.316 E90.03856
G1 X116.933 Y109.879 E90.05339
G1 X116.764 Y109.443 E90.06922
G1 X115.502 Y108.132 E90.13082
G1 X115.239 Y107.695 E90.14808
G1 X115.088 Y107.259 E90.1637
G1 X115.025 Y106.822 E90.17864
G1 X115.055 Y106.385 E90.19347
G1 X115.225 Y105.948 E90.20934
G1 X116.487 Y104.638 E90.27091
G1 X116.749 Y104.201 E90.28816
G1 X116.873 Y103.844 E90.30095
G1 X120.406 Y103.844 E90.42054
G1 X120.458 Y104.201 E90.43275
G1 X120.427 Y104.638 E90.44758
G1 X120.258 Y105.075 E90.46344
G1 X118.996 Y106.385 E90.52501
G1 X118.734 Y106.822 E90.54226
G1 X118.582 Y107.259 E90.55792
G1 X118.519 Y107.695 E90.57283
G1 X118.55 Y108.132 E90.58766
G1 X118.719 Y108.569 E90.60352
G1 X119.981 Y109.879 E90.66509
G1 X120.243 Y110.316 E90.68234
G1 X120.394 Y110.753 E90.69799
G1 X120.458 Y111.19 E90.71294
G1 X120.427 Y111.626 E90.72774
G1 X120.258 Y112.063 E90.7436
G1 X118.996 Y113.374 E90.8052
G1 X118.734 Y113.81 E90.82242
G1 X118.582 Y114.247 E90.83808
G1 X118.519 Y114.684 E90.85302
G1 X118.55 Y115.121 E90.86785
G1 X118.719 Y115.557 E90.88368
G1 X119.981 Y116.868 E90.94528
G1 X120.243 Y117.305 E90.96253
G1 X120.394 Y117.741 E90.97815
G1 X120.458 Y118.178 E90.9931
G1 X120.427 Y118.615 E91.00793
G1 X120.258 Y119.052 E91.02379
G1 X118.996 Y120.362 E91.08536
G1 X118.734 Y120.799 E91.10261
G1 X118.61 Y121.156 E91.1154
G1 X121.053 Y121.156 E91.19809
;LAYER_CHANGE
;Z:13.8
;HEIGHT:0.2
G1 Z13.8 F7800
G1 E89.19809 F2400
G1 Z13.8 F7800
G1 X103.539 Y103.539
G1 E91.19809 F2400
;TYPE:Perimeter
;WIDTH:0.449999
G1 F3600
G1 X121.461 Y103.539 E91.80473
G1 X121.461 Y112.5 E92.10805
G1 X121.461 Y121.461 E92.41137
G1 X103.539 Y121.461 E93.01801
G1 X103.539 Y103.599 E93.62262
G1 X103.539 Y103.599 F7800
G1 X103.132 Y103.132
G1 F3600
G1 X121.868 Y103.132 E94.25681
G1 X121.868 Y112.5 E94.57391
G1 X121.868 Y121.868 E94.89101
G1 X103.132 Y121.868 E95.5252
G1 X103.132 Y103.192 E96.15736
G1 X102.725 Y102.725 F7800
;TYPE:External perimeter
G1 F1800
G1 X122.275 Y102.725 E96.8191
G1 X122.275 Y112.5 E97.14997
G1 X122.275 Y122.275 E97.48084
G1 X102.725 Y122.275 E98.14258
G1 X102.725 Y102.785 E98.80229
G1 X103.121 Y102.726 F7800
G1 E96.80229 F2400
G92 E0
G1 X110.939 Y103.844 F7800
G1 E2 F2400
;TYPE:Internal infill
;WIDTH:0.45
G1 F4800
G1 X113.382 Y103.844 E2.08269
G1 X113.386 Y104.201 E2.09477
G1 X113.294 Y104.638 E2.10989
G1 X113.065 Y105.075 E2.12659
G1 X112.243 Y105.948 E2.16718
G1 X111.911 Y106.385 E2.18576
G1 X111.713 Y106.822 E2.202
G1 X111.619 Y107.259 E2.21713
G1 X111.614 Y107.695 E2.23189
G1 X111.706 Y108.132 E2.24701
G1 X111.935 Y108.569 E2.26371
G1 X112.757 Y109.443 E2.30432
G1 X113.089 Y109.879 E2.32287
G1 X113.287 Y110.316 E2.33911
G1 X113.381 Y110.753 E2.35424
G1 X113.386 Y111.19 E2.36903
G1 X113.294 Y111.626 E2.38411
G1 X113.065 Y112.063 E2.40081
G1 X112.243 Y112.937 E2.44142
G1 X111.911 Y113.374 E2.46
G1 X111.713 Y113.81 E2.47621
G1 X111.619 Y114.247 E2.49134
G1 X111.614 Y114.684 E2.50613
G1 X111.706 Y115.121 E2.52125
G1 X111.935 Y115.557 E2.53792
G1 X112.757 Y116.431 E2.57853
G1 X113.089 Y116.868 E2.59711
G1 X113.287 Y117.305 E2.61335
G1 X113.381 Y117.741 E2.62845
G1 X113.386 Y118.178 E2.64324
G1 X113.294 Y118.615 E2.65836
G1 X113.065 Y119.052 E2.67506
G1 X112.243 Y119.925 E2.71565
G1 X111.911 Y120.362 E2.73423
G1 X111.713 Y120.799 E2.75047
G1 X111.637 Y121.156 E2.76282
G1 X115.113 Y121.156 E2.88048
G1 X115.108 Y120.799 E2.89257
G1 X115.2 Y120.362 E2.90769
G1 X115.429 Y119.925 E2.92439
G1 X116.251 Y119.052 E2.96498
G1 X116.583 Y118.615 E2.98356
G1 X116.781 Y118.178 E2.9998
G1 X116.875 Y117.741 E3.01493
G1 X116.881 Y117.305 E3.02969
G1 X116.788 Y116.868 E3.04481
G1 X116.56 Y116.431 E3.06149
G1 X115.737 Y115.557 E3.10213
G1 X115.406 Y115.121 E3.12066
G1 X115.207 Y114.684 E3.13691
G1 X115.114 Y114.247 E3.15203
G1 X115.108 Y113.81 E3.16682
G1 X115.2 Y113.374 E3.1819
G1 X115.429 Y112.937 E3.1986
G1 X116.251 Y112.063 E3.23921
G1 X116.583 Y111.626 E3.25779
G1 X116.781 Y111.19 E3.274
G1 X116.875 Y110.753 E3.28913
G1 X116.881 Y110.316 E3.30392
G1 X116.788 Y109.879 E3.31904
G1 X116.56 Y109.443 E3.33569
G1 X115.737 Y108.569 E3.37633
G1 X115.406 Y108.132 E3.39489
G1 X115.207 Y107.695 E3.41114
G1 X115.114 Y107.259 E3.42623
G1 X115.108 Y106.822 E3.44102
G1 X115.2 Y106.385 E3.45614
G1 X115.429 Y105.948 E3.47284
G1 X116.251 Y105.075 E3.51343
G1 X116.583 Y104.638 E3.53201
G1 X116.781 Y104.201 E3.54825
G1 X116.858 Y103.844 E3.56061
G1 X120.37 Y103.844 E3.67949
G1 X120.375 Y104.201 E3.69158
G1 X120.282 Y104.638 E3.7067
G1 X120.054 Y105.075 E3.72338
G1 X119.231 Y105.948 E3.76399
G1 X118.9 Y106.385 E3.78255
G1 X118.702 Y106.822 E3.79879
G1 X118.608 Y107.259 E3.81392
G1 X118.602 Y107.695 E3.82868
G1 X118.695 Y108.132 E3.8438
G1 X118.923 Y108.569 E3.86048
G1 X119.746 Y109.443 E3.90112
G1 X120.077 Y109.879 E3.91965
G1 X120.275 Y110.316 E3.93589
G1 X120.369 Y110.753 E3.95102
G1 X120.375 Y111.19 E3.96581
G1 X120.282 Y111.626 E3.9809
G1 X120.054 Y112.063 E3.99758
G1 X119.231 Y112.937 E4.03822
G1 X118.9 Y113.374 E4.05678
G1 X118.702 Y113.81 E4.07299
G1 X118.608 Y114.247 E4.08812
G1 X118.602 Y114.684 E4.10291
G1 X118.695 Y115.121 E4.11803
G1 X118.923 Y115.557 E4.13468
G1 X119.746 Y116.431 E4.17532
G1 X120.077 Y116.868 E4.19388
G1 X120.275 Y117.305 E4.21012
G1 X120.369 Y117.741 E4.22522
G1 X120.375 Y118.178 E4.24001
G1 X120.282 Y118.615 E4.25513
G1 X120.054 Y119.052 E4.27181
G1 X119.231 Y119.925 E4.31242
G1 X118.9 Y120.362 E4.33098
G1 X118.702 Y120.799 E4.34722
G1 X118.625 Y121.156 E4.35958
G1 X121.067 Y121.156 E4.44224
G1 E2.44224 F2400
G92 E0
G1 X121.067 Y121.156 F7800
G1 X110.567 Y121.156
G1 E2 F2400
G1 F4800
G1 X108.124 Y121.156 E2.08269
G1 X108.119 Y120.799 E2.09478
G1 X108.212 Y120.362 E2.1099
G1 X108.44 Y119.925 E2.12658
G1 X109.263 Y119.052 E2.16719
G1 X109.594 Y118.615 E2.18575
G1 X109.793 Y118.178 E2.202
G1 X109.886 Y117.741 E2.21712
G1 X109.892 Y117.305 E2.23188
G1 X109.8 Y116.868 E2.247
G1 X109.571 Y116.431 E2.2637
G1 X108.749 Y115.557 E2.30431
G1 X108.417 Y115.121 E2.32286
G1 X108.219 Y114.684 E2.3391
G1 X108.125 Y114.247 E2.35423
G1 X108.119 Y113.81 E2.36902
G1 X108.212 Y113.374 E2.38411
G1 X108.44 Y112.937 E2.40079
G1 X109.263 Y112.063 E2.44143
G1 X109.594 Y111.626 E2.45999
G1 X109.793 Y111.19 E2.47621
G1 X109.886 Y110.753 E2.49133
G1 X109.892 Y110.316 E2.50612
G1 X109.8 Y109.879 E2.52124
G1 X109.571 Y109.443 E2.53791
G1 X108.749 Y108.569 E2.57852
G1 X108.417 Y108.132 E2.5971
G1 X108.219 Y107.695 E2.61334
G1 X108.125 Y107.259 E2.62844
G1 X108.119 Y106.822 E2.64323
G1 X108.212 Y106.385 E2.65835
G1 X108.44 Y105.948 E2.67503
G1 X109.263 Y105.075 E2.71564
G1 X109.594 Y104.638 E2.7342
G1 X109.793 Y104.201 E2.75045
G1 X109.869 Y103.844 E2.7628
G1 X106.393 Y103.844 E2.88046
G1 X106.398 Y104.201 E2.89255
G1 X106.305 Y104.638 E2.90767
G1 X106.077 Y105.075 E2.92435
G1 X105.254 Y105.948 E2.96496
G1 X104.923 Y106.385 E2.98352
G1 X104.725 Y106.822 E2.99976
G1 X104.631 Y107.259 E3.01489
G1 X104.625 Y107.695 E3.02965
G1 X104.718 Y108.132 E3.04477
G1 X104.946 Y108.569 E3.06145
G1 X105.769 Y109.443 E3.10209
G1 X106.1 Y109.879 E3.12062
G1 X106.298 Y110.316 E3.13686
G1 X106.392 Y110.753 E3.15199
G1 X106.398 Y111.19 E3.16678
G1 X106.305 Y111.626 E3.18187
G1 X106.077 Y112.063 E3.19855
G1 X105.254 Y112.937 E3.23919
G1 X104.923 Y113.374 E3.25775
G1 X104.725 Y113.81 E3.27396
G1 X104.631 Y114.247 E3.28909
G1 X104.625 Y114.684 E3.30388
G1 X104.718 Y115.121 E3.319
G1 X104.946 Y115.557 E3.33565
G1 X105.769 Y116.431 E3.37629
G1 X106.1 Y116.868 E3.39485
G1 X106.298 Y117.305 E3.41109
G1 X106.392 Y117.741 E3.42619
G1 X106.398 Y118.178 E3.44098
G1 X106.305 Y118.615 E3.4561
G1 X106.077 Y119.052 E3.47278
G1 X105.254 Y119.925 E3.51339
G1 X104.923 Y120.362 E3.53195
G1 X104.725 Y120.799 E3.54819
G1 X104.648 Y121.156 E3.56055
G1 X103.844 Y121.156 E3.58776
G1 X103.844 Y119.517 E3.64324
;LAYER_CHANGE
;Z:14
;HEIGHT:0.2
G1 Z14 F7800
G1 E1.64324 F2400
G1 Z14 F7800
G1 X103.539 Y103.539
G1 E3.64324 F2400
;TYPE:Perimeter
;WIDTH:0.449999
G1 F3600
G1 X121.461 Y103.539 E4.24988
G1 X121.461 Y112.5 E4.5532
G1 X121.461 Y121.461 E4.85652
G1 X103.539 Y121.461 E5.46316
G1 X103.539 Y103.599 E6.06777
G1 X103.539 Y103.599 F7800
G1 X103.132 Y103.132
G1 F3600
G1 X121.868 Y103.132 E6.70196
G1 X121.868 Y112.5 E7.01906
G1 X121.868 Y121.868 E7.33616
G1 X103.132 Y121.868 E7.97035
G1 X103.132 Y103.192 E8.60251
G1 X102.725 Y102.725 F7800
;TYPE:External perimeter
G1 F1800
G1 X122.275 Y102.725 E9.26425
G1 X122.275 Y112.5 E9.59512
G1 X122.275 Y122.275 E9.92599
G1 X102.725 Y122.275 E10.58773
G1 X102.725 Y102.785 E11.24744
G1 X103.121 Y102.726 F7800
G1 X103.934 Y103.844
;TYPE:Internal infill
;WIDTH:0.45
G1 F4800
G1 X106.376 Y103.844 E11.3301
G1 X106.335 Y104.201 E11.34226
G1 X106.183 Y104.638 E11.35792
G1 X105.898 Y105.075 E11.37558
G1 X105.085 Y105.948 E11.41596
G1 X104.814 Y106.385 E11.43337
G1 X104.675 Y106.822 E11.44889
G1 X104.638 Y107.259 E11.46373
G1 X104.688 Y107.695 E11.47858
G1 X104.84 Y108.132 E11.49424
G1 X105.125 Y108.569 E11.5119
G1 X105.938 Y109.443 E11.5523
G1 X106.21 Y109.879 E11.56969
G1 X106.348 Y110.316 E11.5852
G1 X106.385 Y110.753 E11.60004
G1 X106.335 Y111.19 E11.61493
G1 X106.183 Y111.626 E11.63056
G1 X105.898 Y112.063 E11.64822
G1 X105.085 Y112.937 E11.68862
G1 X104.814 Y113.374 E11.70603
G1 X104.675 Y113.81 E11.72152
G1 X104.638 Y114.247 E11.73636
G1 X104.688 Y114.684 E11.75125
G1 X104.84 Y115.121 E11.76691
G1 X105.125 Y115.557 E11.78454
G1 X105.938 Y116.431 E11.82494
G1 X106.21 Y116.868 E11.84236
G1 X106.348 Y117.305 E11.85787
G1 X106.385 Y117.741 E11.87268
G1 X106.335 Y118.178 E11.88757
G1 X106.183 Y118.615 E11.90323
G1 X105.898 Y119.052 E11.92089
G1 X105.085 Y119.925 E11.96127
G1 X104.814 Y120.362 E11.97868
G1 X104.675 Y120.799 E11.9942
G1 X104.645 Y121.156 E12.00633
G1 X108.141 Y121.156 E12.12467
G1 X108.183 Y120.799 E12.13684
G1 X108.335 Y120.362 E12.1525
G1 X108.619 Y119.925 E12.17014
G1 X109.432 Y119.052 E12.21052
G1 X109.704 Y118.615 E12.22794
G1 X109.842 Y118.178 E12.24345
G1 X109.879 Y117.741 E12.25829
G1 X109.829 Y117.305 E12.27314
G1 X109.677 Y116.868 E12.2888
G1 X109.392 Y116.431 E12.30646
G1 X108.579 Y115.557 E12.34686
G1 X108.308 Y115.121 E12.36424
G1 X108.17 Y114.684 E12.37975
G1 X108.132 Y114.247 E12.3946
G1 X108.183 Y113.81 E12.40949
G1 X108.335 Y113.374 E12.42512
G1 X108.619 Y112.937 E12.44276
G1 X109.432 Y112.063 E12.48316
G1 X109.704 Y111.626 E12.50058
G1 X109.842 Y111.19 E12.51606
G1 X109.879 Y110.753 E12.5309
G1 X109.829 Y110.316 E12.54579
G1 X109.677 Y109.879 E12.56145
G1 X109.392 Y109.443 E12.57908
G1 X108.579 Y108.569 E12.61948
G1 X108.308 Y108.132 E12.63689
G1 X108.17 Y107.695 E12.6524
G1 X108.132 Y107.259 E12.66721
G1 X108.183 Y106.822 E12.6821
G1 X108.335 Y106.385 E12.69776
G1 X108.619 Y105.948 E12.7154
G1 X109.432 Y105.075 E12.75578
G1 X109.704 Y104.638 E12.7732
G1 X109.842 Y104.201 E12.78871
G1 X109.873 Y103.844 E12.80084
G1 X113.364 Y103.844 E12.91901
G1 X113.323 Y104.201 E12.93117
G1 X113.171 Y104.638 E12.94683
G1 X112.887 Y105.075 E12.96447
G1 X112.073 Y105.948 E13.00487
G1 X111.802 Y106.385 E13.02228
G1 X111.664 Y106.822 E13.03779
G1 X111.626 Y107.259 E13.05264
G1 X111.677 Y107.695 E13.0675
G1 X111.829 Y108.132 E13.08316
G1 X112.113 Y108.569 E13.1008
G1 X112.927 Y109.443 E13.14123
G1 X113.198 Y109.879 E13.15861
G1 X113.336 Y110.316 E13.17412
G1 X113.374 Y110.753 E13.18897
G1 X113.323 Y111.19 E13.20386
G1 X113.171 Y111.626 E13.21949
G1 X112.887 Y112.063 E13.23713
G1 X112.073 Y112.937 E13.27756
G1 X111.802 Y113.374 E13.29497
G1 X111.664 Y113.81 E13.31045
G1 X111.626 Y114.247 E13.3253
G1 X111.677 Y114.684 E13.34019
G1 X111.829 Y115.121 E13.35585
G1 X112.113 Y115.557 E13.37346
G1 X112.927 Y116.431 E13.41389
G1 X113.198 Y116.868 E13.4313
G1 X113.336 Y117.305 E13.44681
G1 X113.374 Y117.741 E13.46162
G1 X113.323 Y118.178 E13.47651
G1 X113.171 Y118.615 E13.49217
G1 X112.887 Y119.052 E13.50981
G1 X112.073 Y119.925 E13.55021
G1 X111.802 Y120.362 E13.56762
G1 X111.664 Y120.799 E13.58313
G1 X111.633 Y121.156 E13.59526
G1 X115.13 Y121.156 E13.71363
G1 X115.171 Y120.799 E13.72579
G1 X115.323 Y120.362 E13.74145
G1 X115.608 Y119.925 E13.75911
G1 X116.421 Y119.052 E13.79949
G1 X116.692 Y118.615 E13.8169
G1 X116.83 Y118.178 E13.83241
G1 X116.868 Y117.741 E13.84726
G1 X116.817 Y117.305 E13.86212
G1 X116.665 Y116.868 E13.87778
G1 X116.381 Y116.431 E13.89542
G1 X115.568 Y115.557 E13.93582
G1 X115.296 Y115.121 E13.95321
G1 X115.158 Y114.684 E13.96872
G1 X115.121 Y114.247 E13.98356
G1 X115.171 Y113.81 E13.99845
G1 X115.323 Y113.374 E14.01408
G1 X115.608 Y112.937 E14.03174
G1 X116.421 Y112.063 E14.07214
G1 X116.692 Y111.626 E14.08955
G1 X116.83 Y111.19 E14.10503
G1 X116.868 Y110.753 E14.11988
G1 X116.817 Y110.316 E14.13477
G1 X116.665 Y109.879 E14.15043
G1 X116.381 Y109.443 E14.16804
G1 X115.568 Y108.569 E14.20844
G1 X115.296 Y108.132 E14.22586
G1 X115.158 Y107.695 E14.24137
G1 X115.121 Y107.259 E14.25618
G1 X115.171 Y106.822 E14.27107
G1 X115.323 Y106.385 E14.28673
G1 X115.608 Y105.948 E14.30439
G1 X116.421 Y105.075 E14.34477
G1 X116.692 Y104.638 E14.36218
G1 X116.83 Y104.201 E14.37769
G1 X116.861 Y103.844 E14.38982
G1 X120.353 Y103.844 E14.50802
G1 X120.312 Y104.201 E14.52018
G1 X120.16 Y104.638 E14.53584
G1 X119.875 Y105.075 E14.5535
G1 X119.062 Y105.948 E14.59388
G1 X118.79 Y106.385 E14.6113
G1 X118.652 Y106.822 E14.62681
G1 X118.615 Y107.259 E14.64165
G1 X118.665 Y107.695 E14.6565
G1 X118.817 Y108.132 E14.67216
G1 X119.102 Y108.569 E14.68982
G1 X119.915 Y109.443 E14.73022
G1 X120.186 Y109.879 E14.7476
G1 X120.325 Y110.316 E14.76312
G1 X120.362 Y110.753 E14.77796
G1 X120.312 Y111.19 E14.79285
G1 X120.16 Y111.626 E14.80848
G1 X119.875 Y112.063 E14.82614
G1 X119.062 Y112.937 E14.86654
G1 X118.79 Y113.374 E14.88396
G1 X118.652 Y113.81 E14.89944
G1 X118.615 Y114.247 E14.91428
G1 X118.665 Y114.684 E14.92917
G1 X118.817 Y115.121 E14.94483
G1 X119.102 Y115.557 E14.96246
G1 X119.915 Y116.431 E15.00286
G1 X120.186 Y116.868 E15.02027
G1 X120.325 Y117.305 E15.03579
G1 X120.362 Y117.741 E15.0506
G1 X120.312 Y118.178 E15.06549
G1 X120.16 Y118.615 E15.08115
G1 X119.875 Y119.052 E15.09881
G1 X119.062 Y119.925 E15.13919
G1 X118.79 Y120.362 E15.15661
G1 X118.652 Y120.799 E15.17212
G1 X118.622 Y121.156 E15.18425
G1 X121.064 Y121.156 E15.26691
;LAYER_CHANGE
;Z:14.2
;HEIGHT:0.2
G1 Z14.2 F7800
G1 E13.26691 F2400
G1 Z14.2 F7800
G1 X103.539 Y103.539
G1 E15.26691 F2400
;TYPE:Perimeter
;WIDTH:0.449999
G1 F3600
G1 X121.461 Y103.539 E15.87355
G1 X121.461 Y112.5 E16.17687
G1 X121.461 Y121.461 E16.48019
G1 X103.539 Y121.461 E17.08683
G1 X103.539 Y103.599 E17.69144
G1 X103.539 Y103.599 F7800
G1 X103.132 Y103.132
G1 F3600
G1 X121.868 Y103.132 E18.32563
G1 X121.868 Y112.5 E18.64273
G1 X121.868 Y121.868 E18.95983
G1 X103.132 Y121.868 E19.59402
G1 X103.132 Y103.192 E20.22618
G1 X102.725 Y102.725 F7800
;TYPE:External perimeter
G1 F1800
G1 X122.275 Y102.725 E20.88792
G1 X122.275 Y112.5 E21.21879
G1 X122.275 Y122.275 E21.54966
G1 X102.725 Y122.275 E22.2114
G1 X102.725 Y102.785 E22.87111
G1 X103.121 Y102.726 F7800
G1 X103.934 Y103.844
;TYPE:Internal infill
;WIDTH:0.45
G1 F4800
G1 X106.377 Y103.844 E22.9538
G1 X106.289 Y104.201 E22.96625
G1 X106.077 Y104.638 E22.98269
G1 X104.902 Y105.948 E23.04226
G1 X104.686 Y106.385 E23.05876
G1 X104.608 Y106.822 E23.07379
G1 X104.627 Y107.259 E23.0886
G1 X104.734 Y107.695 E23.1038
G1 X104.946 Y108.132 E23.12024
G1 X106.121 Y109.443 E23.17983
G1 X106.337 Y109.879 E23.1963
G1 X106.415 Y110.316 E23.21133
G1 X106.396 Y110.753 E23.22614
G1 X106.289 Y111.19 E23.24137
G1 X106.077 Y111.626 E23.25778
G1 X104.902 Y112.937 E23.31737
G1 X104.686 Y113.374 E23.33387
G1 X104.608 Y113.81 E23.34886
G1 X104.627 Y114.247 E23.36367
G1 X104.734 Y114.684 E23.3789
G1 X104.946 Y115.121 E23.39534
G1 X106.121 Y116.431 E23.45491
G1 X106.337 Y116.868 E23.47141
G1 X106.415 Y117.305 E23.48644
G1 X106.396 Y117.741 E23.50121
G1 X106.289 Y118.178 E23.51644
G1 X106.077 Y118.615 E23.53288
G1 X104.902 Y119.925 E23.59245
G1 X104.686 Y120.362 E23.60895
G1 X104.608 Y120.799 E23.62398
G1 X104.623 Y121.156 E23.63607
G1 X108.141 Y121.156 E23.75515
G1 X108.228 Y120.799 E23.76759
G1 X108.441 Y120.362 E23.78405
G1 X109.616 Y119.052 E23.84362
G1 X109.831 Y118.615 E23.86011
G1 X109.91 Y118.178 E23.87514
G1 X109.891 Y117.741 E23.88995
G1 X109.784 Y117.305 E23.90515
G1 X109.571 Y116.868 E23.92161
G1 X109.224 Y116.431 E23.9405
G1 X108.396 Y115.557 E23.98125
G1 X108.181 Y115.121 E23.9977
G1 X108.102 Y114.684 E24.01273
G1 X108.121 Y114.247 E24.02754
G1 X108.228 Y113.81 E24.04277
G1 X108.441 Y113.374 E24.0592
G1 X109.616 Y112.063 E24.11879
G1 X109.831 Y111.626 E24.13528
G1 X109.91 Y111.19 E24.15028
G1 X109.891 Y110.753 E24.16509
G1 X109.784 Y110.316 E24.18032
G1 X109.571 Y109.879 E24.19678
G1 X108.396 Y108.569 E24.25635
G1 X108.181 Y108.132 E24.27284
G1 X108.102 Y107.695 E24.28787
G1 X108.121 Y107.259 E24.30264
G1 X108.228 Y106.822 E24.31787
G1 X108.441 Y106.385 E24.33433
G1 X108.787 Y105.948 E24.3532
G1 X109.616 Y105.075 E24.39395
G1 X109.831 Y104.638 E24.41044
G1 X109.91 Y104.201 E24.42547
G1 X109.894 Y103.844 E24.43757
G1 X113.365 Y103.844 E24.55506
G1 X113.278 Y104.201 E24.5675
G1 X113.065 Y104.638 E24.58396
G1 X111.89 Y105.948 E24.64353
G1 X111.675 Y106.385 E24.66002
G1 X111.596 Y106.822 E24.67505
G1 X111.615 Y107.259 E24.68986
G1 X111.722 Y107.695 E24.70506
G1 X111.935 Y108.132 E24.72152
G1 X113.11 Y109.443 E24.78111
G1 X113.325 Y109.879 E24.79756
G1 X113.404 Y110.316 E24.81259
G1 X113.385 Y110.753 E24.8274
G1 X113.278 Y111.19 E24.84263
G1 X113.065 Y111.626 E24.85906
G1 X111.89 Y112.937 E24.91865
G1 X111.675 Y113.374 E24.93514
G1 X111.596 Y113.81 E24.95014
G1 X111.615 Y114.247 E24.96495
G1 X111.722 Y114.684 E24.98018
G1 X111.935 Y115.121 E24.99664
G1 X113.11 Y116.431 E25.05621
G1 X113.325 Y116.868 E25.0727
G1 X113.404 Y117.305 E25.08773
G1 X113.385 Y117.741 E25.1025
G1 X113.278 Y118.178 E25.11773
G1 X113.065 Y118.615 E25.13419
G1 X111.89 Y119.925 E25.19376
G1 X111.675 Y120.362 E25.21025
G1 X111.596 Y120.799 E25.22528
G1 X111.612 Y121.156 E25.23738
G1 X115.129 Y121.156 E25.35643
G1 X115.216 Y120.799 E25.36887
G1 X115.429 Y120.362 E25.38533
G1 X116.604 Y119.052 E25.4449
G1 X116.819 Y118.615 E25.46139
G1 X116.898 Y118.178 E25.47642
G1 X116.879 Y117.741 E25.49123
G1 X116.772 Y117.305 E25.50643
G1 X116.559 Y116.868 E25.52289
G1 X115.384 Y115.557 E25.58248
G1 X115.169 Y115.121 E25.59893
G1 X115.09 Y114.684 E25.61396
G1 X115.109 Y114.247 E25.62877
G1 X115.216 Y113.81 E25.644
G1 X115.429 Y113.374 E25.66043
G1 X116.604 Y112.063 E25.72002
G1 X116.819 Y111.626 E25.73651
G1 X116.898 Y111.19 E25.75151
G1 X116.879 Y110.753 E25.76632
G1 X116.772 Y110.316 E25.78155
G1 X116.559 Y109.879 E25.79801
G1 X115.384 Y108.569 E25.85758
G1 X115.169 Y108.132 E25.87407
G1 X115.09 Y107.695 E25.8891
G1 X115.109 Y107.259 E25.90387
G1 X115.216 Y106.822 E25.9191
G1 X115.429 Y106.385 E25.93556
G1 X115.776 Y105.948 E25.95445
G1 X116.604 Y105.075 E25.99518
G1 X116.819 Y104.638 E26.01167
G1 X116.898 Y104.201 E26.0267
G1 X116.883 Y103.844 E26.03879
G1 X120.354 Y103.844 E26.15628
G1 X120.266 Y104.201 E26.16873
G1 X120.054 Y104.638 E26.18517
G1 X118.879 Y105.948 E26.24474
G1 X118.663 Y106.385 E26.26124
G1 X118.585 Y106.822 E26.27627
G1 X118.604 Y107.259 E26.29108
G1 X118.711 Y107.695 E26.30628
G1 X118.923 Y108.132 E26.32272
G1 X120.098 Y109.443 E26.38231
G1 X120.314 Y109.879 E26.39878
G1 X120.392 Y110.316 E26.41381
G1 X120.373 Y110.753 E26.42862
G1 X120.266 Y111.19 E26.44385
G1 X120.054 Y111.626 E26.46026
G1 X118.879 Y112.937 E26.51985
G1 X118.663 Y113.374 E26.53635
G1 X118.585 Y113.81 E26.55134
G1 X118.604 Y114.247 E26.56615
G1 X118.711 Y114.684 E26.58138
G1 X118.923 Y115.121 E26.59782
G1 X120.098 Y116.431 E26.65739
G1 X120.314 Y116.868 E26.67389
G1 X120.392 Y117.305 E26.68892
G1 X120.373 Y117.741 E26.70369
G1 X120.266 Y118.178 E26.71892
G1 X120.054 Y118.615 E26.73536
G1 X118.879 Y119.925 E26.79493
G1 X118.663 Y120.362 E26.81143
G1 X118.585 Y120.799 E26.82646
G1 X118.6 Y121.156 E26.83855
G1 X121.043 Y121.156 E26.92124
;LAYER_CHANGE
;Z:14.4
;HEIGHT:0.2
G1 Z14.4 F7800
G1 E24.92124 F2400
G1 Z14.4 F7800
G1 X103.539 Y103.539
G1 E26.92124 F2400
;TYPE:Perimeter
;WIDTH:0.449999
G1 F3600
G1 X121.461 Y103.539 E27.52788
G1 X121.461 Y112.5 E27.8312
G1 X121.461 Y121.461 E28.13452
G1 X103.539 Y121.461 E28.74116
G1 X103.539 Y103.599 E29.34577
G1 X103.539 Y103.599 F7800
G1 X103.132 Y103.132
G1 F3600
G1 X121.868 Y103.132 E29.97996
G1 X121.868 Y112.5 E30.29706
G1 X121.868 Y121.868 E30.61416
G1 X103.132 Y121.868 E31.24835
G1 X103.132 Y103.192 E31.88051
G1 X102.725 Y102.725 F7800
;TYPE:External perimeter
G1 F1800
G1 X122.275 Y102.725 E32.54225
G1 X122.275 Y112.5 E32.87312
G1 X122.275 Y122.275 E33.20399
G1 X102.725 Y122.275 E33.86573
G1 X102.725 Y102.785 E34.52544
G1 X103.121 Y102.726 F7800
G1 E32.52544 F2400
G92 E0
G1 X103.844 Y119.451 F7800
G1 E2 F2400
;TYPE:Internal infill
;WIDTH:0.45
G1 F4800
G1 X103.844 Y121.156 E2.05771
G1 X104.583 Y121.156 E2.08272
G1 X104.52 Y120.799 E2.09499
G1 X104.535 Y120.362 E2.10979
G1 X104.689 Y119.925 E2.12547
G1 X105.054 Y119.488 E2.14474
G1 X105.983 Y118.615 E2.18789
G1 X106.261 Y118.178 E2.20542
G1 X106.426 Y117.741 E2.22123
G1 X106.503 Y117.305 E2.23622
G1 X106.488 Y116.868 E2.25102
G1 X106.334 Y116.431 E2.2667
G1 X105.969 Y115.994 E2.28597
G1 X105.04 Y115.121 E2.32912
G1 X104.762 Y114.684 E2.34665
G1 X104.597 Y114.247 E2.36246
G1 X104.52 Y113.81 E2.37748
G1 X104.535 Y113.374 E2.39225
G1 X104.689 Y112.937 E2.40793
G1 X105.054 Y112.5 E2.4272
G1 X105.983 Y111.626 E2.47037
G1 X106.261 Y111.19 E2.48787
G1 X106.426 Y110.753 E2.50368
G1 X106.503 Y110.316 E2.5187
G1 X106.488 Y109.879 E2.5335
G1 X106.334 Y109.443 E2.54915
G1 X105.969 Y109.006 E2.56842
G1 X105.04 Y108.132 E2.61159
G1 X104.762 Y107.695 E2.62912
G1 X104.597 Y107.259 E2.6449
G1 X104.52 Y106.822 E2.65992
G1 X104.535 Y106.385 E2.67472
G1 X104.689 Y105.948 E2.6904
G1 X105.054 Y105.512 E2.70965
G1 X105.983 Y104.638 E2.75282
G1 X106.261 Y104.201 E2.77035
G1 X106.396 Y103.844 E2.78327
G1 X109.935 Y103.844 E2.90306
G1 X109.998 Y104.201 E2.91533
G1 X109.982 Y104.638 E2.93013
G1 X109.828 Y105.075 E2.94581
G1 X109.463 Y105.512 E2.96508
G1 X108.534 Y106.385 E3.00823
G1 X108.256 Y106.822 E3.02576
G1 X108.091 Y107.259 E3.04157
G1 X108.014 Y107.695 E3.05656
G1 X108.029 Y108.132 E3.07136
G1 X108.183 Y108.569 E3.08704
G1 X108.548 Y109.006 E3.10631
G1 X109.477 Y109.879 E3.14946
G1 X109.756 Y110.316 E3.16701
G1 X109.921 Y110.753 E3.18282
G1 X109.998 Y111.19 E3.19784
G1 X109.982 Y111.626 E3.21261
G1 X109.828 Y112.063 E3.22829
G1 X109.463 Y112.5 E3.24756
G1 X108.534 Y113.374 E3.29073
G1 X108.256 Y113.81 E3.30823
G1 X108.091 Y114.247 E3.32404
G1 X108.014 Y114.684 E3.33906
G1 X108.029 Y115.121 E3.35386
G1 X108.183 Y115.557 E3.36951
G1 X108.548 Y115.994 E3.38878
G1 X109.477 Y116.868 E3.43195
G1 X109.756 Y117.305 E3.4495
G1 X109.921 Y117.741 E3.46528
G1 X109.998 Y118.178 E3.4803
G1 X109.982 Y118.615 E3.4951
G1 X109.828 Y119.052 E3.51078
G1 X109.463 Y119.488 E3.53003
G1 X108.534 Y120.362 E3.5732
G1 X108.256 Y120.799 E3.59073
G1 X108.121 Y121.156 E3.60365
G1 X111.571 Y121.156 E3.72043
G1 X111.508 Y120.799 E3.7327
G1 X111.524 Y120.362 E3.7475
G1 X111.677 Y119.925 E3.76317
G1 X112.042 Y119.488 E3.78244
G1 X112.972 Y118.615 E3.82562
G1 X113.25 Y118.178 E3.84315
G1 X113.415 Y117.741 E3.85896
G1 X113.492 Y117.305 E3.87395
G1 X113.476 Y116.868 E3.88875
G1 X113.323 Y116.431 E3.90442
G1 X112.958 Y115.994 E3.92369
G1 X112.029 Y115.121 E3.96684
G1 X111.75 Y114.684 E3.98439
G1 X111.585 Y114.247 E4.0002
G1 X111.508 Y113.81 E4.01522
G1 X111.524 Y113.374 E4.02999
G1 X111.677 Y112.937 E4.04566
G1 X112.042 Y112.5 E4.06493
G1 X112.972 Y111.626 E4.10813
G1 X113.25 Y111.19 E4.12563
G1 X113.415 Y110.753 E4.14144
G1 X113.492 Y110.316 E4.15646
G1 X113.476 Y109.879 E4.17126
G1 X113.323 Y109.443 E4.1869
G1 X112.958 Y109.006 E4.20617
G1 X112.029 Y108.132 E4.24934
G1 X111.75 Y107.695 E4.26689
G1 X111.585 Y107.259 E4.28267
G1 X111.508 Y106.822 E4.29769
G1 X111.524 Y106.385 E4.31249
G1 X111.677 Y105.948 E4.32816
G1 X112.042 Y105.512 E4.34741
G1 X112.972 Y104.638 E4.39061
G1 X113.25 Y104.201 E4.40814
G1 X113.385 Y103.844 E4.42106
G1 X116.923 Y103.844 E4.54082
G1 X116.986 Y104.201 E4.55309
G1 X116.971 Y104.638 E4.56789
G1 X116.817 Y105.075 E4.58357
G1 X116.452 Y105.512 E4.60284
G1 X115.523 Y106.385 E4.64599
G1 X115.244 Y106.822 E4.66354
G1 X115.079 Y107.259 E4.67935
G1 X115.003 Y107.695 E4.69433
G1 X115.018 Y108.132 E4.70913
G1 X115.172 Y108.569 E4.72481
G1 X115.537 Y109.006 E4.74408
G1 X116.466 Y109.879 E4.78723
G1 X116.744 Y110.316 E4.80476
G1 X116.909 Y110.753 E4.82057
G1 X116.986 Y111.19 E4.83559
G1 X116.971 Y111.626 E4.85036
G1 X116.817 Y112.063 E4.86604
G1 X116.452 Y112.5 E4.88531
G1 X115.523 Y113.374 E4.92848
G1 X115.244 Y113.81 E4.946
G1 X115.079 Y114.247 E4.96181
G1 X115.003 Y114.684 E4.97682
G1 X115.018 Y115.121 E4.99162
G1 X115.172 Y115.557 E5.00727
G1 X115.537 Y115.994 E5.02654
G1 X116.466 Y116.868 E5.06971
G1 X116.744 Y117.305 E5.08724
G1 X116.909 Y117.741 E5.10302
G1 X116.986 Y118.178 E5.11804
G1 X116.971 Y118.615 E5.13284
G1 X116.817 Y119.052 E5.14852
G1 X116.452 Y119.488 E5.16777
G1 X115.523 Y120.362 E5.21094
G1 X115.244 Y120.799 E5.22849
G1 X115.11 Y121.156 E5.2414
G1 X118.56 Y121.156 E5.35818
G1 X118.497 Y120.799 E5.37045
G1 X118.512 Y120.362 E5.38525
G1 X118.666 Y119.925 E5.40093
G1 X119.031 Y119.488 E5.4202
G1 X119.96 Y118.615 E5.46335
G1 X120.238 Y118.178 E5.48088
G1 X120.403 Y117.741 E5.49669
G1 X120.48 Y117.305 E5.51168
G1 X120.465 Y116.868 E5.52648
G1 X120.311 Y116.431 E5.54216
G1 X119.946 Y115.994 E5.56143
G1 X119.017 Y115.121 E5.60458
G1 X118.739 Y114.684 E5.62211
G1 X118.574 Y114.247 E5.63792
G1 X118.497 Y113.81 E5.65294
G1 X118.512 Y113.374 E5.66771
G1 X118.666 Y112.937 E5.68339
G1 X119.031 Y112.5 E5.70266
G1 X119.96 Y111.626 E5.74583
G1 X120.238 Y111.19 E5.76333
G1 X120.403 Y110.753 E5.77914
G1 X120.48 Y110.316 E5.79416
G1 X120.465 Y109.879 E5.80896
G1 X120.311 Y109.443 E5.82461
G1 X119.946 Y109.006 E5.84388
G1 X119.017 Y108.132 E5.88705
G1 X118.739 Y107.695 E5.90458
G1 X118.574 Y107.259 E5.92036
G1 X118.497 Y106.822 E5.93538
G1 X118.512 Y106.385 E5.95018
G1 X118.666 Y105.948 E5.96586
G1 X119.031 Y105.512 E5.98511
G1 X119.96 Y104.638 E6.02828
G1 X120.238 Y104.201 E6.04581
G1 X120.373 Y103.844 E6.05873
G1 X121.156 Y103.844 E6.08523
G1 X121.156 Y105.504 E6.14142
;LAYER_CHANGE
;Z:14.6
;HEIGHT:0.200001
G1 Z14.6 F7800
G1 E4.14142 F2400
G1 Z14.6 F7800
G1 X103.539 Y103.539
G1 E6.14142 F2400
;TYPE:Perimeter
;WIDTH:0.449999
G1 F3600
G1 X121.461 Y103.539 E6.74806
G1 X121.461 Y112.5 E7.05138
G1 X121.461 Y121.461 E7.3547
G1 X103.539 Y121.461 E7.96134
G1 X103.539 Y103.599 E8.56595
G1 X103.539 Y103.599 F7800
G1 X103.132 Y103.132
G1 F3600
G1 X121.868 Y103.132 E9.20014
G1 X121.868 Y112.5 E9.51724
G1 X121.868 Y121.868 E9.83434
G1 X103.132 Y121.868 E10.46853
G1 X103.132 Y103.192 E11.10069
G1 X102.725 Y102.725 F7800
;TYPE:External perimeter
G1 F1800
G1 X122.275 Y102.725 E11.76243
G1 X122.275 Y112.5 E12.0933
G1 X122.275 Y122.275 E12.42417
G1 X102.725 Y122.275 E13.08591
G1 X102.725 Y102.785 E13.74562
G1 X103.121 Y102.726 F7800
G1 X103.993 Y103.844
;TYPE:Internal infill
;WIDTH:0.45
G1 F4800
G1 X106.436 Y103.844 E13.82831
G1 X106.252 Y104.201 E13.8419
G1 X105.899 Y104.638 E13.86092
G1 X104.757 Y105.512 E13.9096
G1 X104.421 Y105.948 E13.92823
G1 X104.351 Y106.385 E13.94321
G1 X104.546 Y107.259 E13.97352
G1 X104.771 Y107.695 E13.99013
G1 X105.124 Y108.132 E14.00915
G1 X106.266 Y109.006 E14.05783
G1 X106.602 Y109.443 E14.07649
G1 X106.672 Y109.879 E14.09144
G1 X106.477 Y110.753 E14.12175
G1 X106.252 Y111.19 E14.13839
G1 X105.899 Y111.626 E14.15738
G1 X104.757 Y112.5 E14.20606
G1 X104.421 Y112.937 E14.22472
G1 X104.351 Y113.374 E14.2397
G1 X104.546 Y114.247 E14.26998
G1 X104.771 Y114.684 E14.28662
G1 X105.124 Y115.121 E14.30564
G1 X106.266 Y115.994 E14.3543
G1 X106.602 Y116.431 E14.37296
G1 X106.672 Y116.868 E14.38794
G1 X106.477 Y117.741 E14.41822
G1 X106.252 Y118.178 E14.43486
G1 X105.899 Y118.615 E14.45388
G1 X104.757 Y119.488 E14.50254
G1 X104.421 Y119.925 E14.5212
G1 X104.351 Y120.362 E14.53618
G1 X104.528 Y121.156 E14.56372
G1 X108.082 Y121.156 E14.68402
G1 X108.265 Y120.799 E14.6976
G1 X108.619 Y120.362 E14.71664
G1 X109.76 Y119.488 E14.76529
G1 X110.097 Y119.052 E14.78394
G1 X110.166 Y118.615 E14.79892
G1 X109.971 Y117.741 E14.82923
G1 X109.746 Y117.305 E14.84584
G1 X109.393 Y116.868 E14.86486
G1 X108.252 Y115.994 E14.91351
G1 X107.915 Y115.557 E14.93219
G1 X107.846 Y115.121 E14.94713
G1 X108.04 Y114.247 E14.97743
G1 X108.265 Y113.81 E14.99407
G1 X108.619 Y113.374 E15.01308
G1 X109.76 Y112.5 E15.06173
G1 X110.097 Y112.063 E15.08041
G1 X110.166 Y111.626 E15.09539
G1 X109.971 Y110.753 E15.12567
G1 X109.746 Y110.316 E15.14231
G1 X109.393 Y109.879 E15.16133
G1 X108.252 Y109.006 E15.20996
G1 X107.915 Y108.569 E15.22864
G1 X107.846 Y108.132 E15.24362
G1 X108.04 Y107.259 E15.27389
G1 X108.265 Y106.822 E15.29053
G1 X108.619 Y106.385 E15.30957
G1 X109.76 Y105.512 E15.3582
G1 X110.097 Y105.075 E15.37688
G1 X110.166 Y104.638 E15.39186
G1 X109.989 Y103.844 E15.4194
G1 X113.424 Y103.844 E15.53567
G1 X113.24 Y104.201 E15.54926
G1 X112.887 Y104.638 E15.56828
G1 X111.746 Y105.512 E15.61693
G1 X111.409 Y105.948 E15.63558
G1 X111.34 Y106.385 E15.65056
G1 X111.535 Y107.259 E15.68087
G1 X111.76 Y107.695 E15.69748
G1 X112.113 Y108.132 E15.7165
G1 X113.254 Y109.006 E15.76515
G1 X113.591 Y109.443 E15.78383
G1 X113.66 Y109.879 E15.79877
G1 X113.465 Y110.753 E15.82908
G1 X113.24 Y111.19 E15.84572
G1 X112.887 Y111.626 E15.86471
G1 X111.746 Y112.5 E15.91336
G1 X111.409 Y112.937 E15.93204
G1 X111.34 Y113.374 E15.94702
G1 X111.535 Y114.247 E15.9773
G1 X111.76 Y114.684 E15.99394
G1 X112.113 Y115.121 E16.01296
G1 X113.254 Y115.994 E16.06159
G1 X113.591 Y116.431 E16.08027
G1 X113.66 Y116.868 E16.09525
G1 X113.465 Y117.741 E16.12553
G1 X113.24 Y118.178 E16.14217
G1 X112.887 Y118.615 E16.16119
G1 X111.746 Y119.488 E16.20982
G1 X111.409 Y119.925 E16.2285
G1 X111.34 Y120.362 E16.24348
G1 X111.517 Y121.156 E16.27102
G1 X113.959 Y121.156 E16.35368
G1 E14.35368 F2400
G92 E0
G1 X113.959 Y121.156 F7800
G1 X121.156 Y105.544
G1 E2 F2400
G1 F4800
G1 X121.156 Y103.844 E2.05754
G1 X120.413 Y103.844 E2.08269
G1 X120.229 Y104.201 E2.09628
G1 X119.876 Y104.638 E2.1153
G1 X118.734 Y105.512 E2.16398
G1 X118.398 Y105.948 E2.18261
G1 X118.328 Y106.385 E2.19759
G1 X118.523 Y107.259 E2.2279
G1 X118.748 Y107.695 E2.24451
G1 X119.101 Y108.132 E2.26353
G1 X120.243 Y109.006 E2.31221
G1 X120.579 Y109.443 E2.33087
G1 X120.649 Y109.879 E2.34582
G1 X120.454 Y110.753 E2.37613
G1 X120.229 Y111.19 E2.39277
G1 X119.876 Y111.626 E2.41176
G1 X118.734 Y112.5 E2.46044
G1 X118.398 Y112.937 E2.4791
G1 X118.328 Y113.374 E2.49408
G1 X118.523 Y114.247 E2.52436
G1 X118.748 Y114.684 E2.541
G1 X119.101 Y115.121 E2.56002
G1 X120.243 Y115.994 E2.60868
G1 X120.579 Y116.431 E2.62734
G1 X120.649 Y116.868 E2.64232
G1 X120.454 Y117.741 E2.6726
G1 X120.229 Y118.178 E2.68924
G1 X119.876 Y118.615 E2.70826
G1 X118.734 Y119.488 E2.75692
G1 X118.398 Y119.925 E2.77558
G1 X118.328 Y120.362 E2.79056
G1 X118.505 Y121.156 E2.8181
G1 X115.07 Y121.156 E2.93437
G1 X115.254 Y120.799 E2.94796
G1 X115.607 Y120.362 E2.96698
G1 X116.748 Y119.488 E3.01563
G1 X117.085 Y119.052 E3.03428
G1 X117.154 Y118.615 E3.04926
G1 X116.96 Y117.741 E3.07956
G1 X116.735 Y117.305 E3.09617
G1 X116.381 Y116.868 E3.11521
G1 X115.24 Y115.994 E3.16386
G1 X114.903 Y115.557 E3.18254
G1 X114.834 Y115.121 E3.19748
G1 X115.029 Y114.247 E3.22779
G1 X115.254 Y113.81 E3.24443
G1 X115.607 Y113.374 E3.26342
G1 X116.748 Y112.5 E3.31207
G1 X117.085 Y112.063 E3.33075
G1 X117.154 Y111.626 E3.34573
G1 X116.96 Y110.753 E3.376
G1 X116.735 Y110.316 E3.39264
G1 X116.381 Y109.879 E3.41168
G1 X115.24 Y109.006 E3.46031
G1 X114.903 Y108.569 E3.47899
G1 X114.834 Y108.132 E3.49397
G1 X115.029 Y107.259 E3.52425
G1 X115.254 Y106.822 E3.54089
G1 X115.607 Y106.385 E3.55991
G1 X116.748 Y105.512 E3.60854
G1 X117.085 Y105.075 E3.62722
G1 X117.154 Y104.638 E3.6422
G1 X116.977 Y103.844 E3.66974
G1 X114.535 Y103.844 E3.7524
;LAYER_CHANGE
;Z:14.8
;HEIGHT:0.2
G1 Z14.8 F7800
G1 E1.7524 F2400
G1 Z14.8 F7800
G1 X103.539 Y103.539
G1 E3.7524 F2400
;TYPE:Perimeter
;WIDTH:0.449999
G1 F3600
G1 X121.461 Y103.539 E4.35904
G1 X121.461 Y112.5 E4.66236
G1 X121.461 Y121.461 E4.96568
G1 X103.539 Y121.461 E5.57232
G1 X103.539 Y103.599 E6.17693
G1 X103.539 Y103.599 F7800
G1 X103.132 Y103.132
G1 F3600
G1 X121.868 Y103.132 E6.81112
G1 X121.868 Y112.5 E7.12822
G1 X121.868 Y121.868 E7.44532
G1 X103.132 Y121.868 E8.07951
G1 X103.132 Y103.192 E8.71167
G1 X102.725 Y102.725 F7800
;TYPE:External perimeter
G1 F1800
G1 X122.275 Y102.725 E9.37341
G1 X122.275 Y112.5 E9.70428
G1 X122.275 Y122.275 E10.03515
G1 X102.725 Y122.275 E10.69689
G1 X102.725 Y102.785 E11.3566
G1 X103.121 Y102.726 F7800
G1 E9.3566 F2400
G92 E0
G1 X121.156 Y105.607 F7800
G1 E2 F2400
;TYPE:Internal infill
;WIDTH:0.45
G1 F4800
G1 X121.156 Y103.844 E2.05968
G1 X120.476 Y103.844 E2.0827
G1 X120.241 Y104.201 E2.09717
G1 X119.798 Y104.638 E2.11823
G1 X118.208 Y105.512 E2.17964
G1 X118.015 Y105.948 E2.19578
G1 X118.099 Y106.385 E2.21084
G1 X118.449 Y107.259 E2.24271
G1 X118.736 Y107.695 E2.26038
G1 X119.179 Y108.132 E2.28144
G1 X120.769 Y109.006 E2.34285
G1 X120.962 Y109.443 E2.35902
G1 X120.878 Y109.879 E2.37405
G1 X120.528 Y110.753 E2.40592
G1 X120.241 Y111.19 E2.42362
G1 X119.798 Y111.626 E2.44466
G1 X118.208 Y112.5 E2.50607
G1 X118.015 Y112.937 E2.52224
G1 X118.099 Y113.374 E2.5373
G1 X118.449 Y114.247 E2.56914
G1 X118.736 Y114.684 E2.58684
G1 X119.179 Y115.121 E2.6079
G1 X120.769 Y115.994 E2.6693
G1 X120.962 Y116.431 E2.68547
G1 X120.878 Y116.868 E2.70053
G1 X120.528 Y117.741 E2.73237
G1 X120.241 Y118.178 E2.75007
G1 X119.798 Y118.615 E2.77113
G1 X118.208 Y119.488 E2.83253
G1 X118.015 Y119.925 E2.8487
G1 X118.099 Y120.362 E2.86376
G1 X118.417 Y121.156 E2.89271
G1 X115.007 Y121.156 E3.00813
G1 X115.242 Y120.799 E3.0226
G1 X115.684 Y120.362 E3.04364
G1 X117.275 Y119.488 E3.10508
G1 X117.468 Y119.052 E3.12122
G1 X117.383 Y118.615 E3.13629
G1 X117.034 Y117.741 E3.16815
G1 X116.747 Y117.305 E3.18582
G1 X116.304 Y116.868 E3.20688
G1 X114.714 Y115.994 E3.26829
G1 X114.521 Y115.557 E3.28446
G1 X114.605 Y115.121 E3.29949
G1 X114.955 Y114.247 E3.33136
G1 X115.242 Y113.81 E3.34906
G1 X115.684 Y113.374 E3.37008
G1 X117.275 Y112.5 E3.43152
G1 X117.468 Y112.063 E3.44769
G1 X117.383 Y111.626 E3.46276
G1 X117.034 Y110.753 E3.49458
G1 X116.747 Y110.316 E3.51228
G1 X116.304 Y109.879 E3.53334
G1 X114.714 Y109.006 E3.59474
G1 X114.521 Y108.569 E3.61091
G1 X114.605 Y108.132 E3.62597
G1 X114.955 Y107.259 E3.65781
G1 X115.242 Y106.822 E3.67551
G1 X115.684 Y106.385 E3.69655
G1 X117.275 Y105.512 E3.75798
G1 X117.468 Y105.075 E3.77415
G1 X117.383 Y104.638 E3.78922
G1 X117.066 Y103.844 E3.81816
G1 X113.487 Y103.844 E3.9393
G1 X113.252 Y104.201 E3.95377
G1 X112.81 Y104.638 E3.97481
G1 X111.219 Y105.512 E4.03625
G1 X111.026 Y105.948 E4.05239
G1 X111.111 Y106.385 E4.06746
G1 X111.46 Y107.259 E4.09932
G1 X111.748 Y107.695 E4.11701
G1 X112.19 Y108.132 E4.13805
G1 X113.781 Y109.006 E4.19949
G1 X113.974 Y109.443 E4.21566
G1 X113.889 Y109.879 E4.2307
G1 X113.54 Y110.753 E4.26256
G1 X113.252 Y111.19 E4.28028
G1 X112.81 Y111.626 E4.3013
G1 X111.219 Y112.5 E4.36274
G1 X111.026 Y112.937 E4.37891
G1 X111.111 Y113.374 E4.39398
G1 X111.46 Y114.247 E4.4258
G1 X111.748 Y114.684 E4.44352
G1 X112.19 Y115.121 E4.46456
G1 X113.781 Y115.994 E4.52599
G1 X113.974 Y116.431 E4.54216
G1 X113.889 Y116.868 E4.55723
G1 X113.54 Y117.741 E4.58905
G1 X113.252 Y118.178 E4.60677
G1 X112.81 Y118.615 E4.62781
G1 X111.219 Y119.488 E4.68924
G1 X111.026 Y119.925 E4.70541
G1 X111.111 Y120.362 E4.72048
G1 X111.428 Y121.156 E4.74942
G1 X108.019 Y121.156 E4.86481
G1 X108.253 Y120.799 E4.87926
G1 X108.696 Y120.362 E4.90032
G1 X110.286 Y119.488 E4.96173
G1 X110.479 Y119.052 E4.97787
G1 X110.395 Y118.615 E4.99293
G1 X110.045 Y117.741 E5.0248
G1 X109.758 Y117.305 E5.04247
G1 X109.316 Y116.868 E5.06351
G1 X107.725 Y115.994 E5.12495
G1 X107.532 Y115.557 E5.14112
G1 X107.617 Y115.121 E5.15616
G1 X107.966 Y114.247 E5.18802
G1 X108.253 Y113.81 E5.20572
G1 X108.696 Y113.374 E5.22676
G1 X110.286 Y112.5 E5.28817
G1 X110.479 Y112.063 E5.30434
G1 X110.395 Y111.626 E5.3194
G1 X110.045 Y110.753 E5.35124
G1 X109.758 Y110.316 E5.36894
G1 X109.316 Y109.879 E5.38998
G1 X107.725 Y109.006 E5.45141
G1 X107.532 Y108.569 E5.46758
G1 X107.617 Y108.132 E5.48265
G1 X107.966 Y107.259 E5.51447
G1 X108.253 Y106.822 E5.53217
G1 X108.696 Y106.385 E5.55323
G1 X110.286 Y105.512 E5.61463
G1 X110.479 Y105.075 E5.6308
G1 X110.395 Y104.638 E5.64586
G1 X110.077 Y103.844 E5.67481
G1 X106.499 Y103.844 E5.79592
G1 X106.264 Y104.201 E5.81039
G1 X105.821 Y104.638 E5.83145
G1 X104.231 Y105.512 E5.89286
G1 X104.038 Y105.948 E5.909
G1 X104.122 Y106.385 E5.92406
G1 X104.472 Y107.259 E5.95593
G1 X104.759 Y107.695 E5.9736
G1 X105.202 Y108.132 E5.99466
G1 X106.792 Y109.006 E6.05607
G1 X106.985 Y109.443 E6.07224
G1 X106.901 Y109.879 E6.08727
G1 X106.551 Y110.753 E6.11914
G1 X106.264 Y111.19 E6.13684
G1 X105.821 Y111.626 E6.15788
G1 X104.231 Y112.5 E6.21929
G1 X104.038 Y112.937 E6.23546
G1 X104.122 Y113.374 E6.25052
G1 X104.472 Y114.247 E6.28236
G1 X104.759 Y114.684 E6.30006
G1 X105.202 Y115.121 E6.32112
G1 X106.792 Y115.994 E6.38252
G1 X106.985 Y116.431 E6.39869
G1 X106.901 Y116.868 E6.41375
G1 X106.551 Y117.741 E6.44559
G1 X106.264 Y118.178 E6.46329
G1 X105.821 Y118.615 E6.48435
G1 X104.231 Y119.488 E6.54575
G1 X104.038 Y119.925 E6.56192
G1 X104.122 Y120.362 E6.57698
G1 X104.44 Y121.156 E6.60593
G1 X106.882 Y121.156 E6.68859
;LAYER_CHANGE
;Z:15
;HEIGHT:0.2
G1 Z15 F7800
G1 E4.68859 F2400
G1 Z15 F7800
G1 X103.539 Y103.539
G1 E6.68859 F2400
;TYPE:Perimeter
;WIDTH:0.449999
G1 F3600
G1 X121.461 Y103.539 E7.29523
G1 X121.461 Y112.5 E7.59855
G1 X121.461 Y121.461 E7.90187
G1 X103.539 Y121.461 E8.50851
G1 X103.539 Y103.599 E9.11312
G1 X103.539 Y103.599 F7800
G1 X103.132 Y103.132
G1 F3600
G1 X121.868 Y103.132 E9.74731
G1 X121.868 Y112.5 E10.06441
G1 X121.868 Y121.868 E10.38151
G1 X103.132 Y121.868 E11.0157
G1 X103.132 Y103.192 E11.64786
G1 X102.725 Y102.725 F7800
;TYPE:External perimeter
G1 F1800
G1 X122.275 Y102.725 E12.3096
G1 X122.275 Y112.5 E12.64047
G1 X122.275 Y122.275 E12.97134
G1 X102.725 Y122.275 E13.63308
G1 X102.725 Y102.785 E14.29279
G1 X103.121 Y102.726 F7800
G1 E12.29279 F2400
G92 E0
G1 X121.156 Y105.672 F7800
G1 E2 F2400
;TYPE:Internal infill
;WIDTH:0.45
G1 F4800
G1 X121.156 Y103.844 E2.06188
G1 X120.54 Y103.844 E2.08273
G1 X120.362 Y104.112 E2.09362
G1 X119.925 Y104.508 E2.11358
G1 X119.488 Y104.764 E2.13072
G1 X118.615 Y105.033 E2.16164
G1 X118.178 Y105.027 E2.17643
G1 X117.741 Y104.727 E2.19437
G1 X117.153 Y103.844 E2.23028
G1 X113.552 Y103.844 E2.35217
G1 X113.374 Y104.112 E2.36306
G1 X112.937 Y104.508 E2.38302
G1 X112.5 Y104.764 E2.40016
G1 X111.626 Y105.033 E2.43111
G1 X111.19 Y105.027 E2.44587
G1 X110.753 Y104.727 E2.46381
G1 X110.164 Y103.844 E2.49974
G1 X106.563 Y103.844 E2.62163
G1 X106.385 Y104.112 E2.63252
G1 X105.948 Y104.508 E2.65248
G1 X105.512 Y104.764 E2.66959
G1 X104.638 Y105.033 E2.70054
G1 X104.201 Y105.027 E2.71533
G1 X103.844 Y104.782 E2.72999
G1 X103.844 Y106.416 E2.7853
G1 X104.638 Y107.606 E2.83372
G1 X105.075 Y108.002 E2.85368
G1 X105.512 Y108.258 E2.87082
G1 X106.385 Y108.528 E2.90175
G1 X106.822 Y108.521 E2.91654
G1 X107.259 Y108.222 E2.93446
G1 X108.132 Y106.911 E2.98777
G1 X108.569 Y106.515 E3.00773
G1 X109.006 Y106.259 E3.02487
G1 X109.879 Y105.99 E3.05579
G1 X110.316 Y105.996 E3.07058
G1 X110.753 Y106.296 E3.08852
G1 X111.626 Y107.606 E3.14181
G1 X112.063 Y108.002 E3.16177
G1 X112.5 Y108.258 E3.17891
G1 X113.374 Y108.528 E3.20987
G1 X113.81 Y108.521 E3.22463
G1 X114.247 Y108.222 E3.24255
G1 X115.121 Y106.911 E3.29588
G1 X115.557 Y106.515 E3.31582
G1 X115.994 Y106.259 E3.33296
G1 X116.868 Y105.99 E3.36391
G1 X117.305 Y105.996 E3.3787
G1 X117.741 Y106.296 E3.39661
G1 X118.615 Y107.606 E3.44991
G1 X119.052 Y108.002 E3.46987
G1 X119.488 Y108.258 E3.48698
G1 X120.362 Y108.528 E3.51794
G1 X120.799 Y108.521 E3.53273
G1 X121.156 Y108.276 E3.54739
G1 X121.156 Y109.91 E3.6027
G1 X120.362 Y111.1 E3.65112
G1 X119.925 Y111.496 E3.67108
G1 X119.488 Y111.753 E3.68824
G1 X118.615 Y112.022 E3.71916
G1 X118.178 Y112.015 E3.73395
G1 X117.741 Y111.716 E3.75187
G1 X116.868 Y110.405 E3.80518
G1 X116.431 Y110.009 E3.82514
G1 X115.994 Y109.753 E3.84228
G1 X115.121 Y109.484 E3.8732
G1 X114.684 Y109.49 E3.88799
G1 X114.247 Y109.79 E3.90593
G1 X113.374 Y111.1 E3.95922
G1 X112.937 Y111.496 E3.97918
G1 X112.5 Y111.753 E3.99634
G1 X111.626 Y112.022 E4.02729
G1 X111.19 Y112.015 E4.04205
G1 X110.753 Y111.716 E4.05997
G1 X109.879 Y110.405 E4.1133
G1 X109.443 Y110.009 E4.13324
G1 X109.006 Y109.753 E4.15038
G1 X108.132 Y109.484 E4.18133
G1 X107.695 Y109.49 E4.19612
G1 X107.259 Y109.79 E4.21403
G1 X106.385 Y111.1 E4.26733
G1 X105.948 Y111.496 E4.28729
G1 X105.512 Y111.753 E4.30442
G1 X104.638 Y112.022 E4.33537
G1 X104.201 Y112.015 E4.35016
G1 X103.844 Y111.771 E4.3648
G1 X103.844 Y113.404 E4.42008
G1 X104.638 Y114.595 E4.46853
G1 X105.075 Y114.991 E4.48849
G1 X105.512 Y115.247 E4.50563
G1 X106.385 Y115.516 E4.53655
G1 X106.822 Y115.51 E4.55134
G1 X107.259 Y115.21 E4.56928
G1 X108.132 Y113.9 E4.62257
G1 X108.569 Y113.504 E4.64253
G1 X109.006 Y113.247 E4.65969
G1 X109.879 Y112.978 E4.69061
G1 X110.316 Y112.985 E4.7054
G1 X110.753 Y113.284 E4.72332
G1 X111.626 Y114.595 E4.77663
G1 X112.063 Y114.991 E4.79659
G1 X112.5 Y115.247 E4.81373
G1 X113.374 Y115.516 E4.84468
G1 X113.81 Y115.51 E4.85944
G1 X114.247 Y115.21 E4.87738
G1 X115.121 Y113.9 E4.93068
G1 X115.557 Y113.504 E4.95062
G1 X115.994 Y113.247 E4.96778
G1 X116.868 Y112.978 E4.99873
G1 X117.305 Y112.985 E5.01352
G1 X117.741 Y113.284 E5.03142
G1 X118.615 Y114.595 E5.08475
G1 X119.052 Y114.991 E5.10471
G1 X119.488 Y115.247 E5.12182
G1 X120.362 Y115.516 E5.15277
G1 X120.799 Y115.51 E5.16756
G1 X121.156 Y115.265 E5.18222
G1 X121.156 Y116.898 E5.2375
G1 X120.362 Y118.089 E5.28595
G1 X119.925 Y118.485 E5.30591
G1 X119.488 Y118.741 E5.32305
G1 X118.615 Y119.01 E5.35397
G1 X118.178 Y119.004 E5.36876
G1 X117.741 Y118.704 E5.3867
G1 X116.868 Y117.394 E5.43999
G1 X116.431 Y116.998 E5.45995
G1 X115.994 Y116.742 E5.47709
G1 X115.121 Y116.472 E5.50802
G1 X114.684 Y116.479 E5.52281
G1 X114.247 Y116.778 E5.54073
G1 X113.374 Y118.089 E5.59404
G1 X112.937 Y118.485 E5.614
G1 X112.5 Y118.741 E5.63114
G1 X111.626 Y119.01 E5.66209
G1 X111.19 Y119.004 E5.67685
G1 X110.753 Y118.704 E5.69479
G1 X109.879 Y117.394 E5.74809
G1 X109.443 Y116.998 E5.76803
G1 X109.006 Y116.742 E5.78517
G1 X108.132 Y116.472 E5.81613
G1 X107.695 Y116.479 E5.83092
G1 X107.259 Y116.778 E5.84882
G1 X106.385 Y118.089 E5.90215
G1 X105.948 Y118.485 E5.92211
G1 X105.512 Y118.741 E5.93922
G1 X104.638 Y119.01 E5.97017
G1 X104.201 Y119.004 E5.98496
G1 X103.844 Y118.759 E5.99962
G1 X103.844 Y120.393 E6.05493
G1 X104.353 Y121.156 E6.08598
G1 X107.897 Y121.156 E6.20594
G1 X108.569 Y120.492 E6.23792
G1 X109.006 Y120.236 E6.25506
G1 X109.879 Y119.967 E6.28598
G1 X110.316 Y119.973 E6.30077
G1 X110.753 Y120.273 E6.31871
G1 X111.342 Y121.156 E6.35464
G1 X114.885 Y121.156 E6.47457
G1 X115.557 Y120.492 E6.50655
G1 X115.994 Y120.236 E6.52369
G1 X116.868 Y119.967 E6.55464
G1 X117.305 Y119.973 E6.56943
G1 X117.741 Y120.273 E6.58734
G1 X118.33 Y121.156 E6.62327
G1 X120.772 Y121.156 E6.70593
;LAYER_CHANGE
;Z:15.2
;HEIGHT:0.2
G1 Z15.2 F7800
G1 E4.70593 F2400
G1 Z15.2 F7800
G1 X103.539 Y103.539
G1 E6.70593 F2400
;TYPE:Perimeter
;WIDTH:0.449999
G1 F3600
G1 X121.461 Y103.539 E7.31257
G1 X121.461 Y112.5 E7.61589
G1 X121.461 Y121.461 E7.91921
G1 X103.539 Y121.461 E8.52585
G1 X103.539 Y103.599 E9.13046
G1 X103.539 Y103.599 F7800
G1 X103.132 Y103.132
G1 F3600
G1 X121.868 Y103.132 E9.76465
G1 X121.868 Y112.5 E10.08175
G1 X121.868 Y121.868 E10.39885
G1 X103.132 Y121.868 E11.03304
G1 X103.132 Y103.192 E11.6652
G1 X102.725 Y102.725 F7800
;TYPE:External perimeter
G1 F1800
G1 X122.275 Y102.725 E12.32694
G1 X122.275 Y112.5 E12.65781
G1 X122.275 Y122.275 E12.98868
G1 X102.725 Y122.275 E13.65042
G1 X102.725 Y102.785 E14.31013
G1 X103.121 Y102.726 F7800
G1 E12.31013 F2400
G92 E0
G1 X121.156 Y105.791 F7800
G1 E2 F2400
;TYPE:Internal infill
;WIDTH:0.45
G1 F4800
G1 X121.156 Y103.844 E2.0659
G1 X120.659 Y103.844 E2.08272
G1 X120.362 Y104.192 E2.09821
G1 X119.925 Y104.507 E2.11644
G1 X119.488 Y104.702 E2.13264
G1 X118.615 Y104.829 E2.1625
G1 X118.178 Y104.713 E2.1778
G1 X117.741 Y104.359 E2.19684
G1 X117.302 Y103.844 E2.21975
G1 X113.671 Y103.844 E2.34266
G1 X113.374 Y104.192 E2.35815
G1 X112.937 Y104.507 E2.37638
G1 X112.5 Y104.702 E2.39258
G1 X111.626 Y104.829 E2.42247
G1 X111.19 Y104.713 E2.43774
G1 X110.753 Y104.359 E2.45678
G1 X110.313 Y103.844 E2.47971
G1 X106.683 Y103.844 E2.60258
G1 X106.385 Y104.192 E2.61809
G1 X105.948 Y104.507 E2.63632
G1 X105.512 Y104.702 E2.65249
G1 X104.638 Y104.829 E2.68238
G1 X104.201 Y104.713 E2.69768
G1 X103.844 Y104.424 E2.71323
G1 X103.844 Y106.758 E2.79223
G1 X104.638 Y107.687 E2.8336
G1 X105.075 Y108.001 E2.85181
G1 X105.512 Y108.196 E2.86801
G1 X106.385 Y108.323 E2.89787
G1 X106.822 Y108.207 E2.91317
G1 X107.259 Y107.853 E2.93221
G1 X108.132 Y106.831 E2.97771
G1 X108.569 Y106.516 E2.99594
G1 X109.006 Y106.321 E3.01214
G1 X109.879 Y106.195 E3.042
G1 X110.316 Y106.31 E3.0573
G1 X110.753 Y106.664 E3.07634
G1 X111.626 Y107.687 E3.12186
G1 X112.063 Y108.001 E3.14007
G1 X112.5 Y108.196 E3.15627
G1 X113.374 Y108.323 E3.18616
G1 X113.81 Y108.207 E3.20143
G1 X114.247 Y107.853 E3.22047
G1 X115.121 Y106.831 E3.26599
G1 X115.557 Y106.516 E3.2842
G1 X115.994 Y106.321 E3.3004
G1 X116.868 Y106.195 E3.33029
G1 X117.305 Y106.31 E3.34559
G1 X117.741 Y106.664 E3.3646
G1 X118.615 Y107.687 E3.41014
G1 X119.052 Y108.001 E3.42835
G1 X119.488 Y108.196 E3.44452
G1 X120.362 Y108.323 E3.47441
G1 X120.799 Y108.207 E3.48971
G1 X121.156 Y107.918 E3.50526
G1 X121.156 Y110.252 E3.58426
G1 X120.362 Y111.181 E3.62563
G1 X119.925 Y111.496 E3.64386
G1 X119.488 Y111.69 E3.66004
G1 X118.615 Y111.817 E3.6899
G1 X118.178 Y111.701 E3.7052
G1 X117.741 Y111.347 E3.72424
G1 X116.868 Y110.325 E3.76974
G1 X116.431 Y110.01 E3.78797
G1 X115.994 Y109.815 E3.80417
G1 X115.121 Y109.689 E3.83403
G1 X114.684 Y109.804 E3.84933
G1 X114.247 Y110.159 E3.86839
G1 X113.374 Y111.181 E3.91389
G1 X112.937 Y111.496 E3.93212
G1 X112.5 Y111.69 E3.9483
G1 X111.626 Y111.817 E3.97819
G1 X111.19 Y111.701 E3.99346
G1 X110.753 Y111.347 E4.0125
G1 X109.879 Y110.325 E4.05802
G1 X109.443 Y110.01 E4.07623
G1 X109.006 Y109.815 E4.09243
G1 X108.132 Y109.689 E4.12232
G1 X107.695 Y109.804 E4.13762
G1 X107.259 Y110.159 E4.15665
G1 X106.385 Y111.181 E4.20217
G1 X105.948 Y111.496 E4.2204
G1 X105.512 Y111.69 E4.23655
G1 X104.638 Y111.817 E4.26644
G1 X104.201 Y111.701 E4.28174
G1 X103.844 Y111.412 E4.29729
G1 X103.844 Y113.746 E4.37629
G1 X104.638 Y114.675 E4.41766
G1 X105.075 Y114.99 E4.43589
G1 X105.512 Y115.185 E4.45209
G1 X106.385 Y115.311 E4.48195
G1 X106.822 Y115.196 E4.49725
G1 X107.259 Y114.841 E4.51631
G1 X108.132 Y113.819 E4.56181
G1 X108.569 Y113.504 E4.58004
G1 X109.006 Y113.31 E4.59622
G1 X109.879 Y113.183 E4.62608
G1 X110.316 Y113.299 E4.64138
G1 X110.753 Y113.653 E4.66042
G1 X111.626 Y114.675 E4.70592
G1 X112.063 Y114.99 E4.72415
G1 X112.5 Y115.185 E4.74035
G1 X113.374 Y115.311 E4.77024
G1 X113.81 Y115.196 E4.7855
G1 X114.247 Y114.841 E4.80456
G1 X115.121 Y113.819 E4.85008
G1 X115.557 Y113.504 E4.86829
G1 X115.994 Y113.31 E4.88447
G1 X116.868 Y113.183 E4.91436
G1 X117.305 Y113.299 E4.92966
G1 X117.741 Y113.653 E4.94867
G1 X118.615 Y114.675 E4.99419
G1 X119.052 Y114.99 E5.01242
G1 X119.488 Y115.185 E5.02859
G1 X120.362 Y115.311 E5.05848
G1 X120.799 Y115.196 E5.07378
G1 X121.156 Y114.906 E5.08935
G1 X121.156 Y117.241 E5.16839
G1 X120.362 Y118.169 E5.20973
G1 X119.925 Y118.484 E5.22796
G1 X119.488 Y118.679 E5.24416
G1 X118.615 Y118.805 E5.27402
G1 X118.178 Y118.69 E5.28932
G1 X117.741 Y118.336 E5.30836
G1 X116.868 Y117.313 E5.35388
G1 X116.431 Y116.999 E5.37209
G1 X115.994 Y116.804 E5.38829
G1 X115.121 Y116.677 E5.41815
G1 X114.684 Y116.793 E5.43345
G1 X114.247 Y117.147 E5.45249
G1 X113.374 Y118.169 E5.49799
G1 X112.937 Y118.484 E5.51622
G1 X112.5 Y118.679 E5.53242
G1 X111.626 Y118.805 E5.56231
G1 X111.19 Y118.69 E5.57757
G1 X110.753 Y118.336 E5.59661
G1 X109.879 Y117.313 E5.64215
G1 X109.443 Y116.999 E5.66034
G1 X109.006 Y116.804 E5.67654
G1 X108.132 Y116.677 E5.70643
G1 X107.695 Y116.793 E5.72173
G1 X107.259 Y117.147 E5.74074
G1 X106.385 Y118.169 E5.78626
G1 X105.948 Y118.484 E5.80449
G1 X105.512 Y118.679 E5.82066
G1 X104.638 Y118.805 E5.85055
G1 X104.201 Y118.69 E5.86585
G1 X103.844 Y118.4 E5.88142
G1 X103.844 Y120.735 E5.96046
G1 X104.204 Y121.156 E5.97921
G1 X107.835 Y121.156 E6.10212
G1 X108.132 Y120.808 E6.11761
G1 X108.569 Y120.493 E6.13584
G1 X109.006 Y120.298 E6.15204
G1 X109.879 Y120.171 E6.1819
G1 X110.316 Y120.287 E6.1972
G1 X110.753 Y120.641 E6.21624
G1 X111.192 Y121.156 E6.23915
G1 X114.823 Y121.156 E6.36206
G1 X115.121 Y120.808 E6.37757
G1 X115.557 Y120.493 E6.39578
G1 X115.994 Y120.298 E6.41198
G1 X116.868 Y120.171 E6.44187
G1 X117.305 Y120.287 E6.45717
G1 X117.741 Y120.641 E6.47618
G1 X118.181 Y121.156 E6.49911
G1 X120.623 Y121.156 E6.58177
;LAYER_CHANGE
;Z:15.4
;HEIGHT:0.2
G1 Z15.4 F7800
G1 E4.58177 F2400
G1 Z15.4 F7800
G1 X103.539 Y103.539
G1 E6.58177 F2400
;TYPE:Perimeter
;WIDTH:0.449999
G1 F3600
G1 X121.461 Y103.539 E7.18841
G1 X121.461 Y112.5 E7.49173
G1 X121.461 Y121.461 E7.79505
G1 X103.539 Y121.461 E8.40169
G1 X103.539 Y103.599 E9.0063
G1 X103.539 Y103.599 F7800
G1 X103.132 Y103.132
G1 F3600
G1 X121.868 Y103.132 E9.64049
G1 X121.868 Y112.5 E9.95759
G1 X121.868 Y121.868 E10.27469
G1 X103.132 Y121.868 E10.90888
G1 X103.132 Y103.192 E11.54104
G1 X102.725 Y102.725 F7800
;TYPE:External perimeter
G1 F1800
G1 X122.275 Y102.725 E12.20278
G1 X122.275 Y112.5 E12.53365
G1 X122.275 Y122.275 E12.86452
G1 X102.725 Y122.275 E13.52626
G1 X102.725 Y102.785 E14.18597
G1 X103.121 Y102.726 F7800
G1 E12.18597 F2400
G92 E0
G1 X121.156 Y105.939 F7800
G1 E2 F2400
;TYPE:Internal infill
;WIDTH:0.45
G1 F4800
G1 X121.156 Y103.844 E2.07091
G1 X120.808 Y103.844 E2.08269
G1 X120.362 Y104.281 E2.10383
G1 X119.925 Y104.526 E2.12079
G1 X119.488 Y104.662 E2.13628
G1 X119.052 Y104.71 E2.15113
G1 X118.615 Y104.662 E2.16601
G1 X118.178 Y104.477 E2.18207
G1 X117.477 Y103.844 E2.21404
G1 X113.82 Y103.844 E2.33783
G1 X113.374 Y104.281 E2.35897
G1 X112.937 Y104.526 E2.37593
G1 X112.5 Y104.662 E2.39142
G1 X112.063 Y104.71 E2.4063
G1 X111.626 Y104.662 E2.42118
G1 X111.19 Y104.477 E2.43721
G1 X110.489 Y103.844 E2.46918
G1 X106.831 Y103.844 E2.593
G1 X106.385 Y104.281 E2.61414
G1 X105.948 Y104.526 E2.6311
G1 X105.512 Y104.662 E2.64656
G1 X105.075 Y104.71 E2.66144
G1 X104.638 Y104.662 E2.67632
G1 X104.201 Y104.477 E2.69238
G1 X103.844 Y104.171 E2.7083
G1 X103.844 Y106.998 E2.80399
G1 X104.638 Y107.775 E2.84159
G1 X105.075 Y108.02 E2.85855
G1 X105.512 Y108.156 E2.87404
G1 X105.948 Y108.204 E2.88889
G1 X106.385 Y108.157 E2.90377
G1 X106.822 Y107.971 E2.91985
G1 X108.132 Y106.742 E2.98065
G1 X108.569 Y106.497 E2.99761
G1 X109.006 Y106.361 E3.0131
G1 X109.443 Y106.313 E3.02798
G1 X109.879 Y106.361 E3.04283
G1 X110.316 Y106.547 E3.05891
G1 X111.626 Y107.775 E3.11969
G1 X112.063 Y108.02 E3.13665
G1 X112.5 Y108.156 E3.15214
G1 X112.937 Y108.204 E3.16702
G1 X113.374 Y108.157 E3.1819
G1 X113.81 Y107.971 E3.19794
G1 X115.121 Y106.742 E3.25877
G1 X115.557 Y106.497 E3.2757
G1 X115.994 Y106.361 E3.29119
G1 X116.431 Y106.313 E3.30607
G1 X116.868 Y106.361 E3.32095
G1 X117.305 Y106.547 E3.33703
G1 X118.615 Y107.775 E3.39781
G1 X119.052 Y108.02 E3.41477
G1 X119.488 Y108.156 E3.43023
G1 X119.925 Y108.204 E3.44511
G1 X120.362 Y108.157 E3.45999
G1 X120.799 Y107.971 E3.47607
G1 X121.156 Y107.666 E3.49196
G1 X121.156 Y110.493 E3.58765
G1 X120.362 Y111.27 E3.62525
G1 X119.925 Y111.514 E3.64219
G1 X119.488 Y111.65 E3.65768
G1 X119.052 Y111.698 E3.67253
G1 X118.615 Y111.651 E3.68741
G1 X118.178 Y111.465 E3.70349
G1 X116.868 Y110.236 E3.76429
G1 X116.431 Y109.991 E3.78125
G1 X115.994 Y109.855 E3.79674
G1 X115.557 Y109.808 E3.81162
G1 X115.121 Y109.855 E3.82646
G1 X114.684 Y110.041 E3.84254
G1 X113.374 Y111.27 E3.90334
G1 X112.937 Y111.514 E3.92028
G1 X112.5 Y111.65 E3.93577
G1 X112.063 Y111.698 E3.95065
G1 X111.626 Y111.651 E3.96553
G1 X111.19 Y111.465 E3.98157
G1 X109.879 Y110.236 E4.0424
G1 X109.443 Y109.991 E4.05933
G1 X109.006 Y109.855 E4.07482
G1 X108.569 Y109.808 E4.0897
G1 X108.132 Y109.855 E4.10458
G1 X107.695 Y110.041 E4.12066
G1 X106.385 Y111.27 E4.18146
G1 X105.948 Y111.514 E4.1984
G1 X105.512 Y111.65 E4.21386
G1 X105.075 Y111.698 E4.22874
G1 X104.638 Y111.651 E4.24362
G1 X104.201 Y111.465 E4.2597
G1 X103.844 Y111.16 E4.27559
G1 X103.844 Y113.987 E4.37128
G1 X104.638 Y114.764 E4.40888
G1 X105.075 Y115.009 E4.42584
G1 X105.512 Y115.145 E4.44133
G1 X105.948 Y115.192 E4.45617
G1 X106.385 Y115.145 E4.47105
G1 X106.822 Y114.959 E4.48713
G1 X108.132 Y113.73 E4.54793
G1 X108.569 Y113.486 E4.56487
G1 X109.006 Y113.35 E4.58036
G1 X109.443 Y113.302 E4.59524
G1 X109.879 Y113.349 E4.61008
G1 X110.316 Y113.535 E4.62616
G1 X111.626 Y114.764 E4.68696
G1 X112.063 Y115.009 E4.70392
G1 X112.5 Y115.145 E4.71941
G1 X112.937 Y115.192 E4.73429
G1 X113.374 Y115.145 E4.74917
G1 X113.81 Y114.959 E4.76521
G1 X115.121 Y113.73 E4.82604
G1 X115.557 Y113.486 E4.84295
G1 X115.994 Y113.35 E4.85844
G1 X116.431 Y113.302 E4.87332
G1 X116.868 Y113.349 E4.8882
G1 X117.305 Y113.535 E4.90428
G1 X118.615 Y114.764 E4.96508
G1 X119.052 Y115.009 E4.98204
G1 X119.488 Y115.145 E4.9975
G1 X119.925 Y115.192 E5.01238
G1 X120.362 Y115.145 E5.02726
G1 X120.799 Y114.959 E5.04334
G1 X121.156 Y114.654 E5.05923
G1 X121.156 Y117.481 E5.15492
G1 X120.362 Y118.258 E5.19252
G1 X119.925 Y118.503 E5.20948
G1 X119.488 Y118.639 E5.22497
G1 X119.052 Y118.687 E5.23982
G1 X118.615 Y118.639 E5.2547
G1 X118.178 Y118.453 E5.27078
G1 X116.868 Y117.225 E5.33156
G1 X116.431 Y116.98 E5.34852
G1 X115.994 Y116.844 E5.36401
G1 X115.557 Y116.796 E5.37889
G1 X115.121 Y116.843 E5.39373
G1 X114.684 Y117.029 E5.40981
G1 X113.374 Y118.258 E5.47061
G1 X112.937 Y118.503 E5.48757
G1 X112.5 Y118.639 E5.50306
G1 X112.063 Y118.687 E5.51794
G1 X111.626 Y118.639 E5.53282
G1 X111.19 Y118.453 E5.54886
G1 X109.879 Y117.225 E5.60966
G1 X109.443 Y116.98 E5.62659
G1 X109.006 Y116.844 E5.64208
G1 X108.569 Y116.796 E5.65696
G1 X108.132 Y116.843 E5.67184
G1 X107.695 Y117.029 E5.68792
G1 X106.385 Y118.258 E5.74872
G1 X105.948 Y118.503 E5.76568
G1 X105.512 Y118.639 E5.78114
G1 X105.075 Y118.687 E5.79602
G1 X104.638 Y118.639 E5.8109
G1 X104.201 Y118.453 E5.82698
G1 X103.844 Y118.148 E5.84287
G1 X103.844 Y121.156 E5.94469
G1 X107.686 Y121.156 E6.07474
G1 X108.132 Y120.719 E6.09588
G1 X108.569 Y120.474 E6.11284
G1 X109.006 Y120.338 E6.12833
G1 X109.443 Y120.29 E6.14321
G1 X109.879 Y120.338 E6.15806
G1 X110.316 Y120.523 E6.17412
G1 X111.017 Y121.156 E6.20609
G1 X114.675 Y121.156 E6.32991
G1 X115.121 Y120.719 E6.35105
G1 X115.557 Y120.474 E6.36798
G1 X115.994 Y120.338 E6.38347
G1 X116.431 Y120.29 E6.39835
G1 X116.868 Y120.338 E6.41323
G1 X117.305 Y120.523 E6.42929
G1 X118.005 Y121.156 E6.46124
G1 X120.448 Y121.156 E6.54393
;LAYER_CHANGE
;Z:15.6
;HEIGHT:0.200001
G1 Z15.6 F7800
G1 E4.54393 F2400
G1 Z15.6 F7800
G1 X103.539 Y103.539
G1 E6.54393 F2400
;TYPE:Perimeter
;WIDTH:0.449999
G1 F3600
G1 X121.461 Y103.539 E7.15057
G1 X121.461 Y112.5 E7.45389
G1 X121.461 Y121.461 E7.75721
G1 X103.539 Y121.461 E8.36385
G1 X103.539 Y103.599 E8.96846
G1 X103.539 Y103.599 F7800
G1 X103.132 Y103.132
G1 F3600
G1 X121.868 Y103.132 E9.60265
G1 X121.868 Y112.5 E9.91975
G1 X121.868 Y121.868 E10.23685
G1 X103.132 Y121.868 E10.87104
G1 X103.132 Y103.192 E11.5032
G1 X102.725 Y102.725 F7800
;TYPE:External perimeter
G1 F1800
G1 X122.275 Y102.725 E12.16494
G1 X122.275 Y112.5 E12.49581
G1 X122.275 Y122.275 E12.82668
G1 X102.725 Y122.275 E13.48842
G1 X102.725 Y102.785 E14.14813
G1 X103.121 Y102.726 F7800
G1 E12.14813 F2400
G92 E0
G1 X121.156 Y106.157 F7800
G1 E2 F2400
;TYPE:Internal infill
;WIDTH:0.45
G1 F4800
G1 X121.156 Y103.844 E2.07829
G1 X121.026 Y103.844 E2.08269
G1 X120.362 Y104.381 E2.1116
G1 X119.925 Y104.563 E2.12762
G1 X119.488 Y104.642 E2.14265
G1 X119.052 Y104.632 E2.15741
G1 X118.615 Y104.524 E2.17265
G1 X118.178 Y104.281 E2.18958
G1 X117.695 Y103.844 E2.21163
G1 X114.037 Y103.844 E2.33545
G1 X113.374 Y104.381 E2.36433
G1 X112.937 Y104.563 E2.38035
G1 X112.5 Y104.642 E2.39538
G1 X112.063 Y104.632 E2.41018
G1 X111.626 Y104.524 E2.42542
G1 X111.19 Y104.281 E2.44232
G1 X110.707 Y103.844 E2.46437
G1 X107.049 Y103.844 E2.58819
G1 X106.385 Y104.381 E2.6171
G1 X105.948 Y104.563 E2.63312
G1 X105.512 Y104.642 E2.64812
G1 X105.075 Y104.632 E2.66292
G1 X104.638 Y104.524 E2.67816
G1 X104.201 Y104.281 E2.69509
G1 X103.844 Y103.961 E2.71132
G1 X103.844 Y107.212 E2.82136
G1 X104.201 Y107.56 E2.83824
G1 X104.638 Y107.875 E2.85647
G1 X105.075 Y108.057 E2.87249
G1 X105.512 Y108.136 E2.88752
G1 X105.948 Y108.127 E2.90228
G1 X106.385 Y108.018 E2.91753
G1 X106.822 Y107.775 E2.93446
G1 X107.695 Y106.957 E2.97496
G1 X108.132 Y106.643 E2.99317
G1 X108.569 Y106.461 E3.00919
G1 X109.006 Y106.382 E3.02422
G1 X109.443 Y106.391 E3.03902
G1 X109.879 Y106.499 E3.05422
G1 X110.316 Y106.742 E3.07115
G1 X111.19 Y107.56 E3.11167
G1 X111.626 Y107.875 E3.12988
G1 X112.063 Y108.057 E3.1459
G1 X112.5 Y108.136 E3.16093
G1 X112.937 Y108.127 E3.17573
G1 X113.374 Y108.018 E3.19098
G1 X113.81 Y107.775 E3.20788
G1 X114.684 Y106.957 E3.2484
G1 X115.121 Y106.643 E3.26661
G1 X115.557 Y106.461 E3.2826
G1 X115.994 Y106.382 E3.29763
G1 X116.431 Y106.391 E3.31243
G1 X116.868 Y106.499 E3.32767
G1 X117.305 Y106.742 E3.3446
G1 X118.178 Y107.56 E3.3851
G1 X118.615 Y107.875 E3.40333
G1 X119.052 Y108.057 E3.41935
G1 X119.488 Y108.136 E3.43435
G1 X119.925 Y108.127 E3.44915
G1 X120.362 Y108.018 E3.4644
G1 X120.799 Y107.775 E3.48133
G1 X121.156 Y107.455 E3.49756
G1 X121.156 Y110.706 E3.6076
G1 X120.799 Y111.054 E3.62448
G1 X120.362 Y111.369 E3.64271
G1 X119.925 Y111.551 E3.65873
G1 X119.488 Y111.63 E3.67376
G1 X119.052 Y111.621 E3.68852
G1 X118.615 Y111.512 E3.70377
G1 X118.178 Y111.269 E3.7207
G1 X117.305 Y110.452 E3.76117
G1 X116.868 Y110.137 E3.7794
G1 X116.431 Y109.955 E3.79542
G1 X115.994 Y109.876 E3.81045
G1 X115.557 Y109.885 E3.82525
G1 X115.121 Y109.993 E3.84045
G1 X114.684 Y110.237 E3.85739
G1 X113.81 Y111.054 E3.89789
G1 X113.374 Y111.369 E3.9161
G1 X112.937 Y111.551 E3.93212
G1 X112.5 Y111.63 E3.94715
G1 X112.063 Y111.621 E3.96195
G1 X111.626 Y111.512 E3.9772
G1 X111.19 Y111.269 E3.9941
G1 X110.316 Y110.452 E4.0346
G1 X109.879 Y110.137 E4.05283
G1 X109.443 Y109.955 E4.06882
G1 X109.006 Y109.876 E4.08385
G1 X108.569 Y109.885 E4.09865
G1 X108.132 Y109.993 E4.11389
G1 X107.695 Y110.237 E4.13083
G1 X106.822 Y111.054 E4.1713
G1 X106.385 Y111.369 E4.18953
G1 X105.948 Y111.551 E4.20555
G1 X105.512 Y111.63 E4.22055
G1 X105.075 Y111.621 E4.23535
G1 X104.638 Y111.512 E4.2506
G1 X104.201 Y111.269 E4.26753
G1 X103.844 Y110.949 E4.28376
G1 X103.844 Y114.2 E4.3938
G1 X104.201 Y114.548 E4.41068
G1 X104.638 Y114.863 E4.42891
G1 X105.075 Y115.045 E4.44493
G1 X105.512 Y115.124 E4.45996
G1 X105.948 Y115.115 E4.47472
G1 X106.385 Y115.007 E4.48996
G1 X106.822 Y114.763 E4.5069
G1 X107.695 Y113.946 E4.54737
G1 X108.132 Y113.631 E4.5656
G1 X108.569 Y113.449 E4.58162
G1 X109.006 Y113.37 E4.59665
G1 X109.443 Y113.379 E4.61145
G1 X109.879 Y113.488 E4.62666
G1 X110.316 Y113.731 E4.64359
G1 X111.19 Y114.548 E4.68409
G1 X111.626 Y114.863 E4.7023
G1 X112.063 Y115.045 E4.71832
G1 X112.5 Y115.124 E4.73335
G1 X112.937 Y115.115 E4.74815
G1 X113.374 Y115.007 E4.76339
G1 X113.81 Y114.763 E4.7803
G1 X114.684 Y113.946 E4.8208
G1 X115.121 Y113.631 E4.83903
G1 X115.557 Y113.449 E4.85502
G1 X115.994 Y113.37 E4.87005
G1 X116.431 Y113.379 E4.88485
G1 X116.868 Y113.488 E4.9001
G1 X117.305 Y113.731 E4.91703
G1 X118.178 Y114.548 E4.9575
G1 X118.615 Y114.863 E4.97573
G1 X119.052 Y115.045 E4.99175
G1 X119.488 Y115.124 E5.00675
G1 X119.925 Y115.115 E5.02155
G1 X120.362 Y115.007 E5.03679
G1 X120.799 Y114.763 E5.05373
G1 X121.156 Y114.443 E5.06996
G1 X121.156 Y117.695 E5.18004
G1 X120.799 Y118.043 E5.19692
G1 X120.362 Y118.357 E5.21513
G1 X119.925 Y118.539 E5.23115
G1 X119.488 Y118.618 E5.24618
G1 X119.052 Y118.609 E5.26094
G1 X118.615 Y118.501 E5.27618
G1 X118.178 Y118.258 E5.29311
G1 X117.305 Y117.44 E5.33361
G1 X116.868 Y117.125 E5.35184
G1 X116.431 Y116.943 E5.36786
G1 X115.994 Y116.864 E5.38289
G1 X115.557 Y116.873 E5.39769
G1 X115.121 Y116.982 E5.4129
G1 X114.684 Y117.225 E5.42983
G1 X113.81 Y118.043 E5.47035
G1 X113.374 Y118.357 E5.48854
G1 X112.937 Y118.539 E5.50456
G1 X112.5 Y118.618 E5.51959
G1 X112.063 Y118.609 E5.53439
G1 X111.626 Y118.501 E5.54963
G1 X111.19 Y118.258 E5.56653
G1 X110.316 Y117.44 E5.60705
G1 X109.879 Y117.125 E5.62528
G1 X109.443 Y116.943 E5.64127
G1 X109.006 Y116.864 E5.6563
G1 X108.569 Y116.873 E5.6711
G1 X108.132 Y116.982 E5.68635
G1 X107.695 Y117.225 E5.70328
G1 X106.822 Y118.043 E5.74378
G1 X106.385 Y118.357 E5.76199
G1 X105.948 Y118.539 E5.77801
G1 X105.512 Y118.618 E5.79301
G1 X105.075 Y118.609 E5.80781
G1 X104.638 Y118.501 E5.82305
G1 X104.201 Y118.258 E5.83998
G1 X103.844 Y117.938 E5.85621
G1 X103.844 Y121.156 E5.96514
G1 X107.469 Y121.156 E6.08784
G1 X108.132 Y120.619 E6.11672
G1 X108.569 Y120.437 E6.13274
G1 X109.006 Y120.359 E6.14777
G1 X109.443 Y120.368 E6.16257
G1 X109.879 Y120.476 E6.17777
G1 X110.316 Y120.719 E6.1947
G1 X110.799 Y121.156 E6.21675
G1 X114.457 Y121.156 E6.34057
G1 X115.121 Y120.619 E6.36948
G1 X115.557 Y120.437 E6.38547
G1 X115.994 Y120.359 E6.4005
G1 X116.431 Y120.368 E6.4153
G1 X116.868 Y120.476 E6.43054
G1 X117.305 Y120.719 E6.44747
G1 X117.787 Y121.156 E6.46949
G1 X120.23 Y121.156 E6.55218
;LAYER_CHANGE
;Z:15.8
;HEIGHT:0.2
G1 Z15.8 F7800
G1 E4.55218 F2400
G1 Z15.8 F7800
G1 X103.539 Y103.539
G1 E6.55218 F2400
;TYPE:Perimeter
;WIDTH:0.449999
G1 F3600
G1 X121.461 Y103.539 E7.15882
G1 X121.461 Y112.5 E7.46214
G1 X121.461 Y121.461 E7.76546
G1 X103.539 Y121.461 E8.3721
G1 X103.539 Y103.599 E8.97671
G1 X103.539 Y103.599 F7800
G1 X103.132 Y103.132
G1 F3600
G1 X121.868 Y103.132 E9.6109
G1 X121.868 Y112.5 E9.928
G1 X121.868 Y121.868 E10.2451
G1 X103.132 Y121.868 E10.87929
G1 X103.132 Y103.192 E11.51145
G1 X102.725 Y102.725 F7800
;TYPE:External perimeter
G1 F1800
G1 X122.275 Y102.725 E12.17319
G1 X122.275 Y112.5 E12.50406
G1 X122.275 Y122.275 E12.83493
G1 X102.725 Y122.275 E13.49667
G1 X102.725 Y102.785 E14.15638
G1 X103.121 Y102.726 F7800
G1 E12.15638 F2400
G92 E0
G1 X103.844 Y106.204 F7800
G1 E2 F2400
;TYPE:Internal infill
;WIDTH:0.45
G1 F4800
G1 X103.844 Y103.844 E2.07988
G1 X103.928 Y103.844 E2.08272
G1 X104.638 Y104.406 E2.11337
G1 X105.075 Y104.574 E2.12922
G1 X105.512 Y104.639 E2.14417
G1 X105.948 Y104.617 E2.15895
G1 X106.385 Y104.494 E2.17432
G1 X106.822 Y104.238 E2.19146
G1 X107.255 Y103.844 E2.21128
G1 X110.916 Y103.844 E2.3352
G1 X111.626 Y104.406 E2.36585
G1 X112.063 Y104.574 E2.3817
G1 X112.5 Y104.639 E2.39665
G1 X112.937 Y104.617 E2.41146
G1 X113.374 Y104.494 E2.42683
G1 X113.81 Y104.238 E2.44394
G1 X114.243 Y103.844 E2.46376
G1 X117.905 Y103.844 E2.58771
G1 X118.615 Y104.406 E2.61836
G1 X119.052 Y104.574 E2.63421
G1 X119.488 Y104.639 E2.64913
G1 X119.925 Y104.617 E2.66394
G1 X120.362 Y104.494 E2.67931
G1 X120.799 Y104.238 E2.69645
G1 X121.156 Y103.913 E2.71279
G1 X121.156 Y107.259 E2.82605
G1 X120.799 Y107.6 E2.84276
G1 X120.362 Y107.901 E2.86072
G1 X119.925 Y108.068 E2.87656
G1 X119.488 Y108.134 E2.89152
G1 X119.052 Y108.111 E2.9063
G1 X118.615 Y107.988 E2.92167
G1 X118.178 Y107.732 E2.93881
G1 X117.305 Y106.917 E2.97924
G1 X116.868 Y106.617 E2.99718
G1 X116.431 Y106.449 E3.01303
G1 X115.994 Y106.384 E3.02798
G1 X115.557 Y106.406 E3.04279
G1 X115.121 Y106.529 E3.05812
G1 X114.684 Y106.786 E3.07528
G1 X113.81 Y107.6 E3.11571
G1 X113.374 Y107.901 E3.13364
G1 X112.937 Y108.068 E3.14948
G1 X112.5 Y108.134 E3.16444
G1 X112.063 Y108.111 E3.17925
G1 X111.626 Y107.988 E3.19462
G1 X111.19 Y107.732 E3.21173
G1 X110.316 Y106.917 E3.25218
G1 X109.879 Y106.617 E3.27012
G1 X109.443 Y106.449 E3.28594
G1 X109.006 Y106.384 E3.30089
G1 X108.569 Y106.406 E3.3157
G1 X108.132 Y106.529 E3.33107
G1 X107.695 Y106.786 E3.34823
G1 X106.822 Y107.6 E3.38863
G1 X106.385 Y107.901 E3.40659
G1 X105.948 Y108.068 E3.42243
G1 X105.512 Y108.134 E3.43736
G1 X105.075 Y108.111 E3.45217
G1 X104.638 Y107.988 E3.46754
G1 X104.201 Y107.732 E3.48468
G1 X103.844 Y107.408 E3.501
G1 X103.844 Y110.753 E3.61422
G1 X104.201 Y111.095 E3.63095
G1 X104.638 Y111.395 E3.64889
G1 X105.075 Y111.562 E3.66473
G1 X105.512 Y111.628 E3.67969
G1 X105.948 Y111.605 E3.69447
G1 X106.385 Y111.483 E3.70983
G1 X106.822 Y111.226 E3.72699
G1 X107.695 Y110.411 E3.76742
G1 X108.132 Y110.111 E3.78536
G1 X108.569 Y109.943 E3.80121
G1 X109.006 Y109.878 E3.81616
G1 X109.443 Y109.901 E3.83097
G1 X109.879 Y110.023 E3.84629
G1 X110.316 Y110.28 E3.86345
G1 X111.19 Y111.095 E3.9039
G1 X111.626 Y111.395 E3.92181
G1 X112.063 Y111.562 E3.93765
G1 X112.5 Y111.628 E3.95261
G1 X112.937 Y111.605 E3.96742
G1 X113.374 Y111.483 E3.98278
G1 X113.81 Y111.226 E3.99991
G1 X114.684 Y110.411 E4.04036
G1 X115.121 Y110.111 E4.0583
G1 X115.557 Y109.943 E4.07412
G1 X115.994 Y109.878 E4.08907
G1 X116.431 Y109.901 E4.10388
G1 X116.868 Y110.023 E4.11924
G1 X117.305 Y110.28 E4.1364
G1 X118.178 Y111.095 E4.17683
G1 X118.615 Y111.395 E4.19477
G1 X119.052 Y111.562 E4.21061
G1 X119.488 Y111.628 E4.22554
G1 X119.925 Y111.605 E4.24035
G1 X120.362 Y111.483 E4.25571
G1 X120.799 Y111.226 E4.27287
G1 X121.156 Y110.902 E4.28919
G1 X121.156 Y114.247 E4.40241
G1 X120.799 Y114.589 E4.41914
G1 X120.362 Y114.889 E4.43708
G1 X119.925 Y115.057 E4.45293
G1 X119.488 Y115.122 E4.46788
G1 X119.052 Y115.099 E4.48266
G1 X118.615 Y114.977 E4.49802
G1 X118.178 Y114.72 E4.51518
G1 X117.305 Y113.905 E4.55561
G1 X116.868 Y113.605 E4.57355
G1 X116.431 Y113.438 E4.58939
G1 X115.994 Y113.372 E4.60435
G1 X115.557 Y113.395 E4.61916
G1 X115.121 Y113.517 E4.63448
G1 X114.684 Y113.774 E4.65164
G1 X113.81 Y114.589 E4.69209
G1 X113.374 Y114.889 E4.71
G1 X112.937 Y115.057 E4.72585
G1 X112.5 Y115.122 E4.7408
G1 X112.063 Y115.099 E4.75561
G1 X111.626 Y114.977 E4.77097
G1 X111.19 Y114.72 E4.7881
G1 X110.316 Y113.905 E4.82855
G1 X109.879 Y113.605 E4.84649
G1 X109.443 Y113.438 E4.86229
G1 X109.006 Y113.372 E4.87725
G1 X108.569 Y113.395 E4.89206
G1 X108.132 Y113.517 E4.90742
G1 X107.695 Y113.774 E4.92458
G1 X106.822 Y114.589 E4.96501
G1 X106.385 Y114.889 E4.98295
G1 X105.948 Y115.057 E4.9988
G1 X105.512 Y115.122 E5.01372
G1 X105.075 Y115.099 E5.02853
G1 X104.638 Y114.977 E5.04389
G1 X104.201 Y114.72 E5.06105
G1 X103.844 Y114.396 E5.07737
G1 X103.844 Y117.742 E5.19063
G1 X104.201 Y118.083 E5.20734
G1 X104.638 Y118.383 E5.22528
G1 X105.075 Y118.551 E5.24113
G1 X105.512 Y118.616 E5.25608
G1 X105.948 Y118.594 E5.27086
G1 X106.385 Y118.471 E5.28623
G1 X106.822 Y118.214 E5.30339
G1 X107.695 Y117.4 E5.34379
G1 X108.132 Y117.099 E5.36175
G1 X108.569 Y116.932 E5.37759
G1 X109.006 Y116.866 E5.39255
G1 X109.443 Y116.889 E5.40736
G1 X109.879 Y117.012 E5.42269
G1 X110.316 Y117.268 E5.43983
G1 X111.19 Y118.083 E5.48028
G1 X111.626 Y118.383 E5.49819
G1 X112.063 Y118.551 E5.51404
G1 X112.5 Y118.616 E5.52899
G1 X112.937 Y118.594 E5.5438
G1 X113.374 Y118.471 E5.55917
G1 X113.81 Y118.214 E5.5763
G1 X114.684 Y117.4 E5.61673
G1 X115.121 Y117.099 E5.63469
G1 X115.557 Y116.932 E5.65049
G1 X115.994 Y116.866 E5.66545
G1 X116.431 Y116.889 E5.68026
G1 X116.868 Y117.012 E5.69563
G1 X117.305 Y117.268 E5.71277
G1 X118.178 Y118.083 E5.7532
G1 X118.615 Y118.383 E5.77114
G1 X119.052 Y118.551 E5.78699
G1 X119.488 Y118.616 E5.80191
G1 X119.925 Y118.594 E5.81672
G1 X120.362 Y118.471 E5.83209
G1 X120.799 Y118.214 E5.84925
G1 X121.156 Y117.89 E5.86557
G1 X121.156 Y121.156 E5.97612
G1 X117.578 Y121.156 E6.09723
G1 X116.868 Y120.594 E6.12788
G1 X116.431 Y120.426 E6.14373
G1 X115.994 Y120.361 E6.15868
G1 X115.557 Y120.383 E6.17349
G1 X115.121 Y120.506 E6.18882
G1 X114.684 Y120.762 E6.20596
G1 X114.251 Y121.156 E6.22578
G1 X110.59 Y121.156 E6.3497
G1 X109.879 Y120.594 E6.38038
G1 X109.443 Y120.426 E6.3962
G1 X109.006 Y120.361 E6.41115
G1 X108.569 Y120.383 E6.42596
G1 X108.132 Y120.506 E6.44133
G1 X107.695 Y120.762 E6.45847
G1 X107.263 Y121.156 E6.47826
G1 X104.82 Y121.156 E6.56095
;LAYER_CHANGE
;Z:16
;HEIGHT:0.2
G1 Z16 F7800
G1 E4.56095 F2400
G1 Z16 F7800
G1 X103.539 Y103.539
G1 E6.56095 F2400
;TYPE:Perimeter
;WIDTH:0.449999
G1 F3600
G1 X121.461 Y103.539 E7.16759
G1 X121.461 Y112.5 E7.47091
G1 X121.461 Y121.461 E7.77423
G1 X103.539 Y121.461 E8.38087
G1 X103.539 Y103.599 E8.98548
G1 X103.539 Y103.599 F7800
G1 X103.132 Y103.132
G1 F3600
G1 X121.868 Y103.132 E9.61967
G1 X121.868 Y112.5 E9.93677
G1 X121.868 Y121.868 E10.25387
G1 X103.132 Y121.868 E10.88806
G1 X103.132 Y103.192 E11.52022
G1 X102.725 Y102.725 F7800
;TYPE:External perimeter
G1 F1800
G1 X122.275 Y102.725 E12.18196
G1 X122.275 Y112.5 E12.51283
G1 X122.275 Y122.275 E12.8437
G1 X102.725 Y122.275 E13.50544
G1 X102.725 Y102.785 E14.16515
G1 X103.121 Y102.726 F7800
G1 E12.16515 F2400
G92 E0
G1 X103.844 Y106.02 F7800
G1 E2 F2400
;TYPE:Internal infill
;WIDTH:0.45
G1 F4800
G1 X103.844 Y103.844 E2.07366
G1 X104.112 Y103.844 E2.08273
G1 X104.638 Y104.304 E2.10638
G1 X105.075 Y104.533 E2.12308
G1 X105.512 Y104.655 E2.13844
G1 X105.948 Y104.689 E2.15324
G1 X106.385 Y104.627 E2.16818
G1 X106.822 Y104.427 E2.18445
G1 X107.454 Y103.844 E2.21355
G1 X111.1 Y103.844 E2.33696
G1 X111.626 Y104.304 E2.36061
G1 X112.063 Y104.533 E2.37731
G1 X112.5 Y104.655 E2.39267
G1 X112.937 Y104.689 E2.40751
G1 X113.374 Y104.627 E2.42245
G1 X113.81 Y104.427 E2.43869
G1 X114.442 Y103.844 E2.46779
G1 X118.089 Y103.844 E2.59124
G1 X118.615 Y104.304 E2.61489
G1 X119.052 Y104.533 E2.63159
G1 X119.488 Y104.655 E2.64691
G1 X119.925 Y104.689 E2.66175
G1 X120.362 Y104.627 E2.67669
G1 X120.799 Y104.427 E2.69296
G1 X121.156 Y104.119 E2.70892
G1 X121.156 Y107.058 E2.8084
G1 X120.362 Y107.798 E2.84514
G1 X119.925 Y108.027 E2.86184
G1 X119.488 Y108.15 E2.87721
G1 X119.052 Y108.184 E2.89201
G1 X118.615 Y108.121 E2.90695
G1 X118.178 Y107.921 E2.92322
G1 X116.868 Y106.719 E2.9834
G1 X116.431 Y106.49 E3.0001
G1 X115.994 Y106.368 E3.01546
G1 X115.557 Y106.334 E3.0303
G1 X115.121 Y106.396 E3.04521
G1 X114.684 Y106.596 E3.06148
G1 X113.374 Y107.798 E3.12166
G1 X112.937 Y108.027 E3.13836
G1 X112.5 Y108.15 E3.15373
G1 X112.063 Y108.184 E3.16857
G1 X111.626 Y108.121 E3.18351
G1 X111.19 Y107.921 E3.19975
G1 X109.879 Y106.719 E3.25995
G1 X109.443 Y106.49 E3.27662
G1 X109.006 Y106.368 E3.29198
G1 X108.569 Y106.334 E3.30682
G1 X108.132 Y106.396 E3.32176
G1 X107.695 Y106.596 E3.33803
G1 X106.385 Y107.798 E3.39821
G1 X105.948 Y108.027 E3.41491
G1 X105.512 Y108.15 E3.43024
G1 X105.075 Y108.184 E3.44508
G1 X104.638 Y108.121 E3.46002
G1 X104.201 Y107.921 E3.47629
G1 X103.844 Y107.613 E3.49225
G1 X103.844 Y110.552 E3.59173
G1 X104.638 Y111.292 E3.62847
G1 X105.075 Y111.522 E3.64519
G1 X105.512 Y111.644 E3.66055
G1 X105.948 Y111.678 E3.67535
G1 X106.385 Y111.615 E3.69029
G1 X106.822 Y111.415 E3.70656
G1 X108.132 Y110.214 E3.76672
G1 X108.569 Y109.984 E3.78344
G1 X109.006 Y109.862 E3.7988
G1 X109.443 Y109.828 E3.81364
G1 X109.879 Y109.89 E3.82855
G1 X110.316 Y110.09 E3.84482
G1 X111.626 Y111.292 E3.905
G1 X112.063 Y111.522 E3.92172
G1 X112.5 Y111.644 E3.93708
G1 X112.937 Y111.678 E3.95192
G1 X113.374 Y111.615 E3.96686
G1 X113.81 Y111.415 E3.9831
G1 X115.121 Y110.214 E4.04328
G1 X115.557 Y109.984 E4.05997
G1 X115.994 Y109.862 E4.07533
G1 X116.431 Y109.828 E4.09017
G1 X116.868 Y109.89 E4.10511
G1 X117.305 Y110.09 E4.12138
G1 X118.615 Y111.292 E4.18156
G1 X119.052 Y111.522 E4.19828
G1 X119.488 Y111.644 E4.2136
G1 X119.925 Y111.678 E4.22844
G1 X120.362 Y111.615 E4.24338
G1 X120.799 Y111.415 E4.25965
G1 X121.156 Y111.107 E4.27561
G1 X121.156 Y114.046 E4.37509
G1 X120.362 Y114.786 E4.41183
G1 X119.925 Y115.016 E4.42855
G1 X119.488 Y115.138 E4.44391
G1 X119.052 Y115.172 E4.45871
G1 X118.615 Y115.11 E4.47365
G1 X118.178 Y114.91 E4.48992
G1 X116.868 Y113.708 E4.5501
G1 X116.431 Y113.478 E4.56682
G1 X115.994 Y113.356 E4.58218
G1 X115.557 Y113.322 E4.59702
G1 X115.121 Y113.385 E4.61193
G1 X114.684 Y113.585 E4.6282
G1 X113.374 Y114.786 E4.68836
G1 X112.937 Y115.016 E4.70508
G1 X112.5 Y115.138 E4.72044
G1 X112.063 Y115.172 E4.73528
G1 X111.626 Y115.11 E4.75022
G1 X111.19 Y114.91 E4.76646
G1 X109.879 Y113.708 E4.82666
G1 X109.443 Y113.478 E4.84335
G1 X109.006 Y113.356 E4.85871
G1 X108.569 Y113.322 E4.87355
G1 X108.132 Y113.385 E4.88849
G1 X107.695 Y113.585 E4.90476
G1 X106.385 Y114.786 E4.96492
G1 X105.948 Y115.016 E4.98164
G1 X105.512 Y115.138 E4.99696
G1 X105.075 Y115.172 E5.0118
G1 X104.638 Y115.11 E5.02674
G1 X104.201 Y114.91 E5.04301
G1 X103.844 Y114.601 E5.05899
G1 X103.844 Y117.54 E5.15847
G1 X104.638 Y118.281 E5.19523
G1 X105.075 Y118.51 E5.21193
G1 X105.512 Y118.632 E5.22729
G1 X105.948 Y118.666 E5.24209
G1 X106.385 Y118.604 E5.25703
G1 X106.822 Y118.404 E5.2733
G1 X108.132 Y117.202 E5.33348
G1 X108.569 Y116.973 E5.35018
G1 X109.006 Y116.85 E5.36555
G1 X109.443 Y116.816 E5.38039
G1 X109.879 Y116.879 E5.3953
G1 X110.316 Y117.079 E5.41157
G1 X111.626 Y118.281 E5.47175
G1 X112.063 Y118.51 E5.48845
G1 X112.5 Y118.632 E5.50381
G1 X112.937 Y118.666 E5.51865
G1 X113.374 Y118.604 E5.53359
G1 X113.81 Y118.404 E5.54983
G1 X115.121 Y117.202 E5.61003
G1 X115.557 Y116.973 E5.6267
G1 X115.994 Y116.85 E5.64207
G1 X116.431 Y116.816 E5.65691
G1 X116.868 Y116.879 E5.67185
G1 X117.305 Y117.079 E5.68812
G1 X118.615 Y118.281 E5.7483
G1 X119.052 Y118.51 E5.765
G1 X119.488 Y118.632 E5.78032
G1 X119.925 Y118.666 E5.79516
G1 X120.362 Y118.604 E5.8101
G1 X120.799 Y118.404 E5.82637
G1 X121.156 Y118.095 E5.84235
G1 X121.156 Y121.156 E5.94596
G1 X117.394 Y121.156 E6.0733
G1 X116.868 Y120.696 E6.09695
G1 X116.431 Y120.467 E6.11365
G1 X115.994 Y120.345 E6.12901
G1 X115.557 Y120.311 E6.14385
G1 X115.121 Y120.373 E6.15876
G1 X114.684 Y120.573 E6.17503
G1 X114.052 Y121.156 E6.20413
G1 X110.406 Y121.156 E6.32754
G1 X109.879 Y120.696 E6.35122
G1 X109.443 Y120.467 E6.36789
G1 X109.006 Y120.345 E6.38325
G1 X108.569 Y120.311 E6.39809
G1 X108.132 Y120.373 E6.41303
G1 X107.695 Y120.573 E6.4293
G1 X107.064 Y121.156 E6.45838
G1 X104.621 Y121.156 E6.54107
;LAYER_CHANGE
;Z:16.2
;HEIGHT:0.200001
G1 Z16.2 F7800
G1 E4.54107 F2400
G1 Z16.2 F7800
G1 X103.539 Y103.539
G1 E6.54107 F2400
;TYPE:Perimeter
;WIDTH:0.449999
G1 F3600
G1 X121.461 Y103.539 E7.14771
G1 X121.461 Y112.5 E7.45103
G1 X121.461 Y121.461 E7.75435
G1 X103.539 Y121.461 E8.36099
G1 X103.539 Y103.599 E8.9656
G1 X103.539 Y103.599 F7800
G1 X103.132 Y103.132
G1 F3600
G1 X121.868 Y103.132 E9.59979
G1 X121.868 Y112.5 E9.91689
G1 X121.868 Y121.868 E10.23399
G1 X103.132 Y121.868 E10.86818
G1 X103.132 Y103.192 E11.50034
G1 X102.725 Y102.725 F7800
;TYPE:External perimeter
G1 F1800
G1 X122.275 Y102.725 E12.16208
G1 X122.275 Y112.5 E12.49295
G1 X122.275 Y122.275 E12.82382
G1 X102.725 Y122.275 E13.48556
G1 X102.725 Y102.785 E14.14527
G1 X103.121 Y102.726 F7800
G1 E12.14527 F2400
G92 E0
G1 X103.844 Y105.823 F7800
G1 E2 F2400
;TYPE:Internal infill
;WIDTH:0.45
G1 F4800
G1 X103.844 Y103.844 E2.06699
G1 X104.308 Y103.844 E2.0827
G1 X104.638 Y104.213 E2.09946
G1 X105.075 Y104.51 E2.11734
G1 X105.512 Y104.691 E2.13335
G1 X106.385 Y104.786 E2.16307
G1 X106.822 Y104.651 E2.17855
G1 X107.259 Y104.291 E2.19771
G1 X107.659 Y103.844 E2.21801
G1 X111.296 Y103.844 E2.34112
G1 X111.626 Y104.213 E2.35788
G1 X112.063 Y104.51 E2.37576
G1 X112.5 Y104.691 E2.39177
G1 X113.374 Y104.786 E2.42153
G1 X113.81 Y104.651 E2.43698
G1 X114.247 Y104.291 E2.45614
G1 X114.647 Y103.844 E2.47644
G1 X118.285 Y103.844 E2.59958
G1 X118.615 Y104.213 E2.61634
G1 X119.052 Y104.51 E2.63422
G1 X119.488 Y104.691 E2.6502
G1 X120.362 Y104.786 E2.67996
G1 X120.799 Y104.651 E2.69544
G1 X121.156 Y104.357 E2.71109
G1 X121.156 Y106.821 E2.79449
G1 X120.362 Y107.707 E2.83476
G1 X119.925 Y108.004 E2.85264
G1 X119.488 Y108.185 E2.86865
G1 X118.615 Y108.28 E2.89837
G1 X118.178 Y108.145 E2.91385
G1 X117.741 Y107.786 E2.93299
G1 X116.868 Y106.81 E2.97731
G1 X116.431 Y106.513 E2.99519
G1 X115.994 Y106.333 E3.01119
G1 X115.121 Y106.237 E3.04092
G1 X114.684 Y106.372 E3.0564
G1 X114.247 Y106.732 E3.07556
G1 X113.374 Y107.707 E3.11986
G1 X112.937 Y108.004 E3.13774
G1 X112.5 Y108.185 E3.15375
G1 X111.626 Y108.28 E3.18351
G1 X111.19 Y108.145 E3.19896
G1 X110.753 Y107.786 E3.2181
G1 X109.879 Y106.81 E3.26245
G1 X109.443 Y106.513 E3.28031
G1 X109.006 Y106.333 E3.29631
G1 X108.132 Y106.237 E3.32607
G1 X107.695 Y106.372 E3.34155
G1 X107.259 Y106.732 E3.36069
G1 X106.385 Y107.707 E3.40501
G1 X105.948 Y108.004 E3.42289
G1 X105.512 Y108.185 E3.43887
G1 X104.638 Y108.28 E3.46863
G1 X104.201 Y108.145 E3.48411
G1 X103.844 Y107.852 E3.49974
G1 X103.844 Y110.315 E3.58311
G1 X104.638 Y111.201 E3.62338
G1 X105.075 Y111.498 E3.64126
G1 X105.512 Y111.679 E3.65727
G1 X106.385 Y111.774 E3.68699
G1 X106.822 Y111.64 E3.70246
G1 X107.259 Y111.28 E3.72162
G1 X108.132 Y110.305 E3.76592
G1 X108.569 Y110.007 E3.78382
G1 X109.006 Y109.827 E3.79982
G1 X109.879 Y109.732 E3.82954
G1 X110.316 Y109.866 E3.84501
G1 X110.753 Y110.226 E3.86417
G1 X111.626 Y111.201 E3.90847
G1 X112.063 Y111.498 E3.92635
G1 X112.5 Y111.679 E3.94236
G1 X113.374 Y111.774 E3.97212
G1 X113.81 Y111.64 E3.98756
G1 X114.247 Y111.28 E4.00672
G1 X115.121 Y110.305 E4.05104
G1 X115.557 Y110.007 E4.06892
G1 X115.994 Y109.827 E4.08492
G1 X116.868 Y109.732 E4.11468
G1 X117.305 Y109.866 E4.13015
G1 X117.741 Y110.226 E4.14929
G1 X118.615 Y111.201 E4.19361
G1 X119.052 Y111.498 E4.21149
G1 X119.488 Y111.679 E4.22747
G1 X120.362 Y111.774 E4.25723
G1 X120.799 Y111.64 E4.2727
G1 X121.156 Y111.346 E4.28835
G1 X121.156 Y113.809 E4.37172
G1 X120.362 Y114.695 E4.41199
G1 X119.925 Y114.993 E4.42989
G1 X119.488 Y115.173 E4.44589
G1 X118.615 Y115.268 E4.47561
G1 X118.178 Y115.134 E4.49108
G1 X117.741 Y114.774 E4.51024
G1 X116.868 Y113.799 E4.55454
G1 X116.431 Y113.502 E4.57242
G1 X115.994 Y113.321 E4.58843
G1 X115.121 Y113.226 E4.61815
G1 X114.684 Y113.36 E4.63362
G1 X114.247 Y113.72 E4.65278
G1 X113.374 Y114.695 E4.69708
G1 X112.937 Y114.993 E4.71498
G1 X112.5 Y115.173 E4.73098
G1 X111.626 Y115.268 E4.76074
G1 X111.19 Y115.134 E4.77618
G1 X110.753 Y114.774 E4.79534
G1 X109.879 Y113.799 E4.83966
G1 X109.443 Y113.502 E4.85752
G1 X109.006 Y113.321 E4.87353
G1 X108.132 Y113.226 E4.90329
G1 X107.695 Y113.36 E4.91876
G1 X107.259 Y113.72 E4.9379
G1 X106.385 Y114.695 E4.98222
G1 X105.948 Y114.993 E5.00012
G1 X105.512 Y115.173 E5.01609
G1 X104.638 Y115.268 E5.04585
G1 X104.201 Y115.134 E5.06132
G1 X103.844 Y114.84 E5.07697
G1 X103.844 Y117.304 E5.16037
G1 X104.638 Y118.19 E5.20064
G1 X105.075 Y118.487 E5.21852
G1 X105.512 Y118.667 E5.23452
G1 X106.385 Y118.763 E5.26425
G1 X106.822 Y118.628 E5.27973
G1 X107.259 Y118.268 E5.29889
G1 X108.132 Y117.293 E5.34319
G1 X108.569 Y116.996 E5.36107
G1 X109.006 Y116.815 E5.37708
G1 X109.879 Y116.72 E5.4068
G1 X110.316 Y116.855 E5.42228
G1 X110.753 Y117.214 E5.44142
G1 X111.626 Y118.19 E5.48574
G1 X112.063 Y118.487 E5.50362
G1 X112.5 Y118.667 E5.51962
G1 X113.374 Y118.763 E5.54938
G1 X113.81 Y118.628 E5.56483
G1 X114.247 Y118.268 E5.58399
G1 X115.121 Y117.293 E5.62831
G1 X115.557 Y116.996 E5.64617
G1 X115.994 Y116.815 E5.66218
G1 X116.868 Y116.72 E5.69194
G1 X117.305 Y116.855 E5.70742
G1 X117.741 Y117.214 E5.72654
G1 X118.615 Y118.19 E5.77089
G1 X119.052 Y118.487 E5.78877
G1 X119.488 Y118.667 E5.80474
G1 X120.362 Y118.763 E5.8345
G1 X120.799 Y118.628 E5.84998
G1 X121.156 Y118.334 E5.86563
G1 X121.156 Y120.798 E5.94903
G1 X120.835 Y121.156 E5.96531
G1 X117.198 Y121.156 E6.08842
G1 X116.868 Y120.787 E6.10518
G1 X116.431 Y120.49 E6.12306
G1 X115.994 Y120.309 E6.13907
G1 X115.121 Y120.214 E6.16879
G1 X114.684 Y120.349 E6.18427
G1 X114.247 Y120.709 E6.20343
G1 X113.847 Y121.156 E6.22373
G1 X110.209 Y121.156 E6.34687
G1 X109.879 Y120.787 E6.36363
G1 X109.443 Y120.49 E6.38149
G1 X109.006 Y120.309 E6.3975
G1 X108.132 Y120.214 E6.42726
G1 X107.695 Y120.349 E6.44274
G1 X107.259 Y120.709 E6.46188
G1 X106.858 Y121.156 E6.48221
G1 X104.416 Y121.156 E6.56487
;LAYER_CHANGE
;Z:16.4
;HEIGHT:0.199999
G1 Z16.4 F7800
G1 E4.56487 F2400
G1 Z16.4 F7800
G1 X103.539 Y103.539
G1 E6.56487 F2400
;TYPE:Perimeter
;WIDTH:0.449999
G1 F3600
G1 X121.461 Y103.539 E7.17151
G1 X121.461 Y112.5 E7.47483
G1 X121.461 Y121.461 E7.77815
G1 X103.539 Y121.461 E8.38479
G1 X103.539 Y103.599 E8.9894
G1 X103.539 Y103.599 F7800
G1 X103.132 Y103.132
G1 F3600
G1 X121.868 Y103.132 E9.62359
G1 X121.868 Y112.5 E9.94069
G1 X121.868 Y121.868 E10.25779
G1 X103.132 Y121.868 E10.89198
G1 X103.132 Y103.192 E11.52414
G1 X102.725 Y102.725 F7800
;TYPE:External perimeter
G1 F1800
G1 X122.275 Y102.725 E12.18588
G1 X122.275 Y112.5 E12.51675
G1 X122.275 Y122.275 E12.84762
G1 X102.725 Y122.275 E13.50936
G1 X102.725 Y102.785 E14.16907
G1 X103.121 Y102.726 F7800
G1 E12.16907 F2400
G92 E0
G1 X103.844 Y105.698 F7800
G1 E2 F2400
;TYPE:Internal infill
;WIDTH:0.45
G1 F4800
G1 X103.844 Y103.844 E2.06276
G1 X104.434 Y103.844 E2.08273
G1 X104.638 Y104.131 E2.09465
G1 X105.075 Y104.506 E2.11414
G1 X105.512 Y104.747 E2.13103
G1 X106.385 Y104.98 E2.16161
G1 X106.822 Y104.941 E2.17646
G1 X107.259 Y104.62 E2.19481
G1 X107.813 Y103.844 E2.22708
G1 X111.422 Y103.844 E2.34924
G1 X111.626 Y104.131 E2.36116
G1 X112.063 Y104.506 E2.38065
G1 X112.5 Y104.747 E2.39754
G1 X113.374 Y104.98 E2.42816
G1 X113.81 Y104.941 E2.44298
G1 X114.247 Y104.62 E2.46133
G1 X114.802 Y103.844 E2.49362
G1 X118.41 Y103.844 E2.61575
G1 X118.615 Y104.131 E2.62769
G1 X119.052 Y104.506 E2.64718
G1 X119.488 Y104.747 E2.66404
G1 X120.362 Y104.98 E2.69466
G1 X120.799 Y104.941 E2.70951
G1 X121.156 Y104.679 E2.7245
G1 X121.156 Y106.515 E2.78665
G1 X120.362 Y107.625 E2.83285
G1 X119.925 Y108 E2.85234
G1 X119.488 Y108.241 E2.86923
G1 X118.615 Y108.474 E2.89981
G1 X118.178 Y108.436 E2.91466
G1 X117.741 Y108.115 E2.93301
G1 X116.868 Y106.893 E2.98384
G1 X116.431 Y106.517 E3.00335
G1 X115.994 Y106.276 E3.02024
G1 X115.121 Y106.043 E3.05082
G1 X114.684 Y106.082 E3.06567
G1 X114.247 Y106.403 E3.08402
G1 X113.374 Y107.625 E3.13485
G1 X112.937 Y108 E3.15434
G1 X112.5 Y108.241 E3.17123
G1 X111.626 Y108.474 E3.20185
G1 X111.19 Y108.436 E3.21666
G1 X110.753 Y108.115 E3.23501
G1 X109.879 Y106.893 E3.28586
G1 X109.443 Y106.517 E3.30535
G1 X109.006 Y106.276 E3.32224
G1 X108.132 Y106.043 E3.35286
G1 X107.695 Y106.082 E3.36771
G1 X107.259 Y106.403 E3.38604
G1 X106.385 Y107.625 E3.43689
G1 X105.948 Y108 E3.45638
G1 X105.512 Y108.241 E3.47324
G1 X104.638 Y108.474 E3.50386
G1 X104.201 Y108.436 E3.51871
G1 X103.844 Y108.173 E3.53372
G1 X103.844 Y110.009 E3.59587
G1 X104.638 Y111.119 E3.64207
G1 X105.075 Y111.494 E3.66156
G1 X105.512 Y111.736 E3.67847
G1 X106.385 Y111.969 E3.70905
G1 X106.822 Y111.93 E3.7239
G1 X107.259 Y111.609 E3.74225
G1 X108.132 Y110.387 E3.79308
G1 X108.569 Y110.011 E3.81259
G1 X109.006 Y109.77 E3.82948
G1 X109.879 Y109.537 E3.86006
G1 X110.316 Y109.576 E3.87491
G1 X110.753 Y109.897 E3.89326
G1 X111.626 Y111.119 E3.94409
G1 X112.063 Y111.494 E3.96358
G1 X112.5 Y111.736 E3.98049
G1 X113.374 Y111.969 E4.01111
G1 X113.81 Y111.93 E4.02593
G1 X114.247 Y111.609 E4.04428
G1 X115.121 Y110.387 E4.09513
G1 X115.557 Y110.011 E4.11462
G1 X115.994 Y109.77 E4.13151
G1 X116.868 Y109.537 E4.16213
G1 X117.305 Y109.576 E4.17698
G1 X117.741 Y109.897 E4.19531
G1 X118.615 Y111.119 E4.24616
G1 X119.052 Y111.494 E4.26565
G1 X119.488 Y111.736 E4.28253
G1 X120.362 Y111.969 E4.31315
G1 X120.799 Y111.93 E4.328
G1 X121.156 Y111.668 E4.34299
G1 X121.156 Y113.503 E4.4051
G1 X120.362 Y114.613 E4.4513
G1 X119.925 Y114.989 E4.47081
G1 X119.488 Y115.23 E4.4877
G1 X118.615 Y115.463 E4.51828
G1 X118.178 Y115.424 E4.53313
G1 X117.741 Y115.103 E4.55148
G1 X116.868 Y113.881 E4.60231
G1 X116.431 Y113.506 E4.6218
G1 X115.994 Y113.264 E4.63871
G1 X115.121 Y113.031 E4.66929
G1 X114.684 Y113.07 E4.68414
G1 X114.247 Y113.391 E4.70249
G1 X113.374 Y114.613 E4.75332
G1 X112.937 Y114.989 E4.77283
G1 X112.5 Y115.23 E4.78972
G1 X111.626 Y115.463 E4.82034
G1 X111.19 Y115.424 E4.83516
G1 X110.753 Y115.103 E4.85351
G1 X109.879 Y113.881 E4.90436
G1 X109.443 Y113.506 E4.92383
G1 X109.006 Y113.264 E4.94074
G1 X108.132 Y113.031 E4.97136
G1 X107.695 Y113.07 E4.98621
G1 X107.259 Y113.391 E5.00454
G1 X106.385 Y114.613 E5.05539
G1 X105.948 Y114.989 E5.0749
G1 X105.512 Y115.23 E5.09176
G1 X104.638 Y115.463 E5.12238
G1 X104.201 Y115.424 E5.13723
G1 X103.844 Y115.162 E5.15222
G1 X103.844 Y116.997 E5.21433
G1 X104.638 Y118.107 E5.26053
G1 X105.075 Y118.483 E5.28004
G1 X105.512 Y118.724 E5.29693
G1 X106.385 Y118.957 E5.32751
G1 X106.822 Y118.918 E5.34236
G1 X107.259 Y118.597 E5.36071
G1 X108.132 Y117.375 E5.41154
G1 X108.569 Y117 E5.43103
G1 X109.006 Y116.759 E5.44792
G1 X109.879 Y116.526 E5.4785
G1 X110.316 Y116.564 E5.49335
G1 X110.753 Y116.885 E5.5117
G1 X111.626 Y118.107 E5.56253
G1 X112.063 Y118.483 E5.58204
G1 X112.5 Y118.724 E5.59893
G1 X113.374 Y118.957 E5.62955
G1 X113.81 Y118.918 E5.64437
G1 X114.247 Y118.597 E5.66272
G1 X115.121 Y117.375 E5.71357
G1 X115.557 Y117 E5.73304
G1 X115.994 Y116.759 E5.74993
G1 X116.868 Y116.526 E5.78055
G1 X117.305 Y116.564 E5.7954
G1 X117.741 Y116.885 E5.81373
G1 X118.615 Y118.107 E5.86458
G1 X119.052 Y118.483 E5.88409
G1 X119.488 Y118.724 E5.90095
G1 X120.362 Y118.957 E5.93157
G1 X120.799 Y118.918 E5.94642
G1 X121.156 Y118.656 E5.96141
G1 X121.156 Y120.492 E6.02356
G1 X120.681 Y121.156 E6.05119
G1 X117.115 Y121.156 E6.17189
G1 X116.431 Y120.494 E6.20411
G1 X115.994 Y120.253 E6.221
G1 X115.121 Y120.02 E6.25158
G1 X114.684 Y120.059 E6.26643
G1 X114.247 Y120.38 E6.28478
G1 X113.692 Y121.156 E6.31707
G1 X110.127 Y121.156 E6.43774
G1 X109.443 Y120.494 E6.46996
G1 X109.006 Y120.253 E6.48685
G1 X108.132 Y120.02 E6.51747
G1 X107.695 Y120.059 E6.53232
G1 X107.259 Y120.38 E6.55065
G1 X106.704 Y121.156 E6.58294
G1 X104.262 Y121.156 E6.6656
;LAYER_CHANGE
;Z:16.6
;HEIGHT:0.200001
G1 Z16.6 F7800
G1 E4.6656 F2400
G1 Z16.6 F7800
G1 X103.539 Y103.539
G1 E6.6656 F2400
;TYPE:Perimeter
;WIDTH:0.449999
G1 F3600
G1 X121.461 Y103.539 E7.27224
G1 X121.461 Y112.5 E7.57556
G1 X121.461 Y121.461 E7.87888
G1 X103.539 Y121.461 E8.48552
G1 X103.539 Y103.599 E9.09013
G1 X103.539 Y103.599 F7800
G1 X103.132 Y103.132
G1 F3600
G1 X121.868 Y103.132 E9.72432
G1 X121.868 Y112.5 E10.04142
G1 X121.868 Y121.868 E10.35852
G1 X103.132 Y121.868 E10.99271
G1 X103.132 Y103.192 E11.62487
G1 X102.725 Y102.725 F7800
;TYPE:External perimeter
G1 F1800
G1 X122.275 Y102.725 E12.28661
G1 X122.275 Y112.5 E12.61748
G1 X122.275 Y122.275 E12.94835
G1 X102.725 Y122.275 E13.61009
G1 X102.725 Y102.785 E14.2698
G1 X103.121 Y102.726 F7800
G1 E12.2698 F2400
G92 E0
G1 X103.844 Y105.626 F7800
G1 E2 F2400
;TYPE:Internal infill
;WIDTH:0.45
G1 F4800
G1 X103.844 Y103.844 E2.06032
G1 X104.506 Y103.844 E2.08273
G1 X104.753 Y104.201 E2.09742
G1 X105.219 Y104.638 E2.11904
G1 X106.01 Y105.075 E2.14963
G1 X107.153 Y105.512 E2.19105
G1 X107.111 Y105.948 E2.20588
G1 X106.964 Y106.385 E2.22149
G1 X106.573 Y107.259 E2.2539
G1 X106.271 Y107.695 E2.27185
G1 X105.804 Y108.132 E2.2935
G1 X105.014 Y108.569 E2.32406
G1 X103.871 Y109.006 E2.36548
G1 X103.912 Y109.443 E2.38034
G1 X104.059 Y109.879 E2.39591
G1 X104.45 Y110.753 E2.42832
G1 X104.753 Y111.19 E2.44632
G1 X105.219 Y111.626 E2.46792
G1 X106.01 Y112.063 E2.49851
G1 X107.153 Y112.5 E2.53993
G1 X107.111 Y112.937 E2.55479
G1 X106.964 Y113.374 E2.5704
G1 X106.573 Y114.247 E2.60278
G1 X106.271 Y114.684 E2.62076
G1 X105.804 Y115.121 E2.64241
G1 X105.014 Y115.557 E2.67295
G1 X103.871 Y115.994 E2.71437
G1 X103.912 Y116.431 E2.72923
G1 X104.059 Y116.868 E2.74484
G1 X104.45 Y117.741 E2.77722
G1 X104.753 Y118.178 E2.79522
G1 X105.219 Y118.615 E2.81684
G1 X106.01 Y119.052 E2.84743
G1 X107.153 Y119.488 E2.88884
G1 X107.111 Y119.925 E2.9037
G1 X106.609 Y121.156 E2.9487
G1 X110.012 Y121.156 E3.06389
G1 X109.765 Y120.799 E3.07858
G1 X109.298 Y120.362 E3.10023
G1 X108.508 Y119.925 E3.13079
G1 X107.365 Y119.488 E3.17221
G1 X107.406 Y119.052 E3.18703
G1 X107.944 Y117.741 E3.235
G1 X108.247 Y117.305 E3.25297
G1 X108.714 Y116.868 E3.27462
G1 X109.504 Y116.431 E3.30518
G1 X110.647 Y115.994 E3.3466
G1 X110.605 Y115.557 E3.36146
G1 X110.067 Y114.247 E3.4094
G1 X109.765 Y113.81 E3.42738
G1 X109.298 Y113.374 E3.44901
G1 X108.508 Y112.937 E3.47957
G1 X107.365 Y112.5 E3.52099
G1 X107.406 Y112.063 E3.53585
G1 X107.553 Y111.626 E3.55146
G1 X107.944 Y110.753 E3.58384
G1 X108.247 Y110.316 E3.60184
G1 X108.714 Y109.879 E3.62349
G1 X109.504 Y109.443 E3.65403
G1 X110.647 Y109.006 E3.69545
G1 X110.605 Y108.569 E3.71031
G1 X110.067 Y107.259 E3.75825
G1 X109.765 Y106.822 E3.77623
G1 X109.298 Y106.385 E3.79788
G1 X108.508 Y105.948 E3.82844
G1 X107.365 Y105.512 E3.86985
G1 X107.406 Y105.075 E3.88471
G1 X107.909 Y103.844 E3.92972
G1 X111.494 Y103.844 E4.05107
G1 X111.741 Y104.201 E4.06576
G1 X112.208 Y104.638 E4.08741
G1 X112.998 Y105.075 E4.11797
G1 X114.141 Y105.512 E4.15939
G1 X114.099 Y105.948 E4.17422
G1 X113.952 Y106.385 E4.18983
G1 X113.561 Y107.259 E4.22224
G1 X113.259 Y107.695 E4.24019
G1 X112.792 Y108.132 E4.26184
G1 X112.002 Y108.569 E4.2924
G1 X110.859 Y109.006 E4.33382
G1 X110.901 Y109.443 E4.34868
G1 X111.048 Y109.879 E4.36425
G1 X111.439 Y110.753 E4.39666
G1 X111.741 Y111.19 E4.41464
G1 X112.208 Y111.626 E4.43627
G1 X112.998 Y112.063 E4.46683
G1 X114.141 Y112.5 E4.50825
G1 X114.099 Y112.937 E4.52311
G1 X113.952 Y113.374 E4.53872
G1 X113.561 Y114.247 E4.5711
G1 X113.259 Y114.684 E4.58908
G1 X112.792 Y115.121 E4.61073
G1 X112.002 Y115.557 E4.64127
G1 X110.859 Y115.994 E4.68269
G1 X110.901 Y116.431 E4.69755
G1 X111.439 Y117.741 E4.74549
G1 X111.741 Y118.178 E4.76347
G1 X112.208 Y118.615 E4.78512
G1 X112.998 Y119.052 E4.81568
G1 X114.141 Y119.488 E4.85709
G1 X114.099 Y119.925 E4.87195
G1 X113.597 Y121.156 E4.91695
G1 X117 Y121.156 E5.03214
G1 X116.753 Y120.799 E5.04683
G1 X116.286 Y120.362 E5.06848
G1 X115.496 Y119.925 E5.09904
G1 X114.353 Y119.488 E5.14046
G1 X114.395 Y119.052 E5.15529
G1 X114.933 Y117.741 E5.20326
G1 X115.235 Y117.305 E5.22121
G1 X115.702 Y116.868 E5.24286
G1 X116.492 Y116.431 E5.27342
G1 X117.635 Y115.994 E5.31484
G1 X117.594 Y115.557 E5.3297
G1 X117.056 Y114.247 E5.37764
G1 X116.753 Y113.81 E5.39564
G1 X116.286 Y113.374 E5.41727
G1 X115.496 Y112.937 E5.44783
G1 X114.353 Y112.5 E5.48925
G1 X114.395 Y112.063 E5.50411
G1 X114.542 Y111.626 E5.51972
G1 X114.933 Y110.753 E5.5521
G1 X115.235 Y110.316 E5.57008
G1 X115.702 Y109.879 E5.59173
G1 X116.492 Y109.443 E5.62227
G1 X117.635 Y109.006 E5.66369
G1 X117.594 Y108.569 E5.67855
G1 X117.056 Y107.259 E5.72649
G1 X116.753 Y106.822 E5.74449
G1 X116.286 Y106.385 E5.76614
G1 X115.496 Y105.948 E5.7967
G1 X114.353 Y105.512 E5.83811
G1 X114.395 Y105.075 E5.85297
G1 X114.897 Y103.844 E5.89797
G1 X118.482 Y103.844 E6.01932
G1 X118.729 Y104.201 E6.03401
G1 X119.196 Y104.638 E6.05566
G1 X119.986 Y105.075 E6.08622
G1 X121.129 Y105.512 E6.12764
G1 X121.088 Y105.948 E6.14246
G1 X120.941 Y106.385 E6.15807
G1 X120.55 Y107.259 E6.19048
G1 X120.247 Y107.695 E6.20845
G1 X119.781 Y108.132 E6.23007
G1 X118.99 Y108.569 E6.26066
G1 X117.847 Y109.006 E6.30208
G1 X117.889 Y109.443 E6.31694
G1 X118.036 Y109.879 E6.33251
G1 X118.427 Y110.753 E6.36492
G1 X118.729 Y111.19 E6.3829
G1 X119.196 Y111.626 E6.40453
G1 X119.986 Y112.063 E6.43509
G1 X121.129 Y112.5 E6.47651
G1 X121.088 Y112.937 E6.49137
G1 X120.941 Y113.374 E6.50698
G1 X120.55 Y114.247 E6.53936
G1 X120.247 Y114.684 E6.55736
G1 X119.781 Y115.121 E6.57898
G1 X118.99 Y115.557 E6.60955
G1 X117.847 Y115.994 E6.65097
G1 X117.889 Y116.431 E6.66583
G1 X118.036 Y116.868 E6.68144
G1 X118.427 Y117.741 E6.71382
G1 X118.729 Y118.178 E6.7318
G1 X119.196 Y118.615 E6.75345
G1 X119.986 Y119.052 E6.78401
G1 X121.129 Y119.488 E6.82542
G1 X121.088 Y119.925 E6.84028
G1 X120.586 Y121.156 E6.88528
G1 X118.143 Y121.156 E6.96797
;LAYER_CHANGE
;Z:16.8
;HEIGHT:0.199999
G1 Z16.8 F7800
G1 E4.96797 F2400
G1 Z16.8 F7800
G1 X103.539 Y103.539
G1 E6.96797 F2400
;TYPE:Perimeter
;WIDTH:0.449999
G1 F3600
G1 X121.461 Y103.539 E7.57461
G1 X121.461 Y112.5 E7.87793
G1 X121.461 Y121.461 E8.18125
G1 X103.539 Y121.461 E8.78789
G1 X103.539 Y103.599 E9.3925
G1 X103.539 Y103.599 F7800
G1 X103.132 Y103.132
G1 F3600
G1 X121.868 Y103.132 E10.02669
G1 X121.868 Y112.5 E10.34379
G1 X121.868 Y121.868 E10.66089
G1 X103.132 Y121.868 E11.29508
G1 X103.132 Y103.192 E11.92724
G1 X102.725 Y102.725 F7800
;TYPE:External perimeter
G1 F1800
G1 X122.275 Y102.725 E12.58898
G1 X122.275 Y112.5 E12.91985
G1 X122.275 Y122.275 E13.25072
G1 X102.725 Y122.275 E13.91246
G1 X102.725 Y102.785 E14.57217
G1 X103.121 Y102.726 F7800
G1 E12.57217 F2400
G92 E0
G1 X103.844 Y105.557 F7800
G1 E2 F2400
;TYPE:Internal infill
;WIDTH:0.45
G1 F4800
G1 X103.844 Y103.844 E2.05798
G1 X104.575 Y103.844 E2.08272
G1 X104.77 Y104.201 E2.09649
G1 X105.144 Y104.638 E2.11596
G1 X106.357 Y105.512 E2.16657
G1 X106.68 Y105.948 E2.18494
G1 X106.722 Y106.385 E2.1998
G1 X106.492 Y107.259 E2.23039
G1 X106.253 Y107.695 E2.24722
G1 X105.88 Y108.132 E2.26667
G1 X104.666 Y109.006 E2.3173
G1 X104.343 Y109.443 E2.33569
G1 X104.301 Y109.879 E2.35052
G1 X104.531 Y110.753 E2.38111
G1 X104.77 Y111.19 E2.39797
G1 X105.144 Y111.626 E2.41741
G1 X106.357 Y112.5 E2.46802
G1 X106.68 Y112.937 E2.48641
G1 X106.722 Y113.374 E2.50127
G1 X106.492 Y114.247 E2.53183
G1 X106.253 Y114.684 E2.54869
G1 X105.88 Y115.121 E2.56814
G1 X104.666 Y115.994 E2.61875
G1 X104.343 Y116.431 E2.63714
G1 X104.301 Y116.868 E2.652
G1 X104.531 Y117.741 E2.68256
G1 X104.77 Y118.178 E2.69942
G1 X105.144 Y118.615 E2.71889
G1 X106.357 Y119.488 E2.76948
G1 X106.68 Y119.925 E2.78787
G1 X106.722 Y120.362 E2.80273
G1 X106.513 Y121.156 E2.83052
G1 X109.943 Y121.156 E2.94662
G1 X109.747 Y120.799 E2.96041
G1 X109.374 Y120.362 E2.97986
G1 X108.16 Y119.488 E3.03049
G1 X107.838 Y119.052 E3.04884
G1 X107.796 Y118.615 E3.0637
G1 X108.025 Y117.741 E3.09428
G1 X108.265 Y117.305 E3.11113
G1 X108.638 Y116.868 E3.13058
G1 X109.851 Y115.994 E3.18119
G1 X110.174 Y115.557 E3.19958
G1 X110.216 Y115.121 E3.21441
G1 X109.987 Y114.247 E3.24499
G1 X109.747 Y113.81 E3.26187
G1 X109.374 Y113.374 E3.28129
G1 X108.16 Y112.5 E3.33192
G1 X107.838 Y112.063 E3.35029
G1 X107.796 Y111.626 E3.36515
G1 X108.025 Y110.753 E3.3957
G1 X108.265 Y110.316 E3.41258
G1 X108.638 Y109.879 E3.43203
G1 X109.851 Y109.006 E3.48262
G1 X110.174 Y108.569 E3.50101
G1 X110.216 Y108.132 E3.51587
G1 X109.987 Y107.259 E3.54642
G1 X109.747 Y106.822 E3.5633
G1 X109.374 Y106.385 E3.58275
G1 X108.16 Y105.512 E3.63336
G1 X107.838 Y105.075 E3.65173
G1 X107.796 Y104.638 E3.66659
G1 X108.004 Y103.844 E3.69437
G1 X111.563 Y103.844 E3.81484
G1 X111.759 Y104.201 E3.82863
G1 X112.132 Y104.638 E3.84808
G1 X113.345 Y105.512 E3.89869
G1 X113.668 Y105.948 E3.91706
G1 X113.71 Y106.385 E3.93192
G1 X113.481 Y107.259 E3.9625
G1 X113.241 Y107.695 E3.97935
G1 X112.868 Y108.132 E3.9988
G1 X111.655 Y109.006 E4.04941
G1 X111.332 Y109.443 E4.0678
G1 X111.29 Y109.879 E4.08263
G1 X111.519 Y110.753 E4.11321
G1 X111.759 Y111.19 E4.13009
G1 X112.132 Y111.626 E4.14951
G1 X113.345 Y112.5 E4.20012
G1 X113.668 Y112.937 E4.21851
G1 X113.71 Y113.374 E4.23337
G1 X113.481 Y114.247 E4.26392
G1 X113.241 Y114.684 E4.2808
G1 X112.868 Y115.121 E4.30025
G1 X111.655 Y115.994 E4.35084
G1 X111.332 Y116.431 E4.36923
G1 X111.29 Y116.868 E4.38409
G1 X111.519 Y117.741 E4.41464
G1 X111.759 Y118.178 E4.43152
G1 X112.132 Y118.615 E4.45097
G1 X113.345 Y119.488 E4.50156
G1 X113.668 Y119.925 E4.51995
G1 X113.71 Y120.362 E4.53481
G1 X113.502 Y121.156 E4.56259
G1 X116.931 Y121.156 E4.67866
G1 X116.735 Y120.799 E4.69245
G1 X116.362 Y120.362 E4.7119
G1 X115.149 Y119.488 E4.76251
G1 X114.826 Y119.052 E4.78088
G1 X114.784 Y118.615 E4.79574
G1 X115.013 Y117.741 E4.82632
G1 X115.253 Y117.305 E4.84317
G1 X115.626 Y116.868 E4.86262
G1 X116.84 Y115.994 E4.91325
G1 X117.162 Y115.557 E4.93162
G1 X117.204 Y115.121 E4.94645
G1 X116.975 Y114.247 E4.97703
G1 X116.735 Y113.81 E4.99391
G1 X116.362 Y113.374 E5.01333
G1 X115.149 Y112.5 E5.06394
G1 X114.826 Y112.063 E5.08233
G1 X114.784 Y111.626 E5.09719
G1 X115.013 Y110.753 E5.12774
G1 X115.253 Y110.316 E5.14462
G1 X115.626 Y109.879 E5.16407
G1 X116.84 Y109.006 E5.21468
G1 X117.162 Y108.569 E5.23305
G1 X117.204 Y108.132 E5.24791
G1 X116.975 Y107.259 E5.27846
G1 X116.735 Y106.822 E5.29534
G1 X116.362 Y106.385 E5.31479
G1 X115.149 Y105.512 E5.36538
G1 X114.826 Y105.075 E5.38377
G1 X114.784 Y104.638 E5.39863
G1 X114.992 Y103.844 E5.42641
G1 X118.551 Y103.844 E5.54688
G1 X118.747 Y104.201 E5.56067
G1 X119.12 Y104.638 E5.58012
G1 X120.334 Y105.512 E5.63075
G1 X120.657 Y105.948 E5.64912
G1 X120.699 Y106.385 E5.66398
G1 X120.469 Y107.259 E5.69457
G1 X120.23 Y107.695 E5.7114
G1 X119.856 Y108.132 E5.73087
G1 X118.643 Y109.006 E5.78148
G1 X118.32 Y109.443 E5.79987
G1 X118.278 Y109.879 E5.8147
G1 X118.508 Y110.753 E5.84529
G1 X118.747 Y111.19 E5.86215
G1 X119.12 Y111.626 E5.88157
G1 X120.334 Y112.5 E5.9322
G1 X120.657 Y112.937 E5.95059
G1 X120.699 Y113.374 E5.96545
G1 X120.469 Y114.247 E5.99601
G1 X120.23 Y114.684 E6.01287
G1 X119.856 Y115.121 E6.03234
G1 X118.643 Y115.994 E6.08293
G1 X118.32 Y116.431 E6.10132
G1 X118.278 Y116.868 E6.11618
G1 X118.508 Y117.741 E6.14674
G1 X118.747 Y118.178 E6.1636
G1 X119.12 Y118.615 E6.18305
G1 X120.334 Y119.488 E6.23366
G1 X120.657 Y119.925 E6.25205
G1 X120.699 Y120.362 E6.26691
G1 X120.49 Y121.156 E6.2947
G1 X121.156 Y121.156 E6.31724
G1 X121.156 Y119.378 E6.37742
;LAYER_CHANGE
;Z:17
;HEIGHT:0.200001
G1 Z17 F7800
G1 E4.37742 F2400
G1 Z17 F7800
G1 X103.539 Y103.539
G1 E6.37742 F2400
;TYPE:Perimeter
;WIDTH:0.449999
G1 F3600
G1 X121.461 Y103.539 E6.98406
G1 X121.461 Y112.5 E7.28738
G1 X121.461 Y121.461 E7.5907
G1 X103.539 Y121.461 E8.19734
G1 X103.539 Y103.599 E8.80195
G1 X103.539 Y103.599 F7800
G1 X103.132 Y103.132
G1 F3600
G1 X121.868 Y103.132 E9.43614
G1 X121.868 Y112.5 E9.75324
G1 X121.868 Y121.868 E10.07034
G1 X103.132 Y121.868 E10.70453
G1 X103.132 Y103.192 E11.33669
G1 X102.725 Y102.725 F7800
;TYPE:External perimeter
G1 F1800
G1 X122.275 Y102.725 E11.99843
G1 X122.275 Y112.5 E12.3293
G1 X122.275 Y122.275 E12.66017
G1 X102.725 Y122.275 E13.32191
G1 X102.725 Y102.785 E13.98162
G1 X103.121 Y102.726 F7800
G1 E11.98162 F2400
G92 E0
G1 X103.844 Y105.512 F7800
G1 E2 F2400
;TYPE:Internal infill
;WIDTH:0.45
G1 F4800
G1 X103.844 Y103.844 E2.05646
G1 X104.619 Y103.844 E2.08269
G1 X104.766 Y104.201 E2.09576
G1 X105.061 Y104.638 E2.11361
G1 X106.032 Y105.512 E2.15783
G1 X106.392 Y105.948 E2.17697
G1 X106.529 Y106.385 E2.19247
G1 X106.437 Y107.259 E2.22222
G1 X106.257 Y107.695 E2.23819
G1 X105.962 Y108.132 E2.25604
G1 X104.991 Y109.006 E2.30026
G1 X104.631 Y109.443 E2.31942
G1 X104.495 Y109.879 E2.33488
G1 X104.587 Y110.753 E2.36463
G1 X104.766 Y111.19 E2.38061
G1 X105.061 Y111.626 E2.39843
G1 X106.032 Y112.5 E2.44265
G1 X106.392 Y112.937 E2.46181
G1 X106.529 Y113.374 E2.47731
G1 X106.437 Y114.247 E2.50702
G1 X106.257 Y114.684 E2.52302
G1 X105.962 Y115.121 E2.54087
G1 X104.991 Y115.994 E2.58507
G1 X104.631 Y116.431 E2.60423
G1 X104.495 Y116.868 E2.61972
G1 X104.587 Y117.741 E2.64943
G1 X104.766 Y118.178 E2.66541
G1 X105.061 Y118.615 E2.68326
G1 X106.032 Y119.488 E2.72746
G1 X106.392 Y119.925 E2.74662
G1 X106.529 Y120.362 E2.76212
G1 X106.445 Y121.156 E2.78915
G1 X109.898 Y121.156 E2.90603
G1 X109.752 Y120.799 E2.91909
G1 X109.456 Y120.362 E2.93696
G1 X108.486 Y119.488 E2.98116
G1 X108.125 Y119.052 E3.00032
G1 X107.989 Y118.615 E3.01581
G1 X108.081 Y117.741 E3.04556
G1 X108.26 Y117.305 E3.06151
G1 X108.555 Y116.868 E3.07936
G1 X109.526 Y115.994 E3.12358
G1 X109.886 Y115.557 E3.14274
G1 X110.023 Y115.121 E3.15821
G1 X109.931 Y114.247 E3.18796
G1 X109.752 Y113.81 E3.20394
G1 X109.456 Y113.374 E3.22178
G1 X108.486 Y112.5 E3.26598
G1 X108.125 Y112.063 E3.28517
G1 X107.989 Y111.626 E3.30066
G1 X108.081 Y110.753 E3.33037
G1 X108.26 Y110.316 E3.34635
G1 X108.555 Y109.879 E3.3642
G1 X109.526 Y109.006 E3.4084
G1 X109.886 Y108.569 E3.42756
G1 X110.023 Y108.132 E3.44306
G1 X109.931 Y107.259 E3.47277
G1 X109.752 Y106.822 E3.48875
G1 X109.456 Y106.385 E3.50662
G1 X108.486 Y105.512 E3.55079
G1 X108.125 Y105.075 E3.56998
G1 X107.989 Y104.638 E3.58547
G1 X108.072 Y103.844 E3.61249
G1 X111.608 Y103.844 E3.73218
G1 X111.754 Y104.201 E3.74524
G1 X112.049 Y104.638 E3.76309
G1 X113.02 Y105.512 E3.80731
G1 X113.38 Y105.948 E3.82645
G1 X113.517 Y106.385 E3.84195
G1 X113.425 Y107.259 E3.8717
G1 X113.246 Y107.695 E3.88765
G1 X112.951 Y108.132 E3.9055
G1 X111.98 Y109.006 E3.94972
G1 X111.62 Y109.443 E3.96888
G1 X111.483 Y109.879 E3.98435
G1 X111.575 Y110.753 E4.0141
G1 X111.754 Y111.19 E4.03008
G1 X112.049 Y111.626 E4.0479
G1 X113.02 Y112.5 E4.09212
G1 X113.38 Y112.937 E4.11128
G1 X113.517 Y113.374 E4.12678
G1 X113.425 Y114.247 E4.15649
G1 X113.246 Y114.684 E4.17247
G1 X112.951 Y115.121 E4.19032
G1 X111.98 Y115.994 E4.23452
G1 X111.62 Y116.431 E4.25368
G1 X111.483 Y116.868 E4.26918
G1 X111.575 Y117.741 E4.29889
G1 X111.754 Y118.178 E4.31487
G1 X112.049 Y118.615 E4.33272
G1 X113.02 Y119.488 E4.37692
G1 X113.38 Y119.925 E4.39608
G1 X113.517 Y120.362 E4.41158
G1 X113.433 Y121.156 E4.43861
G1 X116.886 Y121.156 E4.55549
G1 X116.74 Y120.799 E4.56855
G1 X116.445 Y120.362 E4.5864
G1 X115.474 Y119.488 E4.63062
G1 X115.114 Y119.052 E4.64976
G1 X114.977 Y118.615 E4.66526
G1 X115.069 Y117.741 E4.69501
G1 X115.248 Y117.305 E4.71096
G1 X115.544 Y116.868 E4.72883
G1 X116.514 Y115.994 E4.77303
G1 X116.875 Y115.557 E4.79222
G1 X117.011 Y115.121 E4.80768
G1 X116.919 Y114.247 E4.83743
G1 X116.74 Y113.81 E4.85341
G1 X116.445 Y113.374 E4.87123
G1 X115.474 Y112.5 E4.91545
G1 X115.114 Y112.063 E4.93461
G1 X114.977 Y111.626 E4.95011
G1 X115.069 Y110.753 E4.97982
G1 X115.248 Y110.316 E4.9958
G1 X115.544 Y109.879 E5.01367
G1 X116.514 Y109.006 E5.05784
G1 X116.875 Y108.569 E5.07703
G1 X117.011 Y108.132 E5.09252
G1 X116.919 Y107.259 E5.12223
G1 X116.74 Y106.822 E5.13821
G1 X116.445 Y106.385 E5.15606
G1 X115.474 Y105.512 E5.20026
G1 X115.114 Y105.075 E5.21942
G1 X114.977 Y104.638 E5.23492
G1 X115.061 Y103.844 E5.26195
G1 X118.596 Y103.844 E5.38161
G1 X118.743 Y104.201 E5.39468
G1 X119.038 Y104.638 E5.41253
G1 X120.009 Y105.512 E5.45675
G1 X120.369 Y105.948 E5.47589
G1 X120.505 Y106.385 E5.49138
G1 X120.413 Y107.259 E5.52113
G1 X120.234 Y107.695 E5.53708
G1 X119.939 Y108.132 E5.55493
G1 X118.968 Y109.006 E5.59915
G1 X118.608 Y109.443 E5.61831
G1 X118.471 Y109.879 E5.63378
G1 X118.564 Y110.753 E5.66353
G1 X118.743 Y111.19 E5.67951
G1 X119.038 Y111.626 E5.69733
G1 X120.009 Y112.5 E5.74155
G1 X120.369 Y112.937 E5.76071
G1 X120.505 Y113.374 E5.7762
G1 X120.413 Y114.247 E5.80591
G1 X120.234 Y114.684 E5.82189
G1 X119.939 Y115.121 E5.83974
G1 X118.968 Y115.994 E5.88394
G1 X118.608 Y116.431 E5.9031
G1 X118.471 Y116.868 E5.9186
G1 X118.564 Y117.741 E5.94832
G1 X118.743 Y118.178 E5.9643
G1 X119.038 Y118.615 E5.98215
G1 X120.009 Y119.488 E6.02635
G1 X120.369 Y119.925 E6.04551
G1 X120.505 Y120.362 E6.061
G1 X120.422 Y121.156 E6.08802
G1 X121.156 Y121.156 E6.11287
G1 X121.156 Y119.447 E6.17072
;LAYER_CHANGE
;Z:17.2
;HEIGHT:0.200001
G1 Z17.2 F7800
G1 E4.17072 F2400
G1 Z17.2 F7800
G1 X103.539 Y103.539
G1 E6.17072 F2400
;TYPE:Perimeter
;WIDTH:0.449999
G1 F3600
G1 X121.461 Y103.539 E6.77736
G1 X121.461 Y112.5 E7.08068
G1 X121.461 Y121.461 E7.384
G1 X103.539 Y121.461 E7.99064
G1 X103.539 Y103.599 E8.59525
G1 X103.539 Y103.599 F7800
G1 X103.132 Y103.132
G1 F3600
G1 X121.868 Y103.132 E9.22944
G1 X121.868 Y112.5 E9.54654
G1 X121.868 Y121.868 E9.86364
G1 X103.132 Y121.868 E10.49783
G1 X103.132 Y103.192 E11.12999
G1 X102.725 Y102.725 F7800
;TYPE:External perimeter
G1 F1800
G1 X122.275 Y102.725 E11.79173
G1 X122.275 Y112.5 E12.1226
G1 X122.275 Y122.275 E12.45347
G1 X102.725 Y122.275 E13.11521
G1 X102.725 Y102.785 E13.77492
G1 X103.121 Y102.726 F7800
G1 E11.77492 F2400
G92 E0
G1 X109.189 Y103.844 F7800
G1 E2 F2400
;TYPE:Internal infill
;WIDTH:0.45
G1 F4800
G1 X111.632 Y103.844 E2.08269
G1 X111.73 Y104.201 E2.09522
G1 X111.958 Y104.638 E2.1119
G1 X113.157 Y105.948 E2.17201
G1 X113.359 Y106.385 E2.18831
G1 X113.423 Y106.822 E2.20326
G1 X113.39 Y107.259 E2.21809
G1 X113.27 Y107.695 E2.2334
G1 X113.042 Y108.132 E2.25008
G1 X111.843 Y109.443 E2.31022
G1 X111.641 Y109.879 E2.32649
G1 X111.577 Y110.316 E2.34144
G1 X111.61 Y110.753 E2.35627
G1 X111.73 Y111.19 E2.37161
G1 X111.958 Y111.626 E2.38826
G1 X113.157 Y112.937 E2.4484
G1 X113.359 Y113.374 E2.4647
G1 X113.423 Y113.81 E2.47962
G1 X113.39 Y114.247 E2.49445
G1 X113.27 Y114.684 E2.50979
G1 X113.042 Y115.121 E2.52647
G1 X111.843 Y116.431 E2.58658
G1 X111.641 Y116.868 E2.60288
G1 X111.577 Y117.305 E2.61783
G1 X111.61 Y117.741 E2.63263
G1 X111.73 Y118.178 E2.64797
G1 X111.958 Y118.615 E2.66465
G1 X113.157 Y119.925 E2.72476
G1 X113.359 Y120.362 E2.74106
G1 X113.423 Y120.799 E2.75601
G1 X113.396 Y121.156 E2.76813
G1 X116.862 Y121.156 E2.88545
G1 X116.764 Y120.799 E2.89798
G1 X116.536 Y120.362 E2.91466
G1 X115.337 Y119.052 E2.97477
G1 X115.135 Y118.615 E2.99107
G1 X115.071 Y118.178 E3.00602
G1 X115.104 Y117.741 E3.02085
G1 X115.225 Y117.305 E3.03617
G1 X115.452 Y116.868 E3.05284
G1 X116.651 Y115.557 E3.11298
G1 X116.853 Y115.121 E3.12925
G1 X116.917 Y114.684 E3.1442
G1 X116.884 Y114.247 E3.15903
G1 X116.764 Y113.81 E3.17437
G1 X116.536 Y113.374 E3.19102
G1 X115.337 Y112.063 E3.25116
G1 X115.135 Y111.626 E3.26746
G1 X115.071 Y111.19 E3.28238
G1 X115.104 Y110.753 E3.29721
G1 X115.225 Y110.316 E3.31256
G1 X115.452 Y109.879 E3.32923
G1 X116.651 Y108.569 E3.38934
G1 X116.853 Y108.132 E3.40564
G1 X116.917 Y107.695 E3.42059
G1 X116.884 Y107.259 E3.43539
G1 X116.764 Y106.822 E3.45073
G1 X116.536 Y106.385 E3.46741
G1 X115.337 Y105.075 E3.52752
G1 X115.135 Y104.638 E3.54382
G1 X115.071 Y104.201 E3.55877
G1 X115.098 Y103.844 E3.57089
G1 X118.62 Y103.844 E3.69011
G1 X118.719 Y104.201 E3.70265
G1 X118.947 Y104.638 E3.71933
G1 X120.146 Y105.948 E3.77944
G1 X120.347 Y106.385 E3.79572
G1 X120.411 Y106.822 E3.81067
G1 X120.379 Y107.259 E3.8255
G1 X120.258 Y107.695 E3.84082
G1 X120.03 Y108.132 E3.8575
G1 X118.831 Y109.443 E3.91764
G1 X118.629 Y109.879 E3.93391
G1 X118.566 Y110.316 E3.94885
G1 X118.598 Y110.753 E3.96368
G1 X118.719 Y111.19 E3.97903
G1 X118.947 Y111.626 E3.99568
G1 X120.146 Y112.937 E4.05582
G1 X120.347 Y113.374 E4.0721
G1 X120.411 Y113.81 E4.08702
G1 X120.379 Y114.247 E4.10185
G1 X120.258 Y114.684 E4.1172
G1 X120.03 Y115.121 E4.13388
G1 X118.831 Y116.431 E4.19399
G1 X118.629 Y116.868 E4.21029
G1 X118.566 Y117.305 E4.22523
G1 X118.598 Y117.741 E4.24003
G1 X118.719 Y118.178 E4.25538
G1 X118.947 Y118.615 E4.27206
G1 X120.146 Y119.925 E4.33217
G1 X120.347 Y120.362 E4.34845
G1 X120.411 Y120.799 E4.3634
G1 X120.385 Y121.156 E4.37552
G1 X121.156 Y121.156 E4.40162
G1 X121.156 Y119.484 E4.45822
G1 E2.45822 F2400
G92 E0
G1 X121.156 Y119.484 F7800
G1 X112.316 Y121.156
G1 E2 F2400
G1 F4800
G1 X109.874 Y121.156 E2.08266
G1 X109.775 Y120.799 E2.0952
G1 X109.548 Y120.362 E2.11187
G1 X108.349 Y119.052 E2.17198
G1 X108.147 Y118.615 E2.18828
G1 X108.083 Y118.178 E2.20323
G1 X108.116 Y117.741 E2.21806
G1 X108.236 Y117.305 E2.23337
G1 X108.464 Y116.868 E2.25005
G1 X109.663 Y115.557 E2.31019
G1 X109.865 Y115.121 E2.32646
G1 X109.929 Y114.684 E2.34141
G1 X109.896 Y114.247 E2.35624
G1 X109.775 Y113.81 E2.37159
G1 X109.548 Y113.374 E2.38823
G1 X108.349 Y112.063 E2.44837
G1 X108.147 Y111.626 E2.46467
G1 X108.083 Y111.19 E2.47959
G1 X108.116 Y110.753 E2.49442
G1 X108.236 Y110.316 E2.50976
G1 X108.464 Y109.879 E2.52644
G1 X109.663 Y108.569 E2.58655
G1 X109.865 Y108.132 E2.60285
G1 X109.929 Y107.695 E2.6178
G1 X109.896 Y107.259 E2.6326
G1 X109.775 Y106.822 E2.64795
G1 X109.548 Y106.385 E2.66462
G1 X108.349 Y105.075 E2.72473
G1 X108.147 Y104.638 E2.74103
G1 X108.083 Y104.201 E2.75598
G1 X108.11 Y103.844 E2.7681
G1 X104.643 Y103.844 E2.88545
G1 X104.742 Y104.201 E2.89799
G1 X104.97 Y104.638 E2.91467
G1 X106.169 Y105.948 E2.97478
G1 X106.371 Y106.385 E2.99108
G1 X106.435 Y106.822 E3.00603
G1 X106.402 Y107.259 E3.02086
G1 X106.281 Y107.695 E3.03618
G1 X106.053 Y108.132 E3.05286
G1 X104.854 Y109.443 E3.113
G1 X104.653 Y109.879 E3.12925
G1 X104.589 Y110.316 E3.1442
G1 X104.621 Y110.753 E3.15903
G1 X104.742 Y111.19 E3.17438
G1 X104.97 Y111.626 E3.19103
G1 X106.169 Y112.937 E3.25117
G1 X106.371 Y113.374 E3.26747
G1 X106.435 Y113.81 E3.28239
G1 X106.402 Y114.247 E3.29722
G1 X106.281 Y114.684 E3.31257
G1 X106.053 Y115.121 E3.32925
G1 X104.854 Y116.431 E3.38936
G1 X104.653 Y116.868 E3.40564
G1 X104.589 Y117.305 E3.42059
G1 X104.621 Y117.741 E3.43539
G1 X104.742 Y118.178 E3.45074
G1 X104.97 Y118.615 E3.46742
G1 X106.169 Y119.925 E3.52753
G1 X106.371 Y120.362 E3.54383
G1 X106.435 Y120.799 E3.55878
G1 X106.408 Y121.156 E3.5709
G1 X103.965 Y121.156 E3.65359
;LAYER_CHANGE
;Z:17.4
;HEIGHT:0.199999
G1 Z17.4 F7800
G1 E1.65359 F2400
G1 Z17.4 F7800
G1 X103.539 Y103.539
G1 E3.65359 F2400
;TYPE:Perimeter
;WIDTH:0.449999
G1 F3600
G1 X121.461 Y103.539 E4.26023
G1 X121.461 Y112.5 E4.56355
G1 X121.461 Y121.461 E4.86687
G1 X103.539 Y121.461 E5.47351
G1 X103.539 Y103.599 E6.07812
G1 X103.539 Y103.599 F7800
G1 X103.132 Y103.132
G1 F3600
G1 X121.868 Y103.132 E6.71231
G1 X121.868 Y112.5 E7.02941
G1 X121.868 Y121.868 E7.34651
G1 X103.132 Y121.868 E7.9807
G1 X103.132 Y103.192 E8.61286
G1 X102.725 Y102.725 F7800
;TYPE:External perimeter
G1 F1800
G1 X122.275 Y102.725 E9.2746
G1 X122.275 Y112.5 E9.60547
G1 X122.275 Y122.275 E9.93634
G1 X102.725 Y122.275 E10.59808
G1 X102.725 Y102.785 E11.25779
G1 X103.121 Y102.726 F7800
G1 E9.25779 F2400
G92 E0
G1 X121.068 Y103.844 F7800
G1 E2 F2400
;TYPE:Internal infill
;WIDTH:0.45
G1 F4800
G1 X118.625 Y103.844 E2.08269
G1 X118.678 Y104.201 E2.09491
G1 X118.844 Y104.638 E2.11073
G1 X119.143 Y105.075 E2.12865
G1 X119.957 Y105.948 E2.16905
G1 X120.215 Y106.385 E2.18623
G1 X120.339 Y106.822 E2.20161
G1 X120.363 Y107.259 E2.21642
G1 X120.299 Y107.695 E2.23134
G1 X120.133 Y108.132 E2.24716
G1 X119.834 Y108.569 E2.26508
G1 X119.02 Y109.443 E2.30551
G1 X118.762 Y109.879 E2.32266
G1 X118.638 Y110.316 E2.33804
G1 X118.614 Y110.753 E2.35285
G1 X118.678 Y111.19 E2.3678
G1 X118.844 Y111.626 E2.38359
G1 X119.143 Y112.063 E2.40151
G1 X119.957 Y112.937 E2.44194
G1 X120.215 Y113.374 E2.45912
G1 X120.339 Y113.81 E2.47446
G1 X120.363 Y114.247 E2.48927
G1 X120.299 Y114.684 E2.50422
G1 X120.133 Y115.121 E2.52004
G1 X119.834 Y115.557 E2.53794
G1 X119.02 Y116.431 E2.57837
G1 X118.762 Y116.868 E2.59555
G1 X118.638 Y117.305 E2.61093
G1 X118.614 Y117.741 E2.62571
G1 X118.678 Y118.178 E2.64066
G1 X118.844 Y118.615 E2.65648
G1 X119.143 Y119.052 E2.6744
G1 X119.957 Y119.925 E2.7148
G1 X120.215 Y120.362 E2.73198
G1 X120.339 Y120.799 E2.74736
G1 X120.359 Y121.156 E2.75946
G1 X116.857 Y121.156 E2.878
G1 X116.805 Y120.799 E2.89021
G1 X116.639 Y120.362 E2.90603
G1 X116.34 Y119.925 E2.92395
G1 X115.526 Y119.052 E2.96435
G1 X115.268 Y118.615 E2.98153
G1 X115.144 Y118.178 E2.99691
G1 X115.12 Y117.741 E3.01172
G1 X115.183 Y117.305 E3.02663
G1 X115.35 Y116.868 E3.04247
G1 X115.648 Y116.431 E3.06037
G1 X116.463 Y115.557 E3.10082
G1 X116.721 Y115.121 E3.11797
G1 X116.845 Y114.684 E3.13335
G1 X116.869 Y114.247 E3.14816
G1 X116.805 Y113.81 E3.16311
G1 X116.639 Y113.374 E3.1789
G1 X116.34 Y112.937 E3.19682
G1 X115.526 Y112.063 E3.23725
G1 X115.268 Y111.626 E3.25443
G1 X115.144 Y111.19 E3.26977
G1 X115.12 Y110.753 E3.28458
G1 X115.183 Y110.316 E3.29952
G1 X115.35 Y109.879 E3.31536
G1 X115.648 Y109.443 E3.33324
G1 X116.463 Y108.569 E3.37369
G1 X116.721 Y108.132 E3.39087
G1 X116.845 Y107.695 E3.40625
G1 X116.869 Y107.259 E3.42103
G1 X116.805 Y106.822 E3.43598
G1 X116.639 Y106.385 E3.4518
G1 X116.34 Y105.948 E3.46972
G1 X115.526 Y105.075 E3.51012
G1 X115.268 Y104.638 E3.5273
G1 X115.144 Y104.201 E3.54268
G1 X115.124 Y103.844 E3.55478
G1 X111.637 Y103.844 E3.67281
G1 X111.689 Y104.201 E3.68502
G1 X111.855 Y104.638 E3.70084
G1 X112.154 Y105.075 E3.71876
G1 X112.969 Y105.948 E3.75919
G1 X113.227 Y106.385 E3.77637
G1 X113.351 Y106.822 E3.79175
G1 X113.375 Y107.259 E3.80656
G1 X113.311 Y107.695 E3.82148
G1 X113.145 Y108.132 E3.8373
G1 X112.846 Y108.569 E3.85522
G1 X112.031 Y109.443 E3.89567
G1 X111.773 Y109.879 E3.91282
G1 X111.649 Y110.316 E3.9282
G1 X111.625 Y110.753 E3.94301
G1 X111.689 Y111.19 E3.95796
G1 X111.855 Y111.626 E3.97375
G1 X112.154 Y112.063 E3.99167
G1 X112.969 Y112.937 E4.03212
G1 X113.227 Y113.374 E4.0493
G1 X113.351 Y113.81 E4.06464
G1 X113.375 Y114.247 E4.07945
G1 X113.311 Y114.684 E4.0944
G1 X113.145 Y115.121 E4.11022
G1 X112.846 Y115.557 E4.12812
G1 X112.031 Y116.431 E4.16857
G1 X111.773 Y116.868 E4.18575
G1 X111.649 Y117.305 E4.20113
G1 X111.625 Y117.741 E4.21591
G1 X111.689 Y118.178 E4.23086
G1 X111.855 Y118.615 E4.24668
G1 X112.154 Y119.052 E4.2646
G1 X112.969 Y119.925 E4.30503
G1 X113.227 Y120.362 E4.32221
G1 X113.351 Y120.799 E4.33759
G1 X113.37 Y121.156 E4.34969
G1 X109.869 Y121.156 E4.46819
G1 X109.817 Y120.799 E4.4804
G1 X109.65 Y120.362 E4.49624
G1 X109.352 Y119.925 E4.51414
G1 X108.537 Y119.052 E4.55457
G1 X108.279 Y118.615 E4.57175
G1 X108.155 Y118.178 E4.58713
G1 X108.131 Y117.741 E4.60194
G1 X108.195 Y117.305 E4.61686
G1 X108.361 Y116.868 E4.63268
G1 X108.66 Y116.431 E4.6506
G1 X109.474 Y115.557 E4.69103
G1 X109.732 Y115.121 E4.70818
G1 X109.856 Y114.684 E4.72356
G1 X109.88 Y114.247 E4.73837
G1 X109.817 Y113.81 E4.75331
G1 X109.65 Y113.374 E4.76911
G1 X109.352 Y112.937 E4.78701
G1 X108.537 Y112.063 E4.82746
G1 X108.279 Y111.626 E4.84464
G1 X108.155 Y111.19 E4.85998
G1 X108.131 Y110.753 E4.87479
G1 X108.195 Y110.316 E4.88974
G1 X108.361 Y109.879 E4.90556
G1 X108.66 Y109.443 E4.92346
G1 X109.474 Y108.569 E4.96389
G1 X109.732 Y108.132 E4.98107
G1 X109.856 Y107.695 E4.99645
G1 X109.88 Y107.259 E5.01123
G1 X109.817 Y106.822 E5.02617
G1 X109.65 Y106.385 E5.04201
G1 X109.352 Y105.948 E5.05991
G1 X108.537 Y105.075 E5.10034
G1 X108.279 Y104.638 E5.11752
G1 X108.155 Y104.201 E5.1329
G1 X108.136 Y103.844 E5.145
G1 X104.649 Y103.844 E5.26303
G1 X104.701 Y104.201 E5.27524
G1 X104.867 Y104.638 E5.29106
G1 X105.166 Y105.075 E5.30898
G1 X105.98 Y105.948 E5.34938
G1 X106.238 Y106.385 E5.36656
G1 X106.362 Y106.822 E5.38194
G1 X106.386 Y107.259 E5.39675
G1 X106.322 Y107.695 E5.41167
G1 X106.156 Y108.132 E5.42749
G1 X105.857 Y108.569 E5.44541
G1 X105.043 Y109.443 E5.48584
G1 X104.785 Y109.879 E5.50299
G1 X104.661 Y110.316 E5.51837
G1 X104.637 Y110.753 E5.53318
G1 X104.701 Y111.19 E5.54813
G1 X104.867 Y111.626 E5.56392
G1 X105.166 Y112.063 E5.58184
G1 X105.98 Y112.937 E5.62227
G1 X106.238 Y113.374 E5.63945
G1 X106.362 Y113.81 E5.65479
G1 X106.386 Y114.247 E5.6696
G1 X106.322 Y114.684 E5.68455
G1 X106.156 Y115.121 E5.70037
G1 X105.857 Y115.557 E5.71827
G1 X105.043 Y116.431 E5.7587
G1 X104.785 Y116.868 E5.77588
G1 X104.661 Y117.305 E5.79126
G1 X104.637 Y117.741 E5.80604
G1 X104.701 Y118.178 E5.82099
G1 X104.867 Y118.615 E5.83681
G1 X105.166 Y119.052 E5.85473
G1 X105.98 Y119.925 E5.89513
G1 X106.238 Y120.362 E5.91231
G1 X106.362 Y120.799 E5.92769
G1 X106.382 Y121.156 E5.93979
G1 X103.939 Y121.156 E6.02248
;LAYER_CHANGE
;Z:17.6
;HEIGHT:0.200001
G1 Z17.6 F7800
G1 E4.02248 F2400
G1 Z17.6 F7800
G1 X103.539 Y103.539
G1 E6.02248 F2400
;TYPE:Perimeter
;WIDTH:0.449999
G1 F3600
G1 X121.461 Y103.539 E6.62912
G1 X121.461 Y112.5 E6.93244
G1 X121.461 Y121.461 E7.23576
G1 X103.539 Y121.461 E7.8424
G1 X103.539 Y103.599 E8.44701
G1 X103.539 Y103.599 F7800
G1 X103.132 Y103.132
G1 F3600
G1 X121.868 Y103.132 E9.0812
G1 X121.868 Y112.5 E9.3983
G1 X121.868 Y121.868 E9.7154
G1 X103.132 Y121.868 E10.34959
G1 X103.132 Y103.192 E10.98175
G1 X102.725 Y102.725 F7800
;TYPE:External perimeter
G1 F1800
G1 X122.275 Y102.725 E11.64349
G1 X122.275 Y112.5 E11.97436
G1 X122.275 Y122.275 E12.30523
G1 X102.725 Y122.275 E12.96697
G1 X102.725 Y102.785 E13.62668
G1 X103.121 Y102.726 F7800
G1 E11.62668 F2400
G92 E0
G1 X121.055 Y103.844 F7800
G1 E2 F2400
;TYPE:Internal infill
;WIDTH:0.45
G1 F4800
G1 X118.613 Y103.844 E2.08266
G1 X118.619 Y104.201 E2.09475
G1 X118.726 Y104.638 E2.10998
G1 X118.968 Y105.075 E2.12689
G1 X119.786 Y105.948 E2.16739
G1 X120.102 Y106.385 E2.18564
G1 X120.285 Y106.822 E2.20168
G1 X120.366 Y107.259 E2.21672
G1 X120.358 Y107.695 E2.23148
G1 X120.251 Y108.132 E2.24671
G1 X120.009 Y108.569 E2.26362
G1 X119.191 Y109.443 E2.30414
G1 X118.875 Y109.879 E2.32237
G1 X118.691 Y110.316 E2.33842
G1 X118.611 Y110.753 E2.35346
G1 X118.619 Y111.19 E2.36825
G1 X118.726 Y111.626 E2.38345
G1 X118.968 Y112.063 E2.40036
G1 X119.786 Y112.937 E2.44088
G1 X120.102 Y113.374 E2.45913
G1 X120.285 Y113.81 E2.47514
G1 X120.366 Y114.247 E2.49018
G1 X120.358 Y114.684 E2.50497
G1 X120.251 Y115.121 E2.5202
G1 X120.009 Y115.557 E2.53708
G1 X119.191 Y116.431 E2.5776
G1 X118.875 Y116.868 E2.59585
G1 X118.691 Y117.305 E2.6119
G1 X118.611 Y117.741 E2.6269
G1 X118.619 Y118.178 E2.64169
G1 X118.726 Y118.615 E2.65692
G1 X118.968 Y119.052 E2.67383
G1 X119.786 Y119.925 E2.71433
G1 X120.102 Y120.362 E2.73258
G1 X120.285 Y120.799 E2.74862
G1 X120.351 Y121.156 E2.76091
G1 X116.87 Y121.156 E2.87874
G1 X116.864 Y120.799 E2.89083
G1 X116.757 Y120.362 E2.90606
G1 X116.515 Y119.925 E2.92297
G1 X115.697 Y119.052 E2.96347
G1 X115.381 Y118.615 E2.98172
G1 X115.197 Y118.178 E2.99777
G1 X115.117 Y117.741 E3.01281
G1 X115.125 Y117.305 E3.02757
G1 X115.231 Y116.868 E3.04279
G1 X115.473 Y116.431 E3.0597
G1 X116.291 Y115.557 E3.10022
G1 X116.608 Y115.121 E3.11847
G1 X116.791 Y114.684 E3.13451
G1 X116.872 Y114.247 E3.14955
G1 X116.864 Y113.81 E3.16434
G1 X116.757 Y113.374 E3.17954
G1 X116.515 Y112.937 E3.19645
G1 X115.697 Y112.063 E3.23697
G1 X115.381 Y111.626 E3.25522
G1 X115.197 Y111.19 E3.27124
G1 X115.117 Y110.753 E3.28628
G1 X115.125 Y110.316 E3.30107
G1 X115.231 Y109.879 E3.31629
G1 X115.473 Y109.443 E3.33317
G1 X116.291 Y108.569 E3.37369
G1 X116.608 Y108.132 E3.39196
G1 X116.791 Y107.695 E3.408
G1 X116.872 Y107.259 E3.42301
G1 X116.864 Y106.822 E3.4378
G1 X116.757 Y106.385 E3.45303
G1 X116.515 Y105.948 E3.46994
G1 X115.697 Y105.075 E3.51044
G1 X115.381 Y104.638 E3.52869
G1 X115.197 Y104.201 E3.54474
G1 X115.132 Y103.844 E3.55702
G1 X111.624 Y103.844 E3.67576
G1 X111.63 Y104.201 E3.68785
G1 X111.737 Y104.638 E3.70308
G1 X111.979 Y105.075 E3.71999
G1 X112.797 Y105.948 E3.76049
G1 X113.113 Y106.385 E3.77874
G1 X113.297 Y106.822 E3.79479
G1 X113.377 Y107.259 E3.80983
G1 X113.37 Y107.695 E3.82459
G1 X113.263 Y108.132 E3.83982
G1 X113.021 Y108.569 E3.85673
G1 X112.203 Y109.443 E3.89725
G1 X111.887 Y109.879 E3.91548
G1 X111.703 Y110.316 E3.93153
G1 X111.623 Y110.753 E3.94657
G1 X111.63 Y111.19 E3.96136
G1 X111.737 Y111.626 E3.97656
G1 X111.979 Y112.063 E3.99347
G1 X112.797 Y112.937 E4.03399
G1 X113.113 Y113.374 E4.05224
G1 X113.297 Y113.81 E4.06826
G1 X113.377 Y114.247 E4.0833
G1 X113.37 Y114.684 E4.09809
G1 X113.263 Y115.121 E4.11332
G1 X113.021 Y115.557 E4.1302
G1 X112.203 Y116.431 E4.17072
G1 X111.887 Y116.868 E4.18897
G1 X111.703 Y117.305 E4.20502
G1 X111.623 Y117.741 E4.22002
G1 X111.63 Y118.178 E4.23481
G1 X111.737 Y118.615 E4.25004
G1 X111.979 Y119.052 E4.26695
G1 X112.797 Y119.925 E4.30745
G1 X113.113 Y120.362 E4.3257
G1 X113.297 Y120.799 E4.34175
G1 X113.363 Y121.156 E4.35404
G1 X109.882 Y121.156 E4.47187
G1 X109.875 Y120.799 E4.48396
G1 X109.769 Y120.362 E4.49918
G1 X109.527 Y119.925 E4.51609
G1 X108.709 Y119.052 E4.55659
G1 X108.392 Y118.615 E4.57486
G1 X108.209 Y118.178 E4.5909
G1 X108.129 Y117.741 E4.60594
G1 X108.136 Y117.305 E4.6207
G1 X108.243 Y116.868 E4.63593
G1 X108.485 Y116.431 E4.65284
G1 X109.303 Y115.557 E4.69336
G1 X109.619 Y115.121 E4.71159
G1 X109.803 Y114.684 E4.72764
G1 X109.883 Y114.247 E4.74268
G1 X109.875 Y113.81 E4.75747
G1 X109.769 Y113.374 E4.77266
G1 X109.527 Y112.937 E4.78957
G1 X108.709 Y112.063 E4.83009
G1 X108.392 Y111.626 E4.84836
G1 X108.209 Y111.19 E4.86437
G1 X108.129 Y110.753 E4.87941
G1 X108.136 Y110.316 E4.8942
G1 X108.243 Y109.879 E4.90943
G1 X108.485 Y109.443 E4.92631
G1 X109.303 Y108.569 E4.96683
G1 X109.619 Y108.132 E4.98508
G1 X109.803 Y107.695 E5.00113
G1 X109.883 Y107.259 E5.01613
G1 X109.875 Y106.822 E5.03092
G1 X109.769 Y106.385 E5.04614
G1 X109.527 Y105.948 E5.06305
G1 X108.709 Y105.075 E5.10355
G1 X108.392 Y104.638 E5.12182
G1 X108.209 Y104.201 E5.13786
G1 X108.143 Y103.844 E5.15015
G1 X104.636 Y103.844 E5.26886
G1 X104.642 Y104.201 E5.28095
G1 X104.749 Y104.638 E5.29618
G1 X104.991 Y105.075 E5.31309
G1 X105.809 Y105.948 E5.35359
G1 X106.125 Y106.385 E5.37184
G1 X106.309 Y106.822 E5.38789
G1 X106.389 Y107.259 E5.40293
G1 X106.381 Y107.695 E5.41769
G1 X106.274 Y108.132 E5.43292
G1 X106.033 Y108.569 E5.44981
G1 X105.214 Y109.443 E5.49035
G1 X104.898 Y109.879 E5.50858
G1 X104.715 Y110.316 E5.52462
G1 X104.634 Y110.753 E5.53966
G1 X104.642 Y111.19 E5.55445
G1 X104.749 Y111.626 E5.56965
G1 X104.991 Y112.063 E5.58656
G1 X105.809 Y112.937 E5.62708
G1 X106.125 Y113.374 E5.64533
G1 X106.309 Y113.81 E5.66135
G1 X106.389 Y114.247 E5.67639
G1 X106.381 Y114.684 E5.69118
G1 X106.274 Y115.121 E5.70641
G1 X106.033 Y115.557 E5.72327
G1 X105.214 Y116.431 E5.76381
G1 X104.898 Y116.868 E5.78206
G1 X104.715 Y117.305 E5.7981
G1 X104.634 Y117.741 E5.81311
G1 X104.642 Y118.178 E5.8279
G1 X104.749 Y118.615 E5.84313
G1 X104.991 Y119.052 E5.86004
G1 X105.809 Y119.925 E5.90054
G1 X106.125 Y120.362 E5.91879
G1 X106.309 Y120.799 E5.93484
G1 X106.374 Y121.156 E5.94712
G1 X103.932 Y121.156 E6.02978
;LAYER_CHANGE
;Z:17.8
;HEIGHT:0.199999
G1 Z17.8 F7800
G1 E4.02978 F2400
G1 Z17.8 F7800
G1 X103.539 Y103.539
G1 E6.02978 F2400
;TYPE:Perimeter
;WIDTH:0.449999
G1 F3600
G1 X121.461 Y103.539 E6.63642
G1 X121.461 Y112.5 E6.93974
G1 X121.461 Y121.461 E7.24306
G1 X103.539 Y121.461 E7.8497
G1 X103.539 Y103.599 E8.45431
G1 X103.539 Y103.599 F7800
G1 X103.132 Y103.132
G1 F3600
G1 X121.868 Y103.132 E9.0885
G1 X121.868 Y112.5 E9.4056
G1 X121.868 Y121.868 E9.7227
G1 X103.132 Y121.868 E10.35689
G1 X103.132 Y103.192 E10.98905
G1 X102.725 Y102.725 F7800
;TYPE:External perimeter
G1 F1800
G1 X122.275 Y102.725 E11.65079
G1 X122.275 Y112.5 E11.98166
G1 X122.275 Y122.275 E12.31253
G1 X102.725 Y122.275 E12.97427
G1 X102.725 Y102.785 E13.63398
G1 X103.121 Y102.726 F7800
G1 E11.63398 F2400
G92 E0
G1 X121.024 Y103.844 F7800
G1 E2 F2400
;TYPE:Internal infill
;WIDTH:0.45
G1 F4800
G1 X118.581 Y103.844 E2.08269
G1 X118.541 Y104.201 E2.09485
G1 X118.587 Y104.638 E2.10972
G1 X118.771 Y105.075 E2.12577
G1 X120.003 Y106.385 E2.18664
G1 X120.249 Y106.822 E2.20361
G1 X120.387 Y107.259 E2.21912
G1 X120.436 Y107.695 E2.23397
G1 X120.39 Y108.132 E2.24884
G1 X120.206 Y108.569 E2.26489
G1 X118.974 Y109.879 E2.32576
G1 X118.728 Y110.316 E2.34273
G1 X118.59 Y110.753 E2.35824
G1 X118.541 Y111.19 E2.37312
G1 X118.587 Y111.626 E2.38796
G1 X118.771 Y112.063 E2.40401
G1 X120.003 Y113.374 E2.46491
G1 X120.249 Y113.81 E2.48186
G1 X120.387 Y114.247 E2.49737
G1 X120.436 Y114.684 E2.51225
G1 X120.39 Y115.121 E2.52712
G1 X120.206 Y115.557 E2.54314
G1 X118.974 Y116.868 E2.60404
G1 X118.728 Y117.305 E2.62101
G1 X118.59 Y117.741 E2.63649
G1 X118.541 Y118.178 E2.65137
G1 X118.587 Y118.615 E2.66624
G1 X118.771 Y119.052 E2.68229
G1 X120.003 Y120.362 E2.74316
G1 X120.249 Y120.799 E2.76013
G1 X120.361 Y121.156 E2.77279
G1 X116.901 Y121.156 E2.88991
G1 X116.942 Y120.799 E2.90207
G1 X116.896 Y120.362 E2.91694
G1 X116.712 Y119.925 E2.93299
G1 X115.48 Y118.615 E2.99386
G1 X115.233 Y118.178 E3.01085
G1 X115.096 Y117.741 E3.02635
G1 X115.047 Y117.305 E3.0412
G1 X115.093 Y116.868 E3.05607
G1 X115.277 Y116.431 E3.07212
G1 X116.509 Y115.121 E3.13299
G1 X116.755 Y114.684 E3.14996
G1 X116.892 Y114.247 E3.16546
G1 X116.942 Y113.81 E3.18035
G1 X116.896 Y113.374 E3.19519
G1 X116.712 Y112.937 E3.21124
G1 X115.48 Y111.626 E3.27214
G1 X115.233 Y111.19 E3.2891
G1 X115.096 Y110.753 E3.3046
G1 X115.047 Y110.316 E3.31948
G1 X115.093 Y109.879 E3.33435
G1 X115.277 Y109.443 E3.35037
G1 X116.509 Y108.132 E3.41127
G1 X116.755 Y107.695 E3.42824
G1 X116.892 Y107.259 E3.44371
G1 X116.942 Y106.822 E3.4586
G1 X116.896 Y106.385 E3.47347
G1 X116.712 Y105.948 E3.48952
G1 X115.48 Y104.638 E3.55039
G1 X115.233 Y104.201 E3.56738
G1 X115.121 Y103.844 E3.58004
G1 X111.593 Y103.844 E3.69946
G1 X111.552 Y104.201 E3.71162
G1 X111.598 Y104.638 E3.72649
G1 X111.783 Y105.075 E3.74255
G1 X113.014 Y106.385 E3.8034
G1 X113.261 Y106.822 E3.82039
G1 X113.398 Y107.259 E3.83589
G1 X113.448 Y107.695 E3.85074
G1 X113.402 Y108.132 E3.86561
G1 X113.217 Y108.569 E3.88167
G1 X111.986 Y109.879 E3.94252
G1 X111.739 Y110.316 E3.95951
G1 X111.602 Y110.753 E3.97501
G1 X111.552 Y111.19 E3.9899
G1 X111.598 Y111.626 E4.00474
G1 X111.783 Y112.063 E4.0208
G1 X113.014 Y113.374 E4.08167
G1 X113.261 Y113.81 E4.09863
G1 X113.398 Y114.247 E4.11413
G1 X113.448 Y114.684 E4.12902
G1 X113.402 Y115.121 E4.14389
G1 X113.217 Y115.557 E4.15992
G1 X111.986 Y116.868 E4.22079
G1 X111.739 Y117.305 E4.23778
G1 X111.602 Y117.741 E4.25325
G1 X111.552 Y118.178 E4.26814
G1 X111.598 Y118.615 E4.28301
G1 X111.783 Y119.052 E4.29907
G1 X113.014 Y120.362 E4.35992
G1 X113.261 Y120.799 E4.37691
G1 X113.373 Y121.156 E4.38957
G1 X109.913 Y121.156 E4.50669
G1 X109.953 Y120.799 E4.51885
G1 X109.908 Y120.362 E4.53372
G1 X109.723 Y119.925 E4.54978
G1 X108.491 Y118.615 E4.61065
G1 X108.245 Y118.178 E4.62762
G1 X108.108 Y117.741 E4.64312
G1 X108.058 Y117.305 E4.65797
G1 X108.104 Y116.868 E4.67284
G1 X108.288 Y116.431 E4.68889
G1 X109.52 Y115.121 E4.74976
G1 X109.767 Y114.684 E4.76675
G1 X109.904 Y114.247 E4.78225
G1 X109.953 Y113.81 E4.79713
G1 X109.908 Y113.374 E4.81197
G1 X109.723 Y112.937 E4.82803
G1 X108.491 Y111.626 E4.88893
G1 X108.245 Y111.19 E4.90588
G1 X108.108 Y110.753 E4.92138
G1 X108.058 Y110.316 E4.93627
G1 X108.104 Y109.879 E4.95114
G1 X108.288 Y109.443 E4.96716
G1 X109.52 Y108.132 E5.02806
G1 X109.767 Y107.695 E5.04505
G1 X109.904 Y107.259 E5.06052
G1 X109.953 Y106.822 E5.0754
G1 X109.908 Y106.385 E5.09027
G1 X109.723 Y105.948 E5.10633
G1 X108.491 Y104.638 E5.1672
G1 X108.245 Y104.201 E5.18417
G1 X108.133 Y103.844 E5.19683
G1 X104.604 Y103.844 E5.31628
G1 X104.564 Y104.201 E5.32844
G1 X104.61 Y104.638 E5.34331
G1 X104.794 Y105.075 E5.35936
G1 X106.026 Y106.385 E5.42023
G1 X106.272 Y106.822 E5.4372
G1 X106.41 Y107.259 E5.45271
G1 X106.459 Y107.695 E5.46756
G1 X106.413 Y108.132 E5.48243
G1 X106.229 Y108.569 E5.49848
G1 X104.997 Y109.879 E5.55935
G1 X104.751 Y110.316 E5.57632
G1 X104.613 Y110.753 E5.59183
G1 X104.564 Y111.19 E5.60671
G1 X104.61 Y111.626 E5.62155
G1 X104.794 Y112.063 E5.6376
G1 X106.026 Y113.374 E5.6985
G1 X106.272 Y113.81 E5.71545
G1 X106.41 Y114.247 E5.73096
G1 X106.459 Y114.684 E5.74584
G1 X106.413 Y115.121 E5.76071
G1 X106.229 Y115.557 E5.77673
G1 X104.997 Y116.868 E5.83763
G1 X104.751 Y117.305 E5.8546
G1 X104.613 Y117.741 E5.87008
G1 X104.564 Y118.178 E5.88496
G1 X104.61 Y118.615 E5.89983
G1 X104.794 Y119.052 E5.91588
G1 X106.026 Y120.362 E5.97675
G1 X106.272 Y120.799 E5.99372
G1 X106.385 Y121.156 E6.00639
G1 X103.942 Y121.156 E6.08908
;LAYER_CHANGE
;Z:18
;HEIGHT:0.200001
G1 Z18 F7800
G1 E4.08908 F2400
G1 Z18 F7800
G1 X103.539 Y103.539
G1 E6.08908 F2400
;TYPE:Perimeter
;WIDTH:0.449999
G1 F3600
G1 X121.461 Y103.539 E6.69572
G1 X121.461 Y112.5 E6.99904
G1 X121.461 Y121.461 E7.30236
G1 X103.539 Y121.461 E7.909
G1 X103.539 Y103.599 E8.51361
G1 X103.539 Y103.599 F7800
G1 X103.132 Y103.132
G1 F3600
G1 X121.868 Y103.132 E9.1478
G1 X121.868 Y112.5 E9.4649
G1 X121.868 Y121.868 E9.782
G1 X103.132 Y121.868 E10.41619
G1 X103.132 Y103.192 E11.04835
G1 X102.725 Y102.725 F7800
;TYPE:External perimeter
G1 F1800
G1 X122.275 Y102.725 E11.71009
G1 X122.275 Y112.5 E12.04096
G1 X122.275 Y122.275 E12.37183
G1 X102.725 Y122.275 E13.03357
G1 X102.725 Y102.785 E13.69328
G1 X103.121 Y102.726 F7800
G1 E11.69328 F2400
G92 E0
G1 X120.98 Y103.844 F7800
G1 E2 F2400
;TYPE:Internal infill
;WIDTH:0.45
G1 F4800
G1 X118.538 Y103.844 E2.08266
G1 X118.42 Y104.638 E2.10983
G1 X118.533 Y105.075 E2.12511
G1 X118.887 Y105.512 E2.14415
G1 X119.914 Y106.385 E2.18978
G1 X120.231 Y106.822 E2.20805
G1 X120.427 Y107.259 E2.22426
G1 X120.557 Y108.132 E2.25414
G1 X120.444 Y108.569 E2.26942
G1 X120.09 Y109.006 E2.28846
G1 X119.063 Y109.879 E2.33409
G1 X118.746 Y110.316 E2.35236
G1 X118.55 Y110.753 E2.36857
G1 X118.42 Y111.626 E2.39845
G1 X118.533 Y112.063 E2.41373
G1 X118.887 Y112.5 E2.43277
G1 X119.914 Y113.374 E2.47842
G1 X120.231 Y113.81 E2.49667
G1 X120.427 Y114.247 E2.51288
G1 X120.557 Y115.121 E2.54279
G1 X120.444 Y115.557 E2.55804
G1 X120.09 Y115.994 E2.57708
G1 X119.063 Y116.868 E2.62273
G1 X118.746 Y117.305 E2.641
G1 X118.55 Y117.741 E2.65718
G1 X118.42 Y118.615 E2.68709
G1 X118.533 Y119.052 E2.70237
G1 X118.887 Y119.488 E2.72138
G1 X119.914 Y120.362 E2.76703
G1 X120.231 Y120.799 E2.7853
G1 X120.391 Y121.156 E2.79854
G1 X116.945 Y121.156 E2.91518
G1 X117.063 Y120.362 E2.94235
G1 X116.949 Y119.925 E2.95764
G1 X116.596 Y119.488 E2.97666
G1 X115.568 Y118.615 E3.02231
G1 X115.252 Y118.178 E3.04056
G1 X115.055 Y117.741 E3.05679
G1 X114.925 Y116.868 E3.08667
G1 X115.039 Y116.431 E3.10196
G1 X115.392 Y115.994 E3.12098
G1 X116.42 Y115.121 E3.16663
G1 X116.737 Y114.684 E3.1849
G1 X116.933 Y114.247 E3.20111
G1 X117.063 Y113.374 E3.23099
G1 X116.949 Y112.937 E3.24628
G1 X116.596 Y112.5 E3.2653
G1 X115.568 Y111.626 E3.31097
G1 X115.252 Y111.19 E3.3292
G1 X115.055 Y110.753 E3.34543
G1 X114.925 Y109.879 E3.37534
G1 X115.039 Y109.443 E3.39059
G1 X115.392 Y109.006 E3.40961
G1 X116.42 Y108.132 E3.45528
G1 X116.737 Y107.695 E3.47355
G1 X116.933 Y107.259 E3.48973
G1 X117.063 Y106.385 E3.51964
G1 X116.949 Y105.948 E3.53493
G1 X116.596 Y105.512 E3.55392
G1 X115.568 Y104.638 E3.59959
G1 X115.252 Y104.201 E3.61784
G1 X115.091 Y103.844 E3.6311
G1 X111.549 Y103.844 E3.75099
G1 X111.431 Y104.638 E3.77816
G1 X111.545 Y105.075 E3.79345
G1 X111.898 Y105.512 E3.81247
G1 X112.926 Y106.385 E3.85812
G1 X113.242 Y106.822 E3.87637
G1 X113.439 Y107.259 E3.8926
G1 X113.569 Y108.132 E3.92248
G1 X113.455 Y108.569 E3.93777
G1 X113.102 Y109.006 E3.95679
G1 X112.074 Y109.879 E4.00244
G1 X111.758 Y110.316 E4.02069
G1 X111.561 Y110.753 E4.03692
G1 X111.431 Y111.626 E4.0668
G1 X111.545 Y112.063 E4.08209
G1 X111.898 Y112.5 E4.10111
G1 X112.926 Y113.374 E4.14678
G1 X113.242 Y113.81 E4.16501
G1 X113.439 Y114.247 E4.18124
G1 X113.569 Y115.121 E4.21115
G1 X113.455 Y115.557 E4.2264
G1 X113.102 Y115.994 E4.24542
G1 X112.074 Y116.868 E4.29109
G1 X111.758 Y117.305 E4.30934
G1 X111.561 Y117.741 E4.32553
G1 X111.431 Y118.615 E4.35544
G1 X111.545 Y119.052 E4.37073
G1 X111.898 Y119.488 E4.38972
G1 X112.926 Y120.362 E4.43539
G1 X113.242 Y120.799 E4.45364
G1 X113.403 Y121.156 E4.4669
G1 X109.957 Y121.156 E4.58354
G1 X110.075 Y120.362 E4.61071
G1 X109.961 Y119.925 E4.626
G1 X109.608 Y119.488 E4.64502
G1 X108.58 Y118.615 E4.69067
G1 X108.263 Y118.178 E4.70894
G1 X108.067 Y117.741 E4.72515
G1 X107.937 Y116.868 E4.75503
G1 X108.051 Y116.431 E4.77032
G1 X108.404 Y115.994 E4.78934
G1 X109.432 Y115.121 E4.83499
G1 X109.748 Y114.684 E4.85324
G1 X109.945 Y114.247 E4.86947
G1 X110.075 Y113.374 E4.89935
G1 X109.961 Y112.937 E4.91464
G1 X109.608 Y112.5 E4.93366
G1 X108.58 Y111.626 E4.97933
G1 X108.263 Y111.19 E4.99758
G1 X108.067 Y110.753 E5.01379
G1 X107.937 Y109.879 E5.0437
G1 X108.051 Y109.443 E5.05895
G1 X108.404 Y109.006 E5.07797
G1 X109.432 Y108.132 E5.12364
G1 X109.748 Y107.695 E5.14189
G1 X109.945 Y107.259 E5.15808
G1 X110.075 Y106.385 E5.18799
G1 X109.961 Y105.948 E5.20328
G1 X109.608 Y105.512 E5.22227
G1 X108.58 Y104.638 E5.26794
G1 X108.263 Y104.201 E5.28621
G1 X108.103 Y103.844 E5.29945
G1 X104.561 Y103.844 E5.41934
G1 X104.443 Y104.638 E5.44651
G1 X104.556 Y105.075 E5.46179
G1 X104.91 Y105.512 E5.48083
G1 X105.937 Y106.385 E5.52646
G1 X106.254 Y106.822 E5.54473
G1 X106.45 Y107.259 E5.56094
G1 X106.58 Y108.132 E5.59082
G1 X106.467 Y108.569 E5.6061
G1 X106.113 Y109.006 E5.62514
G1 X105.086 Y109.879 E5.67077
G1 X104.769 Y110.316 E5.68904
G1 X104.573 Y110.753 E5.70525
G1 X104.443 Y111.626 E5.73513
G1 X104.556 Y112.063 E5.75041
G1 X104.91 Y112.5 E5.76945
G1 X105.937 Y113.374 E5.8151
G1 X106.254 Y113.81 E5.83335
G1 X106.45 Y114.247 E5.84956
G1 X106.58 Y115.121 E5.87947
G1 X106.467 Y115.557 E5.89472
G1 X106.113 Y115.994 E5.91376
G1 X105.086 Y116.868 E5.95941
G1 X104.769 Y117.305 E5.97768
G1 X104.573 Y117.741 E5.99386
G1 X104.443 Y118.615 E6.02377
G1 X104.556 Y119.052 E6.03905
G1 X104.91 Y119.488 E6.05806
G1 X105.937 Y120.362 E6.10371
G1 X106.254 Y120.799 E6.12198
G1 X106.414 Y121.156 E6.13522
G1 X103.972 Y121.156 E6.21788
;LAYER_CHANGE
;Z:18.2
;HEIGHT:0.200001
G1 Z18.2 F7800
G1 E4.21788 F2400
G1 Z18.2 F7800
G1 X103.539 Y103.539
G1 E6.21788 F2400
;TYPE:Perimeter
;WIDTH:0.449999
G1 F3600
G1 X121.461 Y103.539 E6.82452
G1 X121.461 Y112.5 E7.12784
G1 X121.461 Y121.461 E7.43116
G1 X103.539 Y121.461 E8.0378
G1 X103.539 Y103.599 E8.64241
G1 X103.539 Y103.599 F7800
G1 X103.132 Y103.132
G1 F3600
G1 X121.868 Y103.132 E9.2766
G1 X121.868 Y112.5 E9.5937
G1 X121.868 Y121.868 E9.9108
G1 X103.132 Y121.868 E10.54499
G1 X103.132 Y103.192 E11.17715
G1 X102.725 Y102.725 F7800
;TYPE:External perimeter
G1 F1800
G1 X122.275 Y102.725 E11.83889
G1 X122.275 Y112.5 E12.16976
G1 X122.275 Y122.275 E12.50063
G1 X102.725 Y122.275 E13.16237
G1 X102.725 Y102.785 E13.82208
G1 X103.121 Y102.726 F7800
G1 E11.82208 F2400
G92 E0
G1 X120.904 Y103.844 F7800
G1 E2 F2400
;TYPE:Internal infill
;WIDTH:0.45
G1 F4800
G1 X118.462 Y103.844 E2.08266
G1 X118.214 Y104.638 E2.11082
G1 X118.216 Y105.075 E2.12561
G1 X118.513 Y105.512 E2.14349
G1 X119.834 Y106.385 E2.19709
G1 X120.232 Y106.822 E2.2171
G1 X120.49 Y107.259 E2.23428
G1 X120.763 Y108.132 E2.26524
G1 X120.761 Y108.569 E2.28003
G1 X120.464 Y109.006 E2.29791
G1 X119.143 Y109.879 E2.35151
G1 X118.745 Y110.316 E2.37152
G1 X118.487 Y110.753 E2.3887
G1 X118.214 Y111.626 E2.41966
G1 X118.216 Y112.063 E2.43445
G1 X118.513 Y112.5 E2.45233
G1 X119.834 Y113.374 E2.50595
G1 X120.232 Y113.81 E2.52593
G1 X120.49 Y114.247 E2.54311
G1 X120.763 Y115.121 E2.5741
G1 X120.761 Y115.557 E2.58886
G1 X120.464 Y115.994 E2.60674
G1 X119.143 Y116.868 E2.66036
G1 X118.745 Y117.305 E2.68037
G1 X118.487 Y117.741 E2.69752
G1 X118.214 Y118.615 E2.72851
G1 X118.216 Y119.052 E2.7433
G1 X118.513 Y119.488 E2.76116
G1 X119.834 Y120.362 E2.81478
G1 X120.232 Y120.799 E2.83479
G1 X120.443 Y121.156 E2.84883
G1 X117.021 Y121.156 E2.96466
G1 X117.269 Y120.362 E2.99282
G1 X117.266 Y119.925 E3.00761
G1 X116.97 Y119.488 E3.02548
G1 X115.649 Y118.615 E3.07908
G1 X115.25 Y118.178 E3.09911
G1 X114.993 Y117.741 E3.11627
G1 X114.72 Y116.868 E3.14723
G1 X114.722 Y116.431 E3.16202
G1 X115.019 Y115.994 E3.1799
G1 X116.34 Y115.121 E3.2335
G1 X116.738 Y114.684 E3.25351
G1 X116.996 Y114.247 E3.27069
G1 X117.269 Y113.374 E3.30165
G1 X117.266 Y112.937 E3.31644
G1 X116.97 Y112.5 E3.33431
G1 X115.649 Y111.626 E3.38793
G1 X115.25 Y111.19 E3.40794
G1 X114.993 Y110.753 E3.4251
G1 X114.72 Y109.879 E3.45609
G1 X114.722 Y109.443 E3.47085
G1 X115.019 Y109.006 E3.48873
G1 X116.34 Y108.132 E3.54235
G1 X116.738 Y107.695 E3.56236
G1 X116.996 Y107.259 E3.57951
G1 X117.269 Y106.385 E3.6105
G1 X117.266 Y105.948 E3.62529
G1 X116.97 Y105.512 E3.64313
G1 X115.649 Y104.638 E3.69675
G1 X115.25 Y104.201 E3.71678
G1 X115.04 Y103.844 E3.7308
G1 X111.473 Y103.844 E3.85154
G1 X111.225 Y104.638 E3.8797
G1 X111.228 Y105.075 E3.89449
G1 X111.525 Y105.512 E3.91237
G1 X112.845 Y106.385 E3.96594
G1 X113.244 Y106.822 E3.98597
G1 X113.502 Y107.259 E4.00315
G1 X113.775 Y108.132 E4.03411
G1 X113.772 Y108.569 E4.0489
G1 X113.475 Y109.006 E4.06678
G1 X112.155 Y109.879 E4.12035
G1 X111.756 Y110.316 E4.14038
G1 X111.498 Y110.753 E4.15756
G1 X111.225 Y111.626 E4.18852
G1 X111.228 Y112.063 E4.20331
G1 X111.525 Y112.5 E4.22119
G1 X112.845 Y113.374 E4.27478
G1 X113.244 Y113.81 E4.29479
G1 X113.502 Y114.247 E4.31197
G1 X113.775 Y115.121 E4.34296
G1 X113.772 Y115.557 E4.35772
G1 X113.475 Y115.994 E4.3756
G1 X112.155 Y116.868 E4.42919
G1 X111.756 Y117.305 E4.44922
G1 X111.498 Y117.741 E4.46637
G1 X111.225 Y118.615 E4.49736
G1 X111.228 Y119.052 E4.51215
G1 X111.525 Y119.488 E4.53001
G1 X112.845 Y120.362 E4.5836
G1 X113.244 Y120.799 E4.60363
G1 X113.454 Y121.156 E4.61765
G1 X110.032 Y121.156 E4.73348
G1 X110.281 Y120.362 E4.76165
G1 X110.278 Y119.925 E4.77644
G1 X109.981 Y119.488 E4.79432
G1 X108.66 Y118.615 E4.84792
G1 X108.262 Y118.178 E4.86793
G1 X108.004 Y117.741 E4.88511
G1 X107.731 Y116.868 E4.91607
G1 X107.734 Y116.431 E4.93086
G1 X108.03 Y115.994 E4.94873
G1 X109.351 Y115.121 E5.00233
G1 X109.75 Y114.684 E5.02236
G1 X110.007 Y114.247 E5.03952
G1 X110.281 Y113.374 E5.07049
G1 X110.278 Y112.937 E5.08528
G1 X109.981 Y112.5 E5.10316
G1 X108.66 Y111.626 E5.15678
G1 X108.262 Y111.19 E5.17676
G1 X108.004 Y110.753 E5.19394
G1 X107.731 Y109.879 E5.22493
G1 X107.734 Y109.443 E5.23969
G1 X108.03 Y109.006 E5.25756
G1 X109.351 Y108.132 E5.31118
G1 X109.75 Y107.695 E5.33121
G1 X110.007 Y107.259 E5.34834
G1 X110.281 Y106.385 E5.37934
G1 X110.278 Y105.948 E5.39413
G1 X109.981 Y105.512 E5.41199
G1 X108.66 Y104.638 E5.46561
G1 X108.262 Y104.201 E5.48562
G1 X108.051 Y103.844 E5.49966
G1 X104.485 Y103.844 E5.62036
G1 X104.237 Y104.638 E5.64852
G1 X104.239 Y105.075 E5.66331
G1 X104.536 Y105.512 E5.68119
G1 X105.857 Y106.385 E5.73479
G1 X106.255 Y106.822 E5.7548
G1 X106.513 Y107.259 E5.77198
G1 X106.786 Y108.132 E5.80294
G1 X106.784 Y108.569 E5.81773
G1 X106.487 Y109.006 E5.83561
G1 X105.166 Y109.879 E5.88921
G1 X104.768 Y110.316 E5.90922
G1 X104.51 Y110.753 E5.9264
G1 X104.237 Y111.626 E5.95736
G1 X104.239 Y112.063 E5.97215
G1 X104.536 Y112.5 E5.99003
G1 X105.857 Y113.374 E6.04365
G1 X106.255 Y113.81 E6.06363
G1 X106.513 Y114.247 E6.08081
G1 X106.786 Y115.121 E6.1118
G1 X106.784 Y115.557 E6.12656
G1 X106.487 Y115.994 E6.14444
G1 X105.166 Y116.868 E6.19806
G1 X104.768 Y117.305 E6.21807
G1 X104.51 Y117.741 E6.23522
G1 X104.237 Y118.615 E6.26621
G1 X104.239 Y119.052 E6.281
G1 X104.536 Y119.488 E6.29886
G1 X105.857 Y120.362 E6.35248
G1 X106.255 Y120.799 E6.37249
G1 X106.466 Y121.156 E6.38653
G1 X104.023 Y121.156 E6.46922
;LAYER_CHANGE
;Z:18.4
;HEIGHT:0.199999
G1 Z18.4 F7800
G1 E4.46922 F2400
G1 Z18.4 F7800
G1 X103.539 Y103.539
G1 E6.46922 F2400
;TYPE:Perimeter
;WIDTH:0.449999
G1 F3600
G1 X121.461 Y103.539 E7.07586
G1 X121.461 Y112.5 E7.37918
G1 X121.461 Y121.461 E7.6825
G1 X103.539 Y121.461 E8.28914
G1 X103.539 Y103.599 E8.89375
G1 X103.539 Y103.599 F7800
G1 X103.132 Y103.132
G1 F3600
G1 X121.868 Y103.132 E9.52794
G1 X121.868 Y112.5 E9.84504
G1 X121.868 Y121.868 E10.16214
G1 X103.132 Y121.868 E10.79633
G1 X103.132 Y103.192 E11.42849
G1 X102.725 Y102.725 F7800
;TYPE:External perimeter
G1 F1800
G1 X122.275 Y102.725 E12.09023
G1 X122.275 Y112.5 E12.4211
G1 X122.275 Y122.275 E12.75197
G1 X102.725 Y122.275 E13.41371
G1 X102.725 Y102.785 E14.07342
G1 X103.121 Y102.726 F7800
G1 E12.07342 F2400
G92 E0
G1 X120.817 Y103.844 F7800
G1 E2 F2400
;TYPE:Internal infill
;WIDTH:0.45
G1 F4800
G1 X118.375 Y103.844 E2.08266
G1 X117.741 Y105.023 E2.12797
G1 X117.305 Y105.226 E2.14425
G1 X116.868 Y105.147 E2.15928
G1 X115.994 Y104.802 E2.19109
G1 X115.557 Y104.516 E2.20877
G1 X115.121 Y104.076 E2.22974
G1 X114.979 Y103.844 E2.23895
G1 X111.387 Y103.844 E2.36053
G1 X110.753 Y105.023 E2.40584
G1 X110.316 Y105.226 E2.42215
G1 X109.879 Y105.147 E2.43718
G1 X109.006 Y104.802 E2.46895
G1 X108.569 Y104.516 E2.48663
G1 X108.132 Y104.076 E2.50762
G1 X107.99 Y103.844 E2.51683
G1 X104.398 Y103.844 E2.63841
G1 X103.844 Y104.866 E2.67776
G1 X103.844 Y105.963 E2.71489
G1 X104.201 Y105.797 E2.72822
G1 X104.638 Y105.876 E2.74325
G1 X105.512 Y106.221 E2.77506
G1 X105.948 Y106.507 E2.79271
G1 X106.385 Y106.947 E2.8137
G1 X107.259 Y108.517 E2.87452
G1 X107.695 Y108.72 E2.8908
G1 X108.132 Y108.641 E2.90583
G1 X109.006 Y108.296 E2.93764
G1 X109.443 Y108.011 E2.9553
G1 X109.879 Y107.57 E2.97629
G1 X110.753 Y106 E3.03711
G1 X111.19 Y105.797 E3.05342
G1 X111.626 Y105.876 E3.06842
G1 X112.5 Y106.221 E3.10023
G1 X112.937 Y106.507 E3.11791
G1 X113.374 Y106.947 E3.1389
G1 X114.247 Y108.517 E3.19971
G1 X114.684 Y108.72 E3.21602
G1 X115.121 Y108.641 E3.23105
G1 X115.994 Y108.296 E3.26282
G1 X116.431 Y108.011 E3.28048
G1 X116.868 Y107.57 E3.30149
G1 X117.741 Y106 E3.3623
G1 X118.178 Y105.797 E3.37861
G1 X118.615 Y105.876 E3.39364
G1 X119.488 Y106.221 E3.42541
G1 X119.925 Y106.507 E3.44309
G1 X120.362 Y106.947 E3.46408
G1 X121.156 Y108.36 E3.51894
G1 X121.156 Y109.457 E3.55607
G1 X120.799 Y109.291 E3.5694
G1 X120.362 Y109.37 E3.58443
G1 X119.488 Y109.715 E3.61624
G1 X119.052 Y110.001 E3.63389
G1 X118.615 Y110.441 E3.65488
G1 X117.741 Y112.011 E3.7157
G1 X117.305 Y112.214 E3.73198
G1 X116.868 Y112.136 E3.74701
G1 X115.994 Y111.79 E3.77883
G1 X115.557 Y111.505 E3.79649
G1 X115.121 Y111.065 E3.81746
G1 X114.247 Y109.495 E3.87828
G1 X113.81 Y109.291 E3.8946
G1 X113.374 Y109.37 E3.9096
G1 X112.5 Y109.715 E3.94141
G1 X112.063 Y110.001 E3.95909
G1 X111.626 Y110.441 E3.98008
G1 X110.753 Y112.011 E4.04089
G1 X110.316 Y112.214 E4.0572
G1 X109.879 Y112.136 E4.07223
G1 X109.006 Y111.79 E4.10402
G1 X108.569 Y111.505 E4.12168
G1 X108.132 Y111.065 E4.14267
G1 X107.259 Y109.495 E4.20348
G1 X106.822 Y109.291 E4.2198
G1 X106.385 Y109.37 E4.23483
G1 X105.512 Y109.715 E4.2666
G1 X105.075 Y110.001 E4.28428
G1 X104.638 Y110.441 E4.30527
G1 X103.844 Y111.854 E4.36013
G1 X103.844 Y112.952 E4.3973
G1 X104.201 Y112.786 E4.41063
G1 X104.638 Y112.864 E4.42566
G1 X105.512 Y113.21 E4.45748
G1 X105.948 Y113.495 E4.47511
G1 X106.385 Y113.935 E4.4961
G1 X107.259 Y115.505 E4.55692
G1 X107.695 Y115.709 E4.57321
G1 X108.132 Y115.63 E4.58824
G1 X109.006 Y115.285 E4.62005
G1 X109.443 Y114.999 E4.63773
G1 X109.879 Y114.559 E4.6587
G1 X110.753 Y112.989 E4.71952
G1 X111.19 Y112.786 E4.73583
G1 X111.626 Y112.864 E4.75082
G1 X112.5 Y113.21 E4.78264
G1 X112.937 Y113.495 E4.8003
G1 X113.374 Y113.935 E4.82129
G1 X114.247 Y115.505 E4.8821
G1 X114.684 Y115.709 E4.89842
G1 X115.121 Y115.63 E4.91345
G1 X115.994 Y115.285 E4.94522
G1 X116.431 Y114.999 E4.9629
G1 X116.868 Y114.559 E4.98389
G1 X117.741 Y112.989 E5.0447
G1 X118.178 Y112.786 E5.06101
G1 X118.615 Y112.864 E5.07604
G1 X119.488 Y113.21 E5.10783
G1 X119.925 Y113.495 E5.12549
G1 X120.362 Y113.935 E5.14648
G1 X121.156 Y115.349 E5.20137
G1 X121.156 Y116.446 E5.2385
G1 X120.799 Y116.28 E5.25183
G1 X120.362 Y116.359 E5.26686
G1 X119.488 Y116.704 E5.29867
G1 X119.052 Y116.989 E5.3163
G1 X118.615 Y117.43 E5.33731
G1 X117.741 Y119 E5.39813
G1 X117.305 Y119.203 E5.41441
G1 X116.868 Y119.124 E5.42944
G1 X115.994 Y118.779 E5.46125
G1 X115.557 Y118.493 E5.47893
G1 X115.121 Y118.053 E5.4999
G1 X114.247 Y116.483 E5.56072
G1 X113.81 Y116.28 E5.57703
G1 X113.374 Y116.359 E5.59203
G1 X112.5 Y116.704 E5.62384
G1 X112.063 Y116.989 E5.6415
G1 X111.626 Y117.43 E5.66251
G1 X110.753 Y119 E5.72332
G1 X110.316 Y119.203 E5.73963
G1 X109.879 Y119.124 E5.75466
G1 X109.006 Y118.779 E5.78643
G1 X108.569 Y118.493 E5.80411
G1 X108.132 Y118.053 E5.8251
G1 X107.259 Y116.483 E5.88591
G1 X106.822 Y116.28 E5.90222
G1 X106.385 Y116.359 E5.91725
G1 X105.512 Y116.704 E5.94902
G1 X105.075 Y116.989 E5.96668
G1 X104.638 Y117.43 E5.98769
G1 X103.844 Y118.843 E6.04255
G1 X103.844 Y119.94 E6.07968
G1 X104.201 Y119.774 E6.09301
G1 X104.638 Y119.853 E6.10804
G1 X105.512 Y120.198 E6.13985
G1 X105.948 Y120.484 E6.1575
G1 X106.385 Y120.924 E6.17849
G1 X106.527 Y121.156 E6.1877
G1 X110.119 Y121.156 E6.30928
G1 X110.753 Y119.977 E6.35459
G1 X111.19 Y119.774 E6.3709
G1 X111.626 Y119.853 E6.3859
G1 X112.5 Y120.198 E6.41771
G1 X112.937 Y120.484 E6.43539
G1 X113.374 Y120.924 E6.45638
G1 X113.515 Y121.156 E6.46557
G1 X117.108 Y121.156 E6.58719
G1 X117.741 Y119.977 E6.63249
G1 X118.178 Y119.774 E6.6488
G1 X118.615 Y119.853 E6.66383
G1 X119.488 Y120.198 E6.6956
G1 X119.925 Y120.484 E6.71328
G1 X120.362 Y120.924 E6.73427
G1 X120.504 Y121.156 E6.74348
G1 X121.156 Y121.156 E6.76555
G1 X121.156 Y119.365 E6.82617
;LAYER_CHANGE
;Z:18.6
;HEIGHT:0.200001
G1 Z18.6 F7800
G1 E4.82617 F2400
G1 Z18.6 F7800
G1 X103.539 Y103.539
G1 E6.82617 F2400
;TYPE:Perimeter
;WIDTH:0.449999
G1 F3600
G1 X121.461 Y103.539 E7.43281
G1 X121.461 Y112.5 E7.73613
G1 X121.461 Y121.461 E8.03945
G1 X103.539 Y121.461 E8.64609
G1 X103.539 Y103.599 E9.2507
G1 X103.539 Y103.599 F7800
G1 X103.132 Y103.132
G1 F3600
G1 X121.868 Y103.132 E9.88489
G1 X121.868 Y112.5 E10.20199
G1 X121.868 Y121.868 E10.51909
G1 X103.132 Y121.868 E11.15328
G1 X103.132 Y103.192 E11.78544
G1 X102.725 Y102.725 F7800
;TYPE:External perimeter
G1 F1800
G1 X122.275 Y102.725 E12.44718
G1 X122.275 Y112.5 E12.77805
G1 X122.275 Y122.275 E13.10892
G1 X102.725 Y122.275 E13.77066
G1 X102.725 Y102.785 E14.43037
G1 X103.121 Y102.726 F7800
G1 E12.43037 F2400
G92 E0
G1 X120.696 Y103.844 F7800
G1 E2 F2400
;TYPE:Internal infill
;WIDTH:0.45
G1 F4800
G1 X118.254 Y103.844 E2.08266
G1 X117.741 Y104.51 E2.11112
G1 X117.305 Y104.848 E2.12979
G1 X116.868 Y104.919 E2.14478
G1 X115.994 Y104.728 E2.17506
G1 X115.557 Y104.505 E2.19167
G1 X115.121 Y104.154 E2.21062
G1 X114.883 Y103.844 E2.22385
G1 X111.265 Y103.844 E2.34631
G1 X110.753 Y104.51 E2.37475
G1 X110.316 Y104.848 E2.39345
G1 X109.879 Y104.919 E2.40844
G1 X109.006 Y104.728 E2.43869
G1 X108.569 Y104.505 E2.4553
G1 X108.132 Y104.154 E2.47427
G1 X107.894 Y103.844 E2.4875
G1 X104.277 Y103.844 E2.60993
G1 X103.844 Y104.406 E2.63394
G1 X103.844 Y106.452 E2.70319
G1 X104.201 Y106.176 E2.71846
G1 X104.638 Y106.104 E2.73345
G1 X105.512 Y106.295 E2.76373
G1 X105.948 Y106.518 E2.78031
G1 X106.385 Y106.87 E2.7993
G1 X107.259 Y108.004 E2.84776
G1 X107.695 Y108.342 E2.86643
G1 X108.132 Y108.414 E2.88142
G1 X109.006 Y108.223 E2.9117
G1 X109.443 Y107.999 E2.92832
G1 X109.879 Y107.648 E2.94727
G1 X110.753 Y106.513 E2.99576
G1 X111.19 Y106.176 E3.01444
G1 X111.626 Y106.104 E3.0294
G1 X112.5 Y106.295 E3.05968
G1 X112.937 Y106.518 E3.07629
G1 X113.374 Y106.87 E3.09528
G1 X114.247 Y108.004 E3.14372
G1 X114.684 Y108.342 E3.16242
G1 X115.121 Y108.414 E3.17741
G1 X115.994 Y108.223 E3.20766
G1 X116.431 Y107.999 E3.22428
G1 X116.868 Y107.648 E3.24325
G1 X117.741 Y106.513 E3.29172
G1 X118.178 Y106.176 E3.3104
G1 X118.615 Y106.104 E3.32539
G1 X119.488 Y106.295 E3.35564
G1 X119.925 Y106.518 E3.37225
G1 X120.362 Y106.87 E3.39124
G1 X121.156 Y107.9 E3.43526
G1 X121.156 Y109.946 E3.50451
G1 X120.799 Y109.67 E3.51978
G1 X120.362 Y109.598 E3.53477
G1 X119.488 Y109.789 E3.56505
G1 X119.052 Y110.012 E3.58163
G1 X118.615 Y110.364 E3.60062
G1 X117.741 Y111.498 E3.64908
G1 X117.305 Y111.836 E3.66775
G1 X116.868 Y111.908 E3.68274
G1 X115.994 Y111.717 E3.71302
G1 X115.557 Y111.493 E3.72964
G1 X115.121 Y111.142 E3.74859
G1 X114.247 Y110.008 E3.79705
G1 X113.81 Y109.67 E3.81575
G1 X113.374 Y109.598 E3.83071
G1 X112.5 Y109.789 E3.86099
G1 X112.063 Y110.012 E3.8776
G1 X111.626 Y110.364 E3.89659
G1 X110.753 Y111.498 E3.94503
G1 X110.316 Y111.836 E3.96373
G1 X109.879 Y111.908 E3.97872
G1 X109.006 Y111.717 E4.00897
G1 X108.569 Y111.493 E4.02559
G1 X108.132 Y111.142 E4.04456
G1 X107.259 Y110.008 E4.093
G1 X106.822 Y109.67 E4.1117
G1 X106.385 Y109.598 E4.12669
G1 X105.512 Y109.789 E4.15694
G1 X105.075 Y110.012 E4.17355
G1 X104.638 Y110.364 E4.19254
G1 X103.844 Y111.394 E4.23656
G1 X103.844 Y113.44 E4.30581
G1 X104.201 Y113.164 E4.32108
G1 X104.638 Y113.092 E4.33607
G1 X105.512 Y113.283 E4.36635
G1 X105.948 Y113.507 E4.38294
G1 X106.385 Y113.858 E4.40191
G1 X107.259 Y114.992 E4.45037
G1 X107.695 Y115.33 E4.46904
G1 X108.132 Y115.402 E4.48403
G1 X109.006 Y115.211 E4.51431
G1 X109.443 Y114.988 E4.53092
G1 X109.879 Y114.636 E4.54989
G1 X110.753 Y113.502 E4.59835
G1 X111.19 Y113.164 E4.61705
G1 X111.626 Y113.092 E4.63201
G1 X112.5 Y113.283 E4.66229
G1 X112.937 Y113.507 E4.67891
G1 X113.374 Y113.858 E4.69788
G1 X114.247 Y114.992 E4.74632
G1 X114.684 Y115.33 E4.76502
G1 X115.121 Y115.402 E4.78001
G1 X115.994 Y115.211 E4.81026
G1 X116.431 Y114.988 E4.82687
G1 X116.868 Y114.636 E4.84586
G1 X117.741 Y113.502 E4.8943
G1 X118.178 Y113.164 E4.913
G1 X118.615 Y113.092 E4.92799
G1 X119.488 Y113.283 E4.95824
G1 X119.925 Y113.507 E4.97486
G1 X120.362 Y113.858 E4.99383
G1 X121.156 Y114.889 E5.03788
G1 X121.156 Y116.934 E5.1071
G1 X120.799 Y116.658 E5.12237
G1 X120.362 Y116.586 E5.13736
G1 X119.488 Y116.777 E5.16764
G1 X119.052 Y117.001 E5.18423
G1 X118.615 Y117.352 E5.2032
G1 X117.741 Y118.487 E5.25169
G1 X117.305 Y118.824 E5.27034
G1 X116.868 Y118.896 E5.28533
G1 X115.994 Y118.705 E5.31561
G1 X115.557 Y118.482 E5.33222
G1 X115.121 Y118.13 E5.35119
G1 X114.247 Y116.996 E5.39965
G1 X113.81 Y116.658 E5.41835
G1 X113.374 Y116.586 E5.43331
G1 X112.5 Y116.777 E5.46359
G1 X112.063 Y117.001 E5.48021
G1 X111.626 Y117.352 E5.49918
G1 X110.753 Y118.487 E5.54765
G1 X110.316 Y118.824 E5.56633
G1 X109.879 Y118.896 E5.58132
G1 X109.006 Y118.705 E5.61157
G1 X108.569 Y118.482 E5.62818
G1 X108.132 Y118.13 E5.64717
G1 X107.259 Y116.996 E5.69561
G1 X106.822 Y116.658 E5.71431
G1 X106.385 Y116.586 E5.7293
G1 X105.512 Y116.777 E5.75955
G1 X105.075 Y117.001 E5.77617
G1 X104.638 Y117.352 E5.79514
G1 X103.844 Y118.383 E5.83919
G1 X103.844 Y120.428 E5.90841
G1 X104.201 Y120.152 E5.92368
G1 X104.638 Y120.081 E5.93867
G1 X105.512 Y120.272 E5.96895
G1 X105.948 Y120.495 E5.98553
G1 X106.385 Y120.846 E6.0045
G1 X106.646 Y121.156 E6.01822
G1 X110.241 Y121.156 E6.13991
G1 X110.753 Y120.49 E6.16835
G1 X111.19 Y120.152 E6.18705
G1 X111.626 Y120.081 E6.202
G1 X112.5 Y120.272 E6.23228
G1 X112.937 Y120.495 E6.24889
G1 X113.374 Y120.846 E6.26786
G1 X113.635 Y121.156 E6.28158
G1 X117.229 Y121.156 E6.40323
G1 X117.741 Y120.49 E6.43167
G1 X118.178 Y120.152 E6.45037
G1 X118.615 Y120.081 E6.46536
G1 X119.488 Y120.272 E6.49561
G1 X119.925 Y120.495 E6.51222
G1 X120.362 Y120.846 E6.53119
G1 X120.623 Y121.156 E6.54491
G1 X121.156 Y121.156 E6.56295
G1 X121.156 Y119.245 E6.62764
;LAYER_CHANGE
;Z:18.8
;HEIGHT:0.199999
G1 Z18.8 F7800
G1 E4.62764 F2400
G1 Z18.8 F7800
G1 X103.539 Y103.539
G1 E6.62764 F2400
;TYPE:Perimeter
;WIDTH:0.449999
G1 F3600
G1 X121.461 Y103.539 E7.23428
G1 X121.461 Y112.5 E7.5376
G1 X121.461 Y121.461 E7.84092
G1 X103.539 Y121.461 E8.44756
G1 X103.539 Y103.599 E9.05217
G1 X103.539 Y103.599 F7800
G1 X103.132 Y103.132
G1 F3600
G1 X121.868 Y103.132 E9.68636
G1 X121.868 Y112.5 E10.00346
G1 X121.868 Y121.868 E10.32056
G1 X103.132 Y121.868 E10.95475
G1 X103.132 Y103.192 E11.58691
G1 X102.725 Y102.725 F7800
;TYPE:External perimeter
G1 F1800
G1 X122.275 Y102.725 E12.24865
G1 X122.275 Y112.5 E12.57952
G1 X122.275 Y122.275 E12.91039
G1 X102.725 Y122.275 E13.57213
G1 X102.725 Y102.785 E14.23184
G1 X103.121 Y102.726 F7800
G1 E12.23184 F2400
G92 E0
G1 X120.534 Y103.844 F7800
G1 E2 F2400
;TYPE:Internal infill
;WIDTH:0.45
G1 F4800
G1 X118.092 Y103.844 E2.08266
G1 X117.305 Y104.581 E2.11916
G1 X116.868 Y104.737 E2.13487
G1 X116.431 Y104.754 E2.14967
G1 X115.994 Y104.678 E2.16468
G1 X115.557 Y104.515 E2.18047
G1 X115.121 Y104.238 E2.19795
G1 X114.749 Y103.844 E2.21629
G1 X111.104 Y103.844 E2.33967
G1 X110.316 Y104.581 E2.37619
G1 X109.879 Y104.737 E2.3919
G1 X109.443 Y104.754 E2.40667
G1 X109.006 Y104.678 E2.42168
G1 X108.569 Y104.515 E2.43747
G1 X108.132 Y104.238 E2.45498
G1 X107.76 Y103.844 E2.47332
G1 X104.115 Y103.844 E2.5967
G1 X103.844 Y104.131 E2.61006
G1 X103.844 Y106.741 E2.69841
G1 X104.201 Y106.442 E2.71417
G1 X104.638 Y106.287 E2.72986
G1 X105.075 Y106.269 E2.74466
G1 X105.512 Y106.345 E2.75967
G1 X105.948 Y106.508 E2.77543
G1 X106.385 Y106.785 E2.79294
G1 X107.259 Y107.71 E2.83602
G1 X107.695 Y108.075 E2.85527
G1 X108.132 Y108.231 E2.87098
G1 X108.569 Y108.248 E2.88578
G1 X109.006 Y108.172 E2.90079
G1 X109.443 Y108.009 E2.91658
G1 X109.879 Y107.732 E2.93406
G1 X110.753 Y106.807 E2.97714
G1 X111.19 Y106.442 E2.99641
G1 X111.626 Y106.287 E3.01207
G1 X112.063 Y106.269 E3.02687
G1 X112.5 Y106.345 E3.04188
G1 X112.937 Y106.508 E3.05767
G1 X113.374 Y106.785 E3.07518
G1 X114.247 Y107.71 E3.11823
G1 X114.684 Y108.075 E3.1375
G1 X115.121 Y108.231 E3.15321
G1 X115.557 Y108.248 E3.16798
G1 X115.994 Y108.172 E3.18299
G1 X116.431 Y108.009 E3.19878
G1 X116.868 Y107.732 E3.21629
G1 X117.741 Y106.807 E3.25934
G1 X118.178 Y106.442 E3.27861
G1 X118.615 Y106.287 E3.2943
G1 X119.052 Y106.269 E3.3091
G1 X119.488 Y106.345 E3.32408
G1 X119.925 Y106.508 E3.33987
G1 X120.362 Y106.785 E3.35738
G1 X121.156 Y107.625 E3.3965
G1 X121.156 Y110.235 E3.48485
G1 X120.799 Y109.936 E3.50061
G1 X120.362 Y109.781 E3.5163
G1 X119.925 Y109.764 E3.5311
G1 X119.488 Y109.839 E3.54611
G1 X119.052 Y110.003 E3.56188
G1 X118.615 Y110.279 E3.57938
G1 X117.741 Y111.204 E3.62246
G1 X117.305 Y111.57 E3.64173
G1 X116.868 Y111.725 E3.65742
G1 X116.431 Y111.742 E3.67222
G1 X115.994 Y111.667 E3.68723
G1 X115.557 Y111.503 E3.70303
G1 X115.121 Y111.227 E3.7205
G1 X114.247 Y110.302 E3.76358
G1 X113.81 Y109.936 E3.78287
G1 X113.374 Y109.781 E3.79853
G1 X112.937 Y109.764 E3.81333
G1 X112.5 Y109.839 E3.82834
G1 X112.063 Y110.003 E3.84414
G1 X111.626 Y110.279 E3.86164
G1 X110.753 Y111.204 E3.90469
G1 X110.316 Y111.57 E3.92398
G1 X109.879 Y111.725 E3.93967
G1 X109.443 Y111.742 E3.95444
G1 X109.006 Y111.667 E3.96945
G1 X108.569 Y111.503 E3.98525
G1 X108.132 Y111.227 E4.00275
G1 X107.259 Y110.302 E4.0458
G1 X106.822 Y109.936 E4.06509
G1 X106.385 Y109.781 E4.08078
G1 X105.948 Y109.764 E4.09558
G1 X105.512 Y109.839 E4.11055
G1 X105.075 Y110.003 E4.12635
G1 X104.638 Y110.279 E4.14385
G1 X103.844 Y111.119 E4.18297
G1 X103.844 Y113.729 E4.27132
G1 X104.201 Y113.43 E4.28708
G1 X104.638 Y113.275 E4.30277
G1 X105.075 Y113.258 E4.31757
G1 X105.512 Y113.333 E4.33258
G1 X105.948 Y113.497 E4.34835
G1 X106.385 Y113.773 E4.36585
G1 X107.259 Y114.698 E4.40893
G1 X107.695 Y115.064 E4.4282
G1 X108.132 Y115.219 E4.44389
G1 X108.569 Y115.236 E4.45869
G1 X109.006 Y115.161 E4.4737
G1 X109.443 Y114.997 E4.4895
G1 X109.879 Y114.721 E4.50697
G1 X110.753 Y113.796 E4.55005
G1 X111.19 Y113.43 E4.56934
G1 X111.626 Y113.275 E4.585
G1 X112.063 Y113.258 E4.5998
G1 X112.5 Y113.333 E4.61481
G1 X112.937 Y113.497 E4.63061
G1 X113.374 Y113.773 E4.64811
G1 X114.247 Y114.698 E4.69116
G1 X114.684 Y115.064 E4.71045
G1 X115.121 Y115.219 E4.72614
G1 X115.557 Y115.236 E4.74091
G1 X115.994 Y115.161 E4.75592
G1 X116.431 Y114.997 E4.77172
G1 X116.868 Y114.721 E4.78922
G1 X117.741 Y113.796 E4.83227
G1 X118.178 Y113.43 E4.85156
G1 X118.615 Y113.275 E4.86725
G1 X119.052 Y113.258 E4.88205
G1 X119.488 Y113.333 E4.89702
G1 X119.925 Y113.497 E4.91282
G1 X120.362 Y113.773 E4.93032
G1 X121.156 Y114.614 E4.96947
G1 X121.156 Y117.223 E5.05778
G1 X120.799 Y116.925 E5.07352
G1 X120.362 Y116.769 E5.08923
G1 X119.925 Y116.752 E5.10403
G1 X119.488 Y116.828 E5.11904
G1 X119.052 Y116.991 E5.1348
G1 X118.615 Y117.268 E5.15231
G1 X117.741 Y118.193 E5.19539
G1 X117.305 Y118.558 E5.21464
G1 X116.868 Y118.713 E5.23033
G1 X116.431 Y118.731 E5.24513
G1 X115.994 Y118.655 E5.26014
G1 X115.557 Y118.492 E5.27593
G1 X115.121 Y118.215 E5.29341
G1 X114.247 Y117.29 E5.33649
G1 X113.81 Y116.925 E5.35576
G1 X113.374 Y116.769 E5.37143
G1 X112.937 Y116.752 E5.38623
G1 X112.5 Y116.828 E5.40124
G1 X112.063 Y116.991 E5.41703
G1 X111.626 Y117.268 E5.43454
G1 X110.753 Y118.193 E5.47759
G1 X110.316 Y118.558 E5.49686
G1 X109.879 Y118.713 E5.51255
G1 X109.443 Y118.731 E5.52732
G1 X109.006 Y118.655 E5.54233
G1 X108.569 Y118.492 E5.55812
G1 X108.132 Y118.215 E5.57563
G1 X107.259 Y117.29 E5.61868
G1 X106.822 Y116.925 E5.63795
G1 X106.385 Y116.769 E5.65366
G1 X105.948 Y116.752 E5.66846
G1 X105.512 Y116.828 E5.68344
G1 X105.075 Y116.991 E5.69923
G1 X104.638 Y117.268 E5.71674
G1 X103.844 Y118.108 E5.75586
G1 X103.844 Y120.717 E5.84417
G1 X104.201 Y120.419 E5.85991
G1 X104.638 Y120.263 E5.87562
G1 X105.075 Y120.246 E5.89042
G1 X105.512 Y120.322 E5.90543
G1 X105.948 Y120.485 E5.92119
G1 X106.385 Y120.762 E5.9387
G1 X106.757 Y121.156 E5.95704
G1 X110.402 Y121.156 E6.08042
G1 X111.19 Y120.419 E6.11694
G1 X111.626 Y120.263 E6.13261
G1 X112.063 Y120.246 E6.14741
G1 X112.5 Y120.322 E6.16242
G1 X112.937 Y120.485 E6.17821
G1 X113.374 Y120.762 E6.19572
G1 X113.745 Y121.156 E6.21404
G1 X117.391 Y121.156 E6.33745
G1 X118.178 Y120.419 E6.37395
G1 X118.615 Y120.263 E6.38966
G1 X119.052 Y120.246 E6.40446
G1 X119.488 Y120.322 E6.41944
G1 X119.925 Y120.485 E6.43523
G1 X120.362 Y120.762 E6.45274
G1 X120.734 Y121.156 E6.47108
G1 X121.156 Y121.156 E6.48536
G1 X121.156 Y119.135 E6.55377
M106 S237.15
;LAYER_CHANGE
;Z:19
;HEIGHT:0.200001
G1 Z19 F7800
G1 E4.55377 F2400
G1 Z19 F7800
G1 X103.539 Y103.539
G1 E6.55377 F2400
;TYPE:Perimeter
;WIDTH:0.449999
G1 F3600
G1 X121.461 Y103.539 E7.16041
G1 X121.461 Y112.5 E7.46373
G1 X121.461 Y121.461 E7.76705
G1 X103.539 Y121.461 E8.37369
G1 X103.539 Y103.599 E8.9783
G1 X103.539 Y103.599 F7800
G1 X103.132 Y103.132
G1 F3600
G1 X121.868 Y103.132 E9.61249
G1 X121.868 Y112.5 E9.92959
G1 X121.868 Y121.868 E10.24669
G1 X103.132 Y121.868 E10.88088
G1 X103.132 Y103.192 E11.51304
G1 X102.725 Y102.725 F7800
;TYPE:External perimeter
G1 F1800
G1 X122.275 Y102.725 E12.17478
G1 X122.275 Y112.5 E12.50565
G1 X122.275 Y122.275 E12.83652
G1 X102.725 Y122.275 E13.49826
G1 X102.725 Y102.785 E14.15797
G1 X103.121 Y102.726 F7800
G1 E12.15797 F2400
G92 E0
G1 X119.882 Y104.252 F7800
G1 E2 F2400
;TYPE:Internal infill
;WIDTH:0.45
G1 F4800
G1 X117.439 Y104.252 E2.08269
G1 X116.868 Y104.586 E2.10508
G1 X116.431 Y104.666 E2.12012
G1 X115.994 Y104.649 E2.13492
G1 X115.557 Y104.543 E2.15014
G1 X115.019 Y104.252 E2.17084
G1 X110.451 Y104.252 E2.32546
G1 X109.879 Y104.586 E2.34788
G1 X109.443 Y104.666 E2.36288
G1 X109.006 Y104.649 E2.37768
G1 X108.569 Y104.543 E2.3929
G1 X108.03 Y104.252 E2.41363
G1 X104.252 Y104.252 E2.54151
G1 X104.252 Y106.629 E2.62197
G1 X104.638 Y106.437 E2.63656
G1 X105.075 Y106.357 E2.6516
G1 X105.512 Y106.374 E2.6664
G1 X105.948 Y106.48 E2.68159
G1 X106.385 Y106.691 E2.69802
G1 X106.822 Y107.036 E2.71687
G1 X107.695 Y107.864 E2.7576
G1 X108.132 Y108.08 E2.7741
G1 X108.569 Y108.161 E2.78914
G1 X109.006 Y108.143 E2.80394
G1 X109.443 Y108.037 E2.81916
G1 X109.879 Y107.826 E2.83556
G1 X111.19 Y106.654 E2.89508
G1 X111.626 Y106.437 E2.91156
G1 X112.063 Y106.357 E2.9266
G1 X112.5 Y106.374 E2.9414
G1 X112.937 Y106.48 E2.95662
G1 X113.374 Y106.691 E2.97305
G1 X114.684 Y107.864 E3.03257
G1 X115.121 Y108.08 E3.04907
G1 X115.557 Y108.161 E3.06408
G1 X115.994 Y108.143 E3.07888
G1 X116.431 Y108.037 E3.0941
G1 X116.868 Y107.826 E3.11053
G1 X118.178 Y106.654 E3.17003
G1 X118.615 Y106.437 E3.18655
G1 X119.052 Y106.357 E3.20159
G1 X119.488 Y106.374 E3.21636
G1 X119.925 Y106.48 E3.23158
G1 X120.362 Y106.691 E3.24801
G1 X120.748 Y106.996 E3.26466
G1 X120.748 Y110.123 E3.37051
G1 X120.362 Y109.931 E3.3851
G1 X119.925 Y109.851 E3.40014
G1 X119.488 Y109.869 E3.41494
G1 X119.052 Y109.974 E3.43012
G1 X118.615 Y110.185 E3.44655
G1 X118.178 Y110.53 E3.4654
G1 X117.305 Y111.358 E3.50613
G1 X116.868 Y111.575 E3.52265
G1 X116.431 Y111.655 E3.53769
G1 X115.994 Y111.637 E3.55249
G1 X115.557 Y111.532 E3.5677
G1 X115.121 Y111.321 E3.5841
G1 X113.81 Y110.148 E3.64365
G1 X113.374 Y109.931 E3.66013
G1 X112.937 Y109.851 E3.67517
G1 X112.5 Y109.869 E3.68997
G1 X112.063 Y109.974 E3.70518
G1 X111.626 Y110.185 E3.72161
G1 X110.316 Y111.358 E3.78113
G1 X109.879 Y111.575 E3.79765
G1 X109.443 Y111.655 E3.81265
G1 X109.006 Y111.637 E3.82745
G1 X108.569 Y111.532 E3.84266
G1 X108.132 Y111.321 E3.85909
G1 X106.822 Y110.148 E3.91861
G1 X106.385 Y109.931 E3.93513
G1 X105.948 Y109.851 E3.95017
G1 X105.512 Y109.869 E3.96494
G1 X105.075 Y109.974 E3.98015
G1 X104.638 Y110.185 E3.99658
G1 X104.252 Y110.491 E4.01325
G1 X104.252 Y113.617 E4.11906
G1 X104.638 Y113.425 E4.13365
G1 X105.075 Y113.345 E4.14869
G1 X105.512 Y113.363 E4.16349
G1 X105.948 Y113.468 E4.17867
G1 X106.385 Y113.679 E4.1951
G1 X106.822 Y114.024 E4.21395
G1 X107.695 Y114.852 E4.25468
G1 X108.132 Y115.069 E4.2712
G1 X108.569 Y115.149 E4.28624
G1 X109.006 Y115.131 E4.30104
G1 X109.443 Y115.026 E4.31625
G1 X109.879 Y114.815 E4.33265
G1 X111.19 Y113.642 E4.3922
G1 X111.626 Y113.425 E4.40868
G1 X112.063 Y113.345 E4.42372
G1 X112.5 Y113.363 E4.43852
G1 X112.937 Y113.468 E4.45373
G1 X113.374 Y113.679 E4.47016
G1 X114.684 Y114.852 E4.52968
G1 X115.121 Y115.069 E4.5462
G1 X115.557 Y115.149 E4.5612
G1 X115.994 Y115.131 E4.576
G1 X116.431 Y115.026 E4.59121
G1 X116.868 Y114.815 E4.60764
G1 X118.178 Y113.642 E4.66716
G1 X118.615 Y113.425 E4.68368
G1 X119.052 Y113.345 E4.69872
G1 X119.488 Y113.363 E4.71349
G1 X119.925 Y113.468 E4.7287
G1 X120.362 Y113.679 E4.74513
G1 X120.748 Y113.985 E4.7618
G1 X120.748 Y117.111 E4.86761
G1 X120.362 Y116.92 E4.88219
G1 X119.925 Y116.839 E4.89723
G1 X119.488 Y116.857 E4.91203
G1 X119.052 Y116.963 E4.92722
G1 X118.615 Y117.174 E4.94365
G1 X118.178 Y117.519 E4.9625
G1 X117.305 Y118.346 E5.0032
G1 X116.868 Y118.563 E5.01972
G1 X116.431 Y118.643 E5.03476
G1 X115.994 Y118.626 E5.04956
G1 X115.557 Y118.52 E5.06478
G1 X115.121 Y118.309 E5.08118
G1 X113.81 Y117.136 E5.14073
G1 X113.374 Y116.92 E5.1572
G1 X112.937 Y116.839 E5.17224
G1 X112.5 Y116.857 E5.18704
G1 X112.063 Y116.963 E5.20226
G1 X111.626 Y117.174 E5.21869
G1 X110.316 Y118.346 E5.27819
G1 X109.879 Y118.563 E5.29471
G1 X109.443 Y118.643 E5.30971
G1 X109.006 Y118.626 E5.32451
G1 X108.569 Y118.52 E5.33973
G1 X108.132 Y118.309 E5.35616
G1 X106.822 Y117.136 E5.41568
G1 X106.385 Y116.92 E5.43218
G1 X105.948 Y116.839 E5.44722
G1 X105.512 Y116.857 E5.46199
G1 X105.075 Y116.963 E5.47721
G1 X104.638 Y117.174 E5.49364
G1 X104.252 Y117.479 E5.51029
G1 X104.252 Y120.606 E5.61614
G1 X104.638 Y120.414 E5.63073
G1 X105.075 Y120.334 E5.64577
G1 X105.512 Y120.351 E5.66057
G1 X105.948 Y120.457 E5.67576
G1 X106.385 Y120.668 E5.69219
G1 X106.737 Y120.748 E5.70441
G1 X110.815 Y120.748 E5.84245
G1 X111.626 Y120.414 E5.87214
G1 X112.063 Y120.334 E5.88718
G1 X112.5 Y120.351 E5.90198
G1 X112.937 Y120.457 E5.9172
G1 X113.374 Y120.668 E5.93363
G1 X113.725 Y120.748 E5.94582
G1 X117.803 Y120.748 E6.08386
G1 X118.615 Y120.414 E6.11358
G1 X119.052 Y120.334 E6.12862
G1 X119.488 Y120.351 E6.14339
G1 X119.925 Y120.457 E6.15861
G1 X120.362 Y120.668 E6.17504
G1 X120.748 Y120.748 E6.18838
G1 X120.748 Y118.341 E6.26985
G1 E4.26985 F2400
G92 E0
G1 X120.748 Y118.341 F7800
G1 X103.844 Y120.952
G1 E2 F2400
;TYPE:Solid infill
;WIDTH:0.450008
G1 F1200
G1 X103.844 Y104.048 E2.57219
;WIDTH:0.484931
G1 X103.862 Y103.964 E2.57535
;WIDTH:0.519854
G1 X103.879 Y103.879 E2.57879
G1 X103.964 Y103.862 E2.58223
;WIDTH:0.484931
G1 X104.048 Y103.844 E2.58539
;WIDTH:0.450008
G1 X120.952 Y103.844 E3.15758
;WIDTH:0.484932
G1 X121.036 Y103.862 E3.16074
;WIDTH:0.519856
G1 X121.121 Y103.879 E3.16418
G1 X121.137 Y103.946 E3.16691
;WIDTH:0.486476
G1 X121.154 Y104.013 E3.16946
;WIDTH:0.453096
G1 X121.156 Y104.048 E3.17066
;WIDTH:0.450008
G1 X121.156 Y120.952 E3.74285
;WIDTH:0.484931
G1 X121.138 Y121.036 E3.74601
;WIDTH:0.519854
G1 X121.121 Y121.121 E3.74945
G1 X121.036 Y121.138 E3.75289
;WIDTH:0.484931
G1 X120.952 Y121.156 E3.75605
;WIDTH:0.450008
G1 X104.048 Y121.156 E4.32824
;WIDTH:0.478577
G1 X103.979 Y121.141 E4.3308
;WIDTH:0.507145
G1 X103.91 Y121.127 E4.33352
M106 S216.75
;LAYER_CHANGE
;Z:19.2
;HEIGHT:0.200001
G1 Z19.2 F7800
G1 E2.33352 F2400
G1 Z19.2 F7800
G1 X103.539 Y103.539
G1 E4.33352 F2400
;TYPE:Perimeter
;WIDTH:0.449999
G1 F3600
G1 X121.461 Y103.539 E4.94016
G1 X121.461 Y112.5 E5.24348
G1 X121.461 Y121.461 E5.5468
G1 X103.539 Y121.461 E6.15344
G1 X103.539 Y103.599 E6.75805
G1 X103.539 Y103.599 F7800
G1 X103.132 Y103.132
G1 F3600
G1 X121.868 Y103.132 E7.39224
G1 X121.868 Y112.5 E7.70934
G1 X121.868 Y121.868 E8.02644
G1 X103.132 Y121.868 E8.66063
G1 X103.132 Y103.192 E9.29279
G1 X102.725 Y102.725 F7800
;TYPE:External perimeter
G1 F1800
G1 X122.275 Y102.725 E9.95453
G1 X122.275 Y112.5 E10.2854
G1 X122.275 Y122.275 E10.61627
G1 X102.725 Y122.275 E11.27801
G1 X102.725 Y102.785 E11.93772
G1 X103.121 Y102.726 F7800
G1 E9.93772 F2400
G92 E0
G1 X103.663 Y120.307 F7800
G1 E2 F2400
;TYPE:Bridge infill
;WIDTH:0.403106
;HEIGHT:0.4
M106 S255
G1 F3600
G1 X104.333 Y121.134 E2.05647
G1 X104.917 Y121.134 E2.08746
G1 X103.866 Y119.837 E2.17604
G1 X103.866 Y119.118 E2.21419
G1 X105.5 Y121.134 E2.35188
G1 X106.083 Y121.134 E2.38281
G1 X103.866 Y118.398 E2.56966
G1 X103.866 Y117.678 E2.60786
G1 X106.666 Y121.134 E2.84386
G1 X107.249 Y121.134 E2.87479
G1 X103.866 Y116.959 E3.15991
G1 X103.866 Y116.239 E3.19811
G1 X107.833 Y121.134 E3.53242
G1 X108.416 Y121.134 E3.56335
G1 X103.866 Y115.519 E3.94681
G1 X103.866 Y114.8 E3.98496
G1 X108.999 Y121.134 E4.41754
G1 X109.582 Y121.134 E4.44847
G1 X103.866 Y114.08 E4.93021
G1 X103.866 Y113.36 E4.96841
G1 X110.165 Y121.134 E5.4993
G1 X110.749 Y121.134 E5.53029
G1 X103.866 Y112.641 E6.11033
G1 X103.866 Y111.921 E6.14853
G1 X111.332 Y121.134 E6.77773
G1 X111.915 Y121.134 E6.80866
G1 X103.866 Y111.201 E7.48701
G1 X103.866 Y110.482 E7.52516
G1 X112.498 Y121.134 E8.25263
G1 X113.082 Y121.134 E8.28362
G1 X103.866 Y109.762 E9.06028
G1 X103.866 Y109.042 E9.09848
G1 X113.665 Y121.134 E9.92429
G1 X114.248 Y121.134 E9.95522
G1 X103.866 Y108.322 E10.83019
G1 X103.866 Y107.603 E10.86834
G1 X114.831 Y121.134 E11.79243
G1 X115.414 Y121.134 E11.82336
G1 X103.866 Y106.883 E12.7966
G1 X103.866 Y106.163 E12.8348
G1 X115.998 Y121.134 E13.85723
G1 X116.581 Y121.134 E13.88816
G1 X103.866 Y105.444 E14.95971
G1 X103.866 Y104.724 E14.99791
G1 X117.164 Y121.134 E16.11861
G1 X117.747 Y121.134 E16.14954
G1 X103.866 Y104.004 E17.3194
G1 X103.866 Y103.866 E17.32672
G1 X104.337 Y103.866 E17.35171
G1 X118.33 Y121.134 E18.531
G1 X118.914 Y121.134 E18.56199
G1 X104.92 Y103.866 E19.74131
G1 X105.503 Y103.866 E19.77224
G1 X119.497 Y121.134 E20.95156
G1 X120.08 Y121.134 E20.98249
G1 X106.087 Y103.866 E22.16178
G1 X106.67 Y103.866 E22.19271
G1 X120.663 Y121.134 E23.372
G1 X121.134 Y121.134 E23.39699
G1 X121.134 Y120.996 E23.40431
G1 X107.253 Y103.866 E24.57417
G1 X107.836 Y103.866 E24.6051
G1 X121.134 Y120.276 E25.7258
G1 X121.134 Y119.556 E25.764
G1 X108.419 Y103.866 E26.83555
G1 X109.003 Y103.866 E26.86654
G1 X121.134 Y118.836 E27.8889
G1 X121.134 Y118.117 E27.92705
G1 X109.586 Y103.866 E28.90029
G1 X110.169 Y103.866 E28.93122
G1 X121.134 Y117.397 E29.85531
G1 X121.134 Y116.677 E29.89351
G1 X110.752 Y103.866 E30.76844
G1 X111.335 Y103.866 E30.79937
G1 X121.134 Y115.958 E31.62518
G1 X121.134 Y115.238 E31.66338
G1 X111.919 Y103.866 E32.44
G1 X112.502 Y103.866 E32.47093
G1 X121.134 Y114.518 E33.1984
G1 X121.134 Y113.799 E33.23655
G1 X113.085 Y103.866 E33.9149
G1 X113.668 Y103.866 E33.94583
G1 X121.134 Y113.079 E34.57503
G1 X121.134 Y112.359 E34.61323
G1 X114.251 Y103.866 E35.19327
G1 X114.835 Y103.866 E35.22426
G1 X121.134 Y111.64 E35.75515
G1 X121.134 Y110.92 E35.79335
G1 X115.418 Y103.866 E36.27509
G1 X116.001 Y103.866 E36.30602
G1 X121.134 Y110.2 E36.7386
G1 X121.134 Y109.481 E36.77675
G1 X116.584 Y103.866 E37.16021
G1 X117.167 Y103.866 E37.19114
G1 X121.134 Y108.761 E37.52545
G1 X121.134 Y108.041 E37.56365
G1 X117.751 Y103.866 E37.84877
G1 X118.334 Y103.866 E37.8797
G1 X121.134 Y107.322 E38.1157
G1 X121.134 Y106.602 E38.1539
G1 X118.917 Y103.866 E38.34075
G1 X119.5 Y103.866 E38.37168
G1 X121.134 Y105.882 E38.50937
G1 X121.134 Y105.162 E38.54757
G1 X120.083 Y103.866 E38.6361
G1 X120.667 Y103.866 E38.66709
G1 X121.337 Y104.693 E38.72356
M106 S216.75
M106 S135.15
;LAYER_CHANGE
;Z:19.4
;HEIGHT:0.199999
G1 Z19.4 F7800
G1 E36.72356 F2400
G1 Z19.4 F7800
G1 X103.539 Y103.539
G1 E38.72356 F2400
;TYPE:Perimeter
;WIDTH:0.449999
G1 F3600
G1 X121.461 Y103.539 E39.3302
G1 X121.461 Y112.5 E39.63352
G1 X121.461 Y121.461 E39.93684
G1 X103.539 Y121.461 E40.54348
G1 X103.539 Y103.599 E41.14809
G1 X103.539 Y103.599 F7800
G1 X103.132 Y103.132
G1 F3600
G1 X121.868 Y103.132 E41.78228
G1 X121.868 Y112.5 E42.09938
G1 X121.868 Y121.868 E42.41648
G1 X103.132 Y121.868 E43.05067
G1 X103.132 Y103.192 E43.68283
G1 X102.725 Y102.725 F7800
;TYPE:External perimeter
G1 F1800
G1 X122.275 Y102.725 E44.34457
G1 X122.275 Y112.5 E44.67544
G1 X122.275 Y122.275 E45.00631
G1 X102.725 Y122.275 E45.66805
G1 X102.725 Y102.785 E46.32776
G1 X103.121 Y102.726 F7800
G1 E44.32776 F2400
G92 E0
G1 X103.877 Y121.045 F7800
G1 E2 F2400
;TYPE:Solid infill
;WIDTH:0.548766
G1 F1200
G1 X103.833 Y121.09 E2.00265
G1 X103.849 Y121.151 E2.0053
G1 X103.91 Y121.167 E2.00795
G1 X103.955 Y121.123 E2.0106
G1 X103.939 Y121.061 E2.01329
G1 X103.939 Y121.061 F7800
G1 X104.775 Y121.299
;WIDTH:0.38292
G1 F1200
G1 X104.786 Y121.34 E2.01449
G1 X104.715 Y121.359 E2.01657
G1 X104.734 Y121.288 E2.01865
;WIDTH:0.41646
G1 X104.661 Y121.222 E2.02171
;WIDTH:0.449999
G1 X103.844 Y120.411 E2.06068
G1 X103.773 Y120.318 E2.06464
;WIDTH:0.41646
G1 X103.701 Y120.225 E2.06829
;WIDTH:0.38292
G1 X103.712 Y120.266 E2.06949
G1 X103.641 Y120.285 E2.07157
G1 X103.66 Y120.214 E2.07365
;WIDTH:0.449999
G1 X103.844 Y119.836 E2.08788
G1 X105.164 Y121.156 E2.15107
G1 X105.74 Y121.156 E2.17057
G1 X103.844 Y119.26 E2.26133
G1 X103.844 Y118.684 E2.28083
G1 X106.316 Y121.156 E2.39916
G1 X106.892 Y121.156 E2.41866
G1 X103.844 Y118.108 E2.56457
G1 X103.844 Y117.533 E2.58403
G1 X107.467 Y121.156 E2.75746
G1 X108.043 Y121.156 E2.77696
G1 X103.844 Y116.957 E2.97796
G1 X103.844 Y116.381 E2.99746
G1 X108.619 Y121.156 E3.22604
G1 X109.194 Y121.156 E3.2455
G1 X103.844 Y115.806 E3.5016
G1 X103.844 Y115.23 E3.5211
G1 X109.77 Y121.156 E3.80477
G1 X110.346 Y121.156 E3.82427
G1 X103.844 Y114.654 E4.13552
G1 X103.844 Y114.079 E4.15498
G1 X110.921 Y121.156 E4.49375
G1 X111.497 Y121.156 E4.51325
G1 X103.844 Y113.503 E4.87959
G1 X103.844 Y112.927 E4.89909
G1 X112.073 Y121.156 E5.29301
G1 X112.649 Y121.156 E5.31251
G1 X103.844 Y112.351 E5.734
G1 X103.844 Y111.776 E5.75346
G1 X113.224 Y121.156 E6.20247
G1 X113.8 Y121.156 E6.22197
G1 X103.844 Y111.2 E6.69856
G1 X103.844 Y110.624 E6.71806
G1 X114.376 Y121.156 E7.22222
G1 X114.951 Y121.156 E7.24168
G1 X103.844 Y110.049 E7.77337
G1 X103.844 Y109.473 E7.79287
G1 X115.527 Y121.156 E8.35213
G1 X116.103 Y121.156 E8.37163
G1 X103.844 Y108.897 E8.95846
G1 X103.844 Y108.322 E8.97792
G1 X116.678 Y121.156 E9.59228
G1 X117.254 Y121.156 E9.61178
G1 X103.844 Y107.746 E10.25371
G1 X103.844 Y107.17 E10.27321
G1 X117.83 Y121.156 E10.94271
G1 X118.406 Y121.156 E10.96221
G1 X103.844 Y106.595 E11.65926
G1 X103.844 Y106.019 E11.67876
G1 X118.981 Y121.156 E12.40336
G1 X119.557 Y121.156 E12.42286
G1 X103.844 Y105.443 E13.17503
G1 X103.844 Y104.867 E13.19453
G1 X120.133 Y121.156 E13.97427
G1 X120.708 Y121.156 E13.99373
G1 X103.844 Y104.292 E14.801
G1 X103.718 Y103.688 E14.82188
;WIDTH:0.38292
G1 X103.699 Y103.759 E14.82396
G1 X103.77 Y103.74 E14.82604
G1 X103.759 Y103.699 E14.82724
;WIDTH:0.41646
G1 X103.866 Y103.772 E14.83126
;WIDTH:0.449999
G1 X103.973 Y103.844 E14.83563
G1 X121.156 Y121.027 E15.65817
G1 X121.228 Y121.134 E15.66254
;WIDTH:0.41646
G1 X121.301 Y121.241 E15.66656
;WIDTH:0.38292
G1 X121.312 Y121.282 E15.66776
G1 X121.241 Y121.301 E15.66984
G1 X121.26 Y121.23 E15.67192
;WIDTH:0.449999
G1 X121.156 Y120.451 E15.69852
G1 X104.549 Y103.844 E16.49349
G1 X105.124 Y103.844 E16.51295
G1 X121.156 Y119.876 E17.28039
G1 X121.156 Y119.3 E17.29989
G1 X105.7 Y103.844 E18.03976
G1 X106.276 Y103.844 E18.05926
G1 X121.156 Y118.724 E18.77156
G1 X121.156 Y118.149 E18.79102
G1 X106.851 Y103.844 E19.47579
G1 X107.427 Y103.844 E19.49529
G1 X121.156 Y117.573 E20.15249
G1 X121.156 Y116.997 E20.17199
G1 X108.003 Y103.844 E20.80162
G1 X108.578 Y103.844 E20.82108
G1 X121.156 Y116.422 E21.42318
G1 X121.156 Y115.846 E21.44268
G1 X109.154 Y103.844 E22.01721
G1 X109.73 Y103.844 E22.03671
G1 X121.156 Y115.27 E22.58367
G1 X121.156 Y114.694 E22.60317
G1 X110.306 Y103.844 E23.12255
G1 X110.881 Y103.844 E23.14201
G1 X121.156 Y114.119 E23.63387
G1 X121.156 Y113.543 E23.65337
G1 X111.457 Y103.844 E24.11766
G1 X112.033 Y103.844 E24.13716
G1 X121.156 Y112.967 E24.57387
G1 X121.156 Y112.392 E24.59333
G1 X112.608 Y103.844 E25.00252
G1 X113.184 Y103.844 E25.02202
G1 X121.156 Y111.816 E25.40363
G1 X121.156 Y111.24 E25.42313
G1 X113.76 Y103.844 E25.77717
G1 X114.335 Y103.844 E25.79663
G1 X121.156 Y110.665 E26.12315
G1 X121.156 Y110.089 E26.14265
G1 X114.911 Y103.844 E26.44159
G1 X115.487 Y103.844 E26.46109
G1 X121.156 Y109.513 E26.73246
G1 X121.156 Y108.937 E26.75196
G1 X116.063 Y103.844 E26.99576
G1 X116.638 Y103.844 E27.01522
G1 X121.156 Y108.362 E27.23149
G1 X121.156 Y107.786 E27.25099
G1 X117.214 Y103.844 E27.43969
G1 X117.79 Y103.844 E27.45919
G1 X121.156 Y107.21 E27.62032
G1 X121.156 Y106.635 E27.63978
G1 X118.365 Y103.844 E27.77338
G1 X118.941 Y103.844 E27.79288
G1 X121.156 Y106.059 E27.89891
G1 X121.156 Y105.483 E27.91841
G1 X119.517 Y103.844 E27.99687
G1 X120.092 Y103.844 E28.01633
G1 X121.156 Y104.908 E28.06726
G1 X121.318 Y104.447 E28.0838
;WIDTH:0.38292
G1 X121.299 Y104.518 E28.08588
G1 X121.37 Y104.499 E28.08796
G1 X121.359 Y104.458 E28.08916
;WIDTH:0.41646
G1 X121.257 Y104.395 E28.09288
;WIDTH:0.449999
G1 X121.156 Y104.332 E28.09691
G1 X120.668 Y103.844 E28.12027
G1 X120.605 Y103.743 E28.1243
;WIDTH:0.41646
G1 X120.542 Y103.641 E28.12802
;WIDTH:0.38292
G1 X120.553 Y103.682 E28.12922
G1 X120.482 Y103.701 E28.1313
G1 X120.501 Y103.63 E28.13338
M106 S137.7
;LAYER_CHANGE
;Z:19.6
;HEIGHT:0.200001
G1 Z19.6 F7800
G1 E26.13338 F2400
G1 Z19.6 F7800
G1 X103.539 Y103.539
G1 E28.13338 F2400
;TYPE:Perimeter
;WIDTH:0.449999
G1 F3600
G1 X121.461 Y103.539 E28.74002
G1 X121.461 Y112.5 E29.04334
G1 X121.461 Y121.461 E29.34666
G1 X103.539 Y121.461 E29.9533
G1 X103.539 Y103.599 E30.55791
G1 X103.539 Y103.599 F7800
G1 X103.132 Y103.132
G1 F3600
G1 X121.868 Y103.132 E31.1921
G1 X121.868 Y112.5 E31.5092
G1 X121.868 Y121.868 E31.8263
G1 X103.132 Y121.868 E32.46049
G1 X103.132 Y103.192 E33.09265
G1 X102.725 Y102.725 F7800
;TYPE:External perimeter
G1 F1800
G1 X122.275 Y102.725 E33.75439
G1 X122.275 Y112.5 E34.08526
G1 X122.275 Y122.275 E34.41613
G1 X102.725 Y122.275 E35.07787
G1 X102.725 Y102.785 E35.73758
G1 X103.121 Y102.726 F7800
G1 X103.955 Y103.877
;TYPE:Solid infill
;WIDTH:0.548766
G1 F1200
G1 X103.91 Y103.833 E35.74023
G1 X103.849 Y103.849 E35.74288
G1 X103.833 Y103.91 E35.74553
G1 X103.877 Y103.955 E35.74818
G1 X103.939 Y103.939 E35.75087
G1 X103.939 Y103.939 F7800
G1 X103.712 Y104.734
;WIDTH:0.38292
G1 F1200
G1 X103.641 Y104.715 E35.75295
G1 X103.66 Y104.786 E35.75503
G1 X103.701 Y104.775 E35.75623
;WIDTH:0.41646
G1 X103.773 Y104.682 E35.75988
;WIDTH:0.449999
G1 X103.844 Y104.589 E35.76384
G1 X104.589 Y103.844 E35.7995
G1 X104.682 Y103.773 E35.80346
;WIDTH:0.41646
G1 X104.775 Y103.701 E35.80711
;WIDTH:0.38292
G1 X104.734 Y103.712 E35.80831
G1 X104.715 Y103.641 E35.81039
G1 X104.786 Y103.66 E35.81247
;WIDTH:0.449999
G1 X105.164 Y103.844 E35.8267
G1 X103.844 Y105.164 E35.88989
G1 X103.844 Y105.74 E35.90939
G1 X105.74 Y103.844 E36.00015
G1 X106.316 Y103.844 E36.01965
G1 X103.844 Y106.316 E36.13798
G1 X103.844 Y106.892 E36.15748
G1 X106.892 Y103.844 E36.30339
G1 X107.467 Y103.844 E36.32285
G1 X103.844 Y107.467 E36.49628
G1 X103.844 Y108.043 E36.51578
G1 X108.043 Y103.844 E36.71678
G1 X108.619 Y103.844 E36.73628
G1 X103.844 Y108.619 E36.96486
G1 X103.844 Y109.194 E36.98432
G1 X109.194 Y103.844 E37.24042
G1 X109.77 Y103.844 E37.25992
G1 X103.844 Y109.77 E37.54359
G1 X103.844 Y110.346 E37.56309
G1 X110.346 Y103.844 E37.87434
G1 X110.921 Y103.844 E37.8938
G1 X103.844 Y110.921 E38.23257
G1 X103.844 Y111.497 E38.25207
G1 X111.497 Y103.844 E38.61841
G1 X112.073 Y103.844 E38.63791
G1 X103.844 Y112.073 E39.03183
G1 X103.844 Y112.649 E39.05133
G1 X112.649 Y103.844 E39.47282
G1 X113.224 Y103.844 E39.49228
G1 X103.844 Y113.224 E39.94129
G1 X103.844 Y113.8 E39.96079
G1 X113.8 Y103.844 E40.43738
G1 X114.376 Y103.844 E40.45688
G1 X103.844 Y114.376 E40.96104
G1 X103.844 Y114.951 E40.9805
G1 X114.951 Y103.844 E41.51219
G1 X115.527 Y103.844 E41.53169
G1 X103.844 Y115.527 E42.09095
G1 X103.844 Y116.103 E42.11045
G1 X116.103 Y103.844 E42.69728
G1 X116.678 Y103.844 E42.71674
G1 X103.844 Y116.678 E43.3311
G1 X103.844 Y117.254 E43.3506
G1 X117.254 Y103.844 E43.99253
G1 X117.83 Y103.844 E44.01203
G1 X103.844 Y117.83 E44.68153
G1 X103.844 Y118.406 E44.70103
G1 X118.406 Y103.844 E45.3981
G1 X118.981 Y103.844 E45.41756
G1 X103.844 Y118.981 E46.14216
G1 X103.844 Y119.557 E46.16166
G1 X119.557 Y103.844 E46.91383
G1 X120.133 Y103.844 E46.93333
G1 X103.844 Y120.133 E47.71307
G1 X103.844 Y120.708 E47.73253
G1 X120.708 Y103.844 E48.5398
G1 X121.312 Y103.718 E48.56068
;WIDTH:0.38292
G1 X121.241 Y103.699 E48.56276
G1 X121.26 Y103.77 E48.56484
G1 X121.301 Y103.759 E48.56604
;WIDTH:0.41646
G1 X121.228 Y103.866 E48.57006
;WIDTH:0.449999
G1 X121.156 Y103.973 E48.57443
G1 X103.973 Y121.156 E49.39697
G1 X103.866 Y121.228 E49.40134
;WIDTH:0.41646
G1 X103.759 Y121.301 E49.40536
;WIDTH:0.38292
G1 X103.718 Y121.312 E49.40656
G1 X103.699 Y121.241 E49.40864
G1 X103.77 Y121.26 E49.41072
;WIDTH:0.449999
G1 X104.549 Y121.156 E49.43732
G1 X121.156 Y104.549 E50.23229
G1 X121.156 Y105.124 E50.25175
G1 X105.124 Y121.156 E51.01919
G1 X105.7 Y121.156 E51.03869
G1 X121.156 Y105.7 E51.77856
G1 X121.156 Y106.276 E51.79806
G1 X106.276 Y121.156 E52.51036
G1 X106.851 Y121.156 E52.52982
G1 X121.156 Y106.851 E53.21459
G1 X121.156 Y107.427 E53.23409
G1 X107.427 Y121.156 E53.89129
G1 X108.003 Y121.156 E53.91079
G1 X121.156 Y108.003 E54.54042
G1 X121.156 Y108.578 E54.55988
G1 X108.578 Y121.156 E55.16198
G1 X109.154 Y121.156 E55.18148
G1 X121.156 Y109.154 E55.75601
G1 X121.156 Y109.73 E55.77551
G1 X109.73 Y121.156 E56.32247
G1 X110.306 Y121.156 E56.34197
G1 X121.156 Y110.306 E56.86135
G1 X121.156 Y110.881 E56.88081
G1 X110.881 Y121.156 E57.37267
G1 X111.457 Y121.156 E57.39217
G1 X121.156 Y111.457 E57.85646
G1 X121.156 Y112.033 E57.87596
G1 X112.033 Y121.156 E58.31267
G1 X112.608 Y121.156 E58.33213
G1 X121.156 Y112.608 E58.74132
G1 X121.156 Y113.184 E58.76082
G1 X113.184 Y121.156 E59.14243
G1 X113.76 Y121.156 E59.16193
G1 X121.156 Y113.76 E59.51597
G1 X121.156 Y114.335 E59.53543
G1 X114.335 Y121.156 E59.86195
G1 X114.911 Y121.156 E59.88145
G1 X121.156 Y114.911 E60.18039
G1 X121.156 Y115.487 E60.19989
G1 X115.487 Y121.156 E60.47126
G1 X116.063 Y121.156 E60.49076
G1 X121.156 Y116.063 E60.73456
G1 X121.156 Y116.638 E60.75402
G1 X116.638 Y121.156 E60.97029
G1 X117.214 Y121.156 E60.98979
G1 X121.156 Y117.214 E61.17849
G1 X121.156 Y117.79 E61.19799
G1 X117.79 Y121.156 E61.35912
G1 X118.365 Y121.156 E61.37858
G1 X121.156 Y118.365 E61.51218
G1 X121.156 Y118.941 E61.53168
G1 X118.941 Y121.156 E61.63771
G1 X119.517 Y121.156 E61.65721
G1 X121.156 Y119.517 E61.73567
G1 X121.156 Y120.092 E61.75513
G1 X120.092 Y121.156 E61.80606
G1 X120.553 Y121.318 E61.8226
;WIDTH:0.38292
G1 X120.482 Y121.299 E61.82468
G1 X120.501 Y121.37 E61.82676
G1 X120.542 Y121.359 E61.82796
;WIDTH:0.41646
G1 X120.605 Y121.257 E61.83168
;WIDTH:0.449999
G1 X120.668 Y121.156 E61.83571
G1 X121.156 Y120.668 E61.85907
G1 X121.257 Y120.605 E61.8631
;WIDTH:0.41646
G1 X121.359 Y120.542 E61.86682
;WIDTH:0.38292
G1 X121.318 Y120.553 E61.86802
G1 X121.299 Y120.482 E61.8701
G1 X121.37 Y120.501 E61.87218
M106 S135.15
;LAYER_CHANGE
;Z:19.8
;HEIGHT:0.199999
G1 Z19.8 F7800
G1 E59.87218 F2400
G1 Z19.8 F7800
G1 X103.539 Y103.539
G1 E61.87218 F2400
;TYPE:Perimeter
;WIDTH:0.449999
G1 F3600
G1 X121.461 Y103.539 E62.47882
G1 X121.461 Y112.5 E62.78214
G1 X121.461 Y121.461 E63.08546
G1 X103.539 Y121.461 E63.6921
G1 X103.539 Y103.599 E64.29671
G1 X103.539 Y103.599 F7800
G1 X103.132 Y103.132
G1 F3600
G1 X121.868 Y103.132 E64.9309
G1 X121.868 Y112.5 E65.248
G1 X121.868 Y121.868 E65.5651
G1 X103.132 Y121.868 E66.19929
G1 X103.132 Y103.192 E66.83145
G1 X102.725 Y102.725 F7800
;TYPE:External perimeter
G1 F1800
G1 X122.275 Y102.725 E67.49319
G1 X122.275 Y112.5 E67.82406
G1 X122.275 Y122.275 E68.15493
G1 X102.725 Y122.275 E68.81667
G1 X102.725 Y102.785 E69.47638
G1 X103.121 Y102.726 F7800
G1 E67.47638 F2400
G92 E0
G1 X103.877 Y121.045 F7800
G1 E2 F2400
;TYPE:Solid infill
;WIDTH:0.548766
G1 F1200
G1 X103.833 Y121.09 E2.00265
G1 X103.849 Y121.151 E2.0053
G1 X103.91 Y121.167 E2.00795
G1 X103.955 Y121.123 E2.0106
G1 X103.939 Y121.061 E2.01329
G1 X103.939 Y121.061 F7800
G1 X104.775 Y121.299
;WIDTH:0.38292
G1 F1200
G1 X104.786 Y121.34 E2.01449
G1 X104.715 Y121.359 E2.01657
G1 X104.734 Y121.288 E2.01865
;WIDTH:0.41646
G1 X104.661 Y121.222 E2.02171
;WIDTH:0.449999
G1 X103.844 Y120.411 E2.06068
G1 X103.773 Y120.318 E2.06464
;WIDTH:0.41646
G1 X103.701 Y120.225 E2.06829
;WIDTH:0.38292
G1 X103.712 Y120.266 E2.06949
G1 X103.641 Y120.285 E2.07157
G1 X103.66 Y120.214 E2.07365
;WIDTH:0.449999
G1 X103.844 Y119.836 E2.08788
G1 X105.164 Y121.156 E2.15107
G1 X105.74 Y121.156 E2.17057
G1 X103.844 Y119.26 E2.26133
G1 X103.844 Y118.684 E2.28083
G1 X106.316 Y121.156 E2.39916
G1 X106.892 Y121.156 E2.41866
G1 X103.844 Y118.108 E2.56457
G1 X103.844 Y117.533 E2.58403
G1 X107.467 Y121.156 E2.75746
G1 X108.043 Y121.156 E2.77696
G1 X103.844 Y116.957 E2.97796
G1 X103.844 Y116.381 E2.99746
G1 X108.619 Y121.156 E3.22604
G1 X109.194 Y121.156 E3.2455
G1 X103.844 Y115.806 E3.5016
G1 X103.844 Y115.23 E3.5211
G1 X109.77 Y121.156 E3.80477
G1 X110.346 Y121.156 E3.82427
G1 X103.844 Y114.654 E4.13552
G1 X103.844 Y114.079 E4.15498
G1 X110.921 Y121.156 E4.49375
G1 X111.497 Y121.156 E4.51325
G1 X103.844 Y113.503 E4.87959
G1 X103.844 Y112.927 E4.89909
G1 X112.073 Y121.156 E5.29301
G1 X112.649 Y121.156 E5.31251
G1 X103.844 Y112.351 E5.734
G1 X103.844 Y111.776 E5.75346
G1 X113.224 Y121.156 E6.20247
G1 X113.8 Y121.156 E6.22197
G1 X103.844 Y111.2 E6.69856
G1 X103.844 Y110.624 E6.71806
G1 X114.376 Y121.156 E7.22222
G1 X114.951 Y121.156 E7.24168
G1 X103.844 Y110.049 E7.77337
G1 X103.844 Y109.473 E7.79287
G1 X115.527 Y121.156 E8.35213
G1 X116.103 Y121.156 E8.37163
G1 X103.844 Y108.897 E8.95846
G1 X103.844 Y108.322 E8.97792
G1 X116.678 Y121.156 E9.59228
G1 X117.254 Y121.156 E9.61178
G1 X103.844 Y107.746 E10.25371
G1 X103.844 Y107.17 E10.27321
G1 X117.83 Y121.156 E10.94271
G1 X118.406 Y121.156 E10.96221
G1 X103.844 Y106.595 E11.65926
G1 X103.844 Y106.019 E11.67876
G1 X118.981 Y121.156 E12.40336
G1 X119.557 Y121.156 E12.42286
G1 X103.844 Y105.443 E13.17503
G1 X103.844 Y104.867 E13.19453
G1 X120.133 Y121.156 E13.97427
G1 X120.708 Y121.156 E13.99373
G1 X103.844 Y104.292 E14.801
G1 X103.718 Y103.688 E14.82188
;WIDTH:0.38292
G1 X103.699 Y103.759 E14.82396
G1 X103.77 Y103.74 E14.82604
G1 X103.759 Y103.699 E14.82724
;WIDTH:0.41646
G1 X103.866 Y103.772 E14.83126
;WIDTH:0.449999
G1 X103.973 Y103.844 E14.83563
G1 X121.156 Y121.027 E15.65817
G1 X121.228 Y121.134 E15.66254
;WIDTH:0.41646
G1 X121.301 Y121.241 E15.66656
;WIDTH:0.38292
G1 X121.312 Y121.282 E15.66776
G1 X121.241 Y121.301 E15.66984
G1 X121.26 Y121.23 E15.67192
;WIDTH:0.449999
G1 X121.156 Y120.451 E15.69852
G1 X104.549 Y103.844 E16.49349
G1 X105.124 Y103.844 E16.51295
G1 X121.156 Y119.876 E17.28039
G1 X121.156 Y119.3 E17.29989
G1 X105.7 Y103.844 E18.03976
G1 X106.276 Y103.844 E18.05926
G1 X121.156 Y118.724 E18.77156
G1 X121.156 Y118.149 E18.79102
G1 X106.851 Y103.844 E19.47579
G1 X107.427 Y103.844 E19.49529
G1 X121.156 Y117.573 E20.15249
G1 X121.156 Y116.997 E20.17199
G1 X108.003 Y103.844 E20.80162
G1 X108.578 Y103.844 E20.82108
G1 X121.156 Y116.422 E21.42318
G1 X121.156 Y115.846 E21.44268
G1 X109.154 Y103.844 E22.01721
G1 X109.73 Y103.844 E22.03671
G1 X121.156 Y115.27 E22.58367
G1 X121.156 Y114.694 E22.60317
G1 X110.306 Y103.844 E23.12255
G1 X110.881 Y103.844 E23.14201
G1 X121.156 Y114.119 E23.63387
G1 X121.156 Y113.543 E23.65337
G1 X111.457 Y103.844 E24.11766
G1 X112.033 Y103.844 E24.13716
G1 X121.156 Y112.967 E24.57387
G1 X121.156 Y112.392 E24.59333
G1 X112.608 Y103.844 E25.00252
G1 X113.184 Y103.844 E25.02202
G1 X121.156 Y111.816 E25.40363
G1 X121.156 Y111.24 E25.42313
G1 X113.76 Y103.844 E25.77717
G1 X114.335 Y103.844 E25.79663
G1 X121.156 Y110.665 E26.12315
G1 X121.156 Y110.089 E26.14265
G1 X114.911 Y103.844 E26.44159
G1 X115.487 Y103.844 E26.46109
G1 X121.156 Y109.513 E26.73246
G1 X121.156 Y108.937 E26.75196
G1 X116.063 Y103.844 E26.99576
G1 X116.638 Y103.844 E27.01522
G1 X121.156 Y108.362 E27.23149
G1 X121.156 Y107.786 E27.25099
G1 X117.214 Y103.844 E27.43969
G1 X117.79 Y103.844 E27.45919
G1 X121.156 Y107.21 E27.62032
G1 X121.156 Y106.635 E27.63978
G1 X118.365 Y103.844 E27.77338
G1 X118.941 Y103.844 E27.79288
G1 X121.156 Y106.059 E27.89891
G1 X121.156 Y105.483 E27.91841
G1 X119.517 Y103.844 E27.99687
G1 X120.092 Y103.844 E28.01633
G1 X121.156 Y104.908 E28.06726
G1 X121.318 Y104.447 E28.0838
;WIDTH:0.38292
G1 X121.299 Y104.518 E28.08588
G1 X121.37 Y104.499 E28.08796
G1 X121.359 Y104.458 E28.08916
;WIDTH:0.41646
G1 X121.257 Y104.395 E28.09288
;WIDTH:0.449999
G1 X121.156 Y104.332 E28.09691
G1 X120.668 Y103.844 E28.12027
G1 X120.605 Y103.743 E28.1243
;WIDTH:0.41646
G1 X120.542 Y103.641 E28.12802
;WIDTH:0.38292
G1 X120.553 Y103.682 E28.12922
G1 X120.482 Y103.701 E28.1313
G1 X120.501 Y103.63 E28.13338
M107
;LAYER_CHANGE
;Z:20
;HEIGHT:0.200001
G1 Z20 F7800
G1 E26.13338 F2400
G1 Z20 F7800
G1 X103.539 Y103.539
G1 E28.13338 F2400
;TYPE:Perimeter
;WIDTH:0.449999
G1 F3600
G1 X121.461 Y103.539 E28.74002
G1 X121.461 Y112.5 E29.04334
G1 X121.461 Y121.461 E29.34666
G1 X103.539 Y121.461 E29.9533
G1 X103.539 Y103.599 E30.55791
G1 X103.539 Y103.599 F7800
G1 X103.132 Y103.132
G1 F3600
G1 X121.868 Y103.132 E31.1921
G1 X121.868 Y112.5 E31.5092
G1 X121.868 Y121.868 E31.8263
G1 X103.132 Y121.868 E32.46049
G1 X103.132 Y103.192 E33.09265
G1 X102.725 Y102.725 F7800
;TYPE:External perimeter
G1 F1800
G1 X122.275 Y102.725 E33.75439
G1 X122.275 Y112.5 E34.08526
G1 X122.275 Y122.275 E34.41613
G1 X102.725 Y122.275 E35.07787
G1 X102.725 Y102.785 E35.73758
G1 X103.121 Y102.726 F7800
G1 E33.73758 F2400
G92 E0
G1 X120.618 Y121.341 F7800
G1 E2 F2400
;TYPE:Top solid infill
;WIDTH:0.40088
G1 F900
G1 X121.181 Y120.778 E2.0237
G1 X121.181 Y120.272 E2.03876
G1 X120.272 Y121.181 E2.07702
G1 X119.766 Y121.181 E2.09208
G1 X121.181 Y119.766 E2.15164
G1 X121.181 Y119.26 E2.1667
G1 X119.26 Y121.181 E2.24756
G1 X118.753 Y121.181 E2.26265
G1 X121.181 Y118.753 E2.36485
G1 X121.181 Y118.247 E2.37991
G1 X118.247 Y121.181 E2.50341
G1 X117.741 Y121.181 E2.51847
G1 X121.181 Y117.741 E2.66327
G1 X121.181 Y117.235 E2.67833
G1 X117.235 Y121.181 E2.84443
G1 X116.728 Y121.181 E2.85952
G1 X121.181 Y116.728 E3.04696
G1 X121.181 Y116.222 E3.06202
G1 X116.222 Y121.181 E3.27076
G1 X115.716 Y121.181 E3.28582
G1 X121.181 Y115.716 E3.51586
G1 X121.181 Y115.21 E3.53092
G1 X115.21 Y121.181 E3.78226
G1 X114.703 Y121.181 E3.79735
G1 X121.181 Y114.703 E4.07003
G1 X121.181 Y114.197 E4.08509
G1 X114.197 Y121.181 E4.37907
G1 X113.691 Y121.181 E4.39413
G1 X121.181 Y113.691 E4.70941
G1 X121.181 Y113.185 E4.72447
G1 X113.185 Y121.181 E5.06105
G1 X112.678 Y121.181 E5.07614
G1 X121.181 Y112.678 E5.43406
G1 X121.181 Y112.172 E5.44912
G1 X112.172 Y121.181 E5.82834
G1 X111.666 Y121.181 E5.8434
G1 X121.181 Y111.666 E6.24392
G1 X121.181 Y111.16 E6.25898
G1 X111.16 Y121.181 E6.6808
G1 X110.654 Y121.181 E6.69586
G1 X121.181 Y110.654 E7.13898
G1 X121.181 Y110.147 E7.15407
G1 X110.147 Y121.181 E7.61853
G1 X109.641 Y121.181 E7.63359
G1 X121.181 Y109.641 E8.11935
G1 X121.181 Y109.135 E8.13441
G1 X109.135 Y121.181 E8.64147
G1 X108.629 Y121.181 E8.65653
G1 X121.181 Y108.629 E9.18489
G1 X121.181 Y108.122 E9.19998
G1 X108.122 Y121.181 E9.74968
G1 X107.616 Y121.181 E9.76474
G1 X121.181 Y107.616 E10.33574
G1 X121.181 Y107.11 E10.3508
G1 X107.11 Y121.181 E10.9431
G1 X106.604 Y121.181 E10.95816
G1 X121.181 Y106.604 E11.57175
G1 X121.181 Y106.097 E11.58684
G1 X106.097 Y121.181 E12.22178
G1 X105.591 Y121.181 E12.23684
G1 X121.181 Y105.591 E12.89308
G1 X121.181 Y105.085 E12.90814
G1 X105.085 Y121.181 E13.58567
G1 X104.579 Y121.181 E13.60073
G1 X121.181 Y104.579 E14.29956
G1 X121.181 Y104.073 E14.31462
G1 X104.073 Y121.181 E15.03475
G1 X103.819 Y121.181 E15.04231
G1 X103.819 Y120.927 E15.04987
G1 X120.927 Y103.819 E15.77
G1 X120.421 Y103.819 E15.78506
G1 X103.819 Y120.421 E16.48389
G1 X103.819 Y119.915 E16.49895
G1 X119.915 Y103.819 E17.17648
G1 X119.409 Y103.819 E17.19154
G1 X103.819 Y119.409 E17.84778
G1 X103.819 Y118.902 E17.86287
G1 X118.902 Y103.819 E18.49776
G1 X118.396 Y103.819 E18.51282
G1 X103.819 Y118.396 E19.12641
G1 X103.819 Y117.89 E19.14147
G1 X117.89 Y103.819 E19.73377
G1 X117.384 Y103.819 E19.74883
G1 X103.819 Y117.384 E20.31983
G1 X103.819 Y116.878 E20.33489
G1 X116.878 Y103.819 E20.88459
G1 X116.371 Y103.819 E20.89968
G1 X103.819 Y116.371 E21.42804
G1 X103.819 Y115.865 E21.4431
G1 X115.865 Y103.819 E21.95016
G1 X115.359 Y103.819 E21.96522
G1 X103.819 Y115.359 E22.45098
G1 X103.819 Y114.853 E22.46604
G1 X114.853 Y103.819 E22.9305
G1 X114.346 Y103.819 E22.94559
G1 X103.819 Y114.346 E23.38871
G1 X103.819 Y113.84 E23.40377
G1 X113.84 Y103.819 E23.82559
G1 X113.334 Y103.819 E23.84065
G1 X103.819 Y113.334 E24.24117
G1 X103.819 Y112.828 E24.25623
G1 X112.828 Y103.819 E24.63545
G1 X112.321 Y103.819 E24.65054
G1 X103.819 Y112.321 E25.00842
G1 X103.819 Y111.815 E25.02348
G1 X111.815 Y103.819 E25.36006
G1 X111.309 Y103.819 E25.37512
G1 X103.819 Y111.309 E25.6904
G1 X103.819 Y110.803 E25.70546
G1 X110.803 Y103.819 E25.99944
G1 X110.297 Y103.819 E26.0145
G1 X103.819 Y110.297 E26.28718
G1 X103.819 Y109.79 E26.30227
G1 X109.79 Y103.819 E26.55361
G1 X109.284 Y103.819 E26.56867
G1 X103.819 Y109.284 E26.79871
G1 X103.819 Y108.778 E26.81377
G1 X108.778 Y103.819 E27.02251
G1 X108.272 Y103.819 E27.03757
G1 X103.819 Y108.272 E27.22501
G1 X103.819 Y107.765 E27.2401
G1 X107.765 Y103.819 E27.4062
G1 X107.259 Y103.819 E27.42126
G1 X103.819 Y107.259 E27.56606
G1 X103.819 Y106.753 E27.58112
G1 X106.753 Y103.819 E27.70462
G1 X106.247 Y103.819 E27.71968
G1 X103.819 Y106.247 E27.82188
G1 X103.819 Y105.74 E27.83697
G1 X105.74 Y103.819 E27.91783
G1 X105.234 Y103.819 E27.93289
G1 X103.819 Y105.234 E27.99245
G1 X103.819 Y104.728 E28.00751
G1 X104.728 Y103.819 E28.04577
G1 X104.222 Y103.819 E28.06083
G1 X103.659 Y104.382 E28.08453
M106 S255
;LAYER_CHANGE
;Z:20.2
;HEIGHT:0.200001
G1 Z20.2 F7800
G1 E26.08453 F2400
G1 Z20.2 F7800
G1 X116.085 Y107.171
G1 E28.08453 F2400
;TYPE:External perimeter
;WIDTH:0.441
G1 F600
G1 X116.085 Y109.261 E28.15371
;WIDTH:0.488296
G1 X116.061 Y109.322 E28.15614
;WIDTH:0.535593
G1 X116.037 Y109.384 E28.15886
;WIDTH:0.58289
G1 X116.014 Y109.445 E28.16179
;WIDTH:0.630187
G1 X115.99 Y109.507 E28.16504
;WIDTH:0.677484
G1 X115.966 Y109.568 E28.1685
G1 X115.937 Y109.56 E28.17009
;WIDTH:0.642408
G1 X115.908 Y109.552 E28.17159
;WIDTH:0.607331
G1 X115.878 Y109.543 E28.17306
;WIDTH:0.572254
G1 X115.822 Y109.509 E28.17594
;WIDTH:0.528482
G1 X115.766 Y109.474 E28.17861
;WIDTH:0.484709
G1 X115.71 Y109.44 E28.18102
;WIDTH:0.440937
G1 X115.653 Y109.405 E28.18323
;WIDTH:0.406606
G1 X115.015 Y108.61 E28.21406
;WIDTH:0.448889
G1 X114.945 Y108.556 E28.21704
;WIDTH:0.491172
G1 X114.874 Y108.501 E28.22039
G1 X114.803 Y108.556 E28.22374
;WIDTH:0.44886
G1 X114.732 Y108.611 E28.22677
;WIDTH:0.406548
G1 X114.096 Y109.404 E28.25751
;WIDTH:0.446026
G1 X114.044 Y109.432 E28.25949
;WIDTH:0.492744
G1 X113.992 Y109.46 E28.2617
;WIDTH:0.539462
G1 X113.94 Y109.487 E28.26412
;WIDTH:0.58618
G1 X113.887 Y109.515 E28.26683
;WIDTH:0.632898
G1 X113.835 Y109.542 E28.2697
;WIDTH:0.679616
G1 X113.783 Y109.57 E28.27283
G1 X113.759 Y109.508 E28.27635
;WIDTH:0.631893
G1 X113.735 Y109.446 E28.27961
;WIDTH:0.58417
G1 X113.711 Y109.384 E28.2826
;WIDTH:0.536447
G1 X113.687 Y109.322 E28.28533
;WIDTH:0.488724
G1 X113.664 Y109.261 E28.28775
;WIDTH:0.441
G1 X113.664 Y107.171 E28.35693
G1 X113.664 Y107.171 F7800
G1 X112.57 Y107.171
G1 F600
G1 X112.57 Y109.261 E28.42611
;WIDTH:0.488295
G1 X112.546 Y109.322 E28.42854
;WIDTH:0.535592
G1 X112.523 Y109.384 E28.43125
;WIDTH:0.582889
G1 X112.499 Y109.445 E28.43419
;WIDTH:0.630186
G1 X112.475 Y109.507 E28.43744
;WIDTH:0.677482
G1 X112.452 Y109.568 E28.44088
G1 X112.422 Y109.56 E28.44252
;WIDTH:0.642406
G1 X112.393 Y109.552 E28.44402
;WIDTH:0.607329
G1 X112.364 Y109.543 E28.44545
;WIDTH:0.572252
G1 X112.308 Y109.509 E28.44833
;WIDTH:0.52848
G1 X112.251 Y109.474 E28.45103
;WIDTH:0.484707
G1 X112.195 Y109.44 E28.45344
;WIDTH:0.440935
G1 X112.139 Y109.405 E28.45563
;WIDTH:0.406608
G1 X111.501 Y108.61 E28.48646
;WIDTH:0.448891
G1 X111.43 Y108.556 E28.48947
;WIDTH:0.491174
G1 X111.36 Y108.501 E28.49279
G1 X111.289 Y108.556 E28.49614
;WIDTH:0.448861
G1 X111.218 Y108.611 E28.49917
;WIDTH:0.406548
G1 X110.582 Y109.404 E28.52991
;WIDTH:0.446024
G1 X110.53 Y109.432 E28.53189
;WIDTH:0.492742
G1 X110.477 Y109.46 E28.53413
;WIDTH:0.53946
G1 X110.425 Y109.487 E28.53655
;WIDTH:0.586178
G1 X110.373 Y109.515 E28.53922
;WIDTH:0.632896
G1 X110.321 Y109.542 E28.54209
;WIDTH:0.679614
G1 X110.268 Y109.57 E28.54526
G1 X110.244 Y109.508 E28.54878
;WIDTH:0.631892
G1 X110.221 Y109.446 E28.55202
;WIDTH:0.584169
G1 X110.197 Y109.384 E28.55501
;WIDTH:0.536446
G1 X110.173 Y109.322 E28.55774
;WIDTH:0.488723
G1 X110.149 Y109.261 E28.56017
;WIDTH:0.441
G1 X110.149 Y107.171 E28.62935
G1 X110.149 Y107.171 F7800
G1 X108.527 Y107.127
;WIDTH:0.418364
G1 F600
G1 X108.767 Y107.205 E28.63723
G1 X109.043 Y107.517 E28.65023
;WIDTH:0.422776
G1 X109.197 Y107.981 E28.66567
;WIDTH:0.439714
G1 X109.244 Y108.485 E28.68237
G1 X109.197 Y108.988 E28.69904
;WIDTH:0.422774
G1 X109.043 Y109.452 E28.71448
;WIDTH:0.414778
G1 X108.778 Y109.755 E28.72693
G1 X108.475 Y109.844 E28.73669
G1 X108.172 Y109.755 E28.74645
G1 X107.907 Y109.452 E28.7589
;WIDTH:0.422776
G1 X107.753 Y108.988 E28.77434
;WIDTH:0.439716
G1 X107.706 Y108.485 E28.79101
G1 X107.753 Y107.981 E28.80771
;WIDTH:0.422776
G1 X107.88 Y107.576 E28.82112
;WIDTH:0.402938
G1 X108.106 Y107.268 E28.83256
;WIDTH:0.41917
G1 X108.355 Y107.137 E28.84136
G1 X108.467 Y107.13 E28.84487
G1 X108.829 Y107.299 F7800
G1 X106.988 Y107.159
;WIDTH:0.4185
G1 F600
G1 X105.978 Y107.159 E28.87641
;WIDTH:0.454325
G1 X105.911 Y107.177 E28.87878
;WIDTH:0.49015
G1 X105.844 Y107.195 E28.88136
;WIDTH:0.525974
G1 X105.777 Y107.213 E28.88415
G1 X105.803 Y107.29 E28.88741
;WIDTH:0.47829
G1 X105.829 Y107.368 E28.89039
;WIDTH:0.430605
G1 X105.855 Y107.445 E28.89301
;WIDTH:0.38292
G1 X106.419 Y108.197 E28.91958
;WIDTH:0.39921
G1 X106.693 Y108.74 E28.9376
;WIDTH:0.425519
G1 X106.718 Y108.976 E28.94515
;WIDTH:0.451828
G1 X106.743 Y109.211 E28.95319
;WIDTH:0.458736
G1 X106.637 Y109.508 E28.96409
G1 X106.432 Y109.721 E28.97431
;WIDTH:0.453166
G1 X106.152 Y109.83 E28.98456
;WIDTH:0.436852
G1 X105.89 Y109.826 E28.99314
;WIDTH:0.414814
G1 X105.514 Y109.662 E29.00582
;LAYER_CHANGE
;Z:20.4
;HEIGHT:0.199999
G1 Z20.4 F7800
G1 E27.00582 F2400
G1 Z20.4 F7800
G1 X116.085 Y107.171
G1 E29.00582 F2400
;WIDTH:0.441
G1 F600
G1 X116.085 Y109.261 E29.075
;WIDTH:0.488296
G1 X116.061 Y109.322 E29.07743
;WIDTH:0.535593
G1 X116.037 Y109.384 E29.08015
;WIDTH:0.58289
G1 X116.014 Y109.445 E29.08308
;WIDTH:0.630187
G1 X115.99 Y109.507 E29.08633
;WIDTH:0.677484
G1 X115.966 Y109.568 E29.08979
G1 X115.937 Y109.56 E29.09138
;WIDTH:0.642408
G1 X115.908 Y109.552 E29.09288
;WIDTH:0.607331
G1 X115.878 Y109.543 E29.09435
;WIDTH:0.572254
G1 X115.822 Y109.509 E29.09723
;WIDTH:0.528482
G1 X115.766 Y109.474 E29.0999
;WIDTH:0.484709
G1 X115.71 Y109.44 E29.10231
;WIDTH:0.440937
G1 X115.653 Y109.405 E29.10452
;WIDTH:0.406606
G1 X115.015 Y108.61 E29.13535
;WIDTH:0.448889
G1 X114.945 Y108.556 E29.13833
;WIDTH:0.491172
G1 X114.874 Y108.501 E29.14168
G1 X114.803 Y108.556 E29.14503
;WIDTH:0.44886
G1 X114.732 Y108.611 E29.14806
;WIDTH:0.406548
G1 X114.096 Y109.404 E29.1788
;WIDTH:0.446026
G1 X114.044 Y109.432 E29.18078
;WIDTH:0.492744
G1 X113.992 Y109.46 E29.18299
;WIDTH:0.539461
G1 X113.94 Y109.487 E29.18541
;WIDTH:0.586179
G1 X113.887 Y109.515 E29.18812
;WIDTH:0.632897
G1 X113.835 Y109.542 E29.19099
;WIDTH:0.679614
G1 X113.783 Y109.57 E29.19412
G1 X113.759 Y109.508 E29.19764
;WIDTH:0.631892
G1 X113.735 Y109.446 E29.2009
;WIDTH:0.584169
G1 X113.711 Y109.384 E29.20389
;WIDTH:0.536446
G1 X113.687 Y109.322 E29.20662
;WIDTH:0.488723
G1 X113.664 Y109.261 E29.20904
;WIDTH:0.441
G1 X113.664 Y107.171 E29.27822
G1 X113.664 Y107.171 F7800
G1 X112.57 Y107.171
G1 F600
G1 X112.57 Y109.261 E29.3474
;WIDTH:0.488296
G1 X112.546 Y109.322 E29.34983
;WIDTH:0.535593
G1 X112.523 Y109.384 E29.35254
;WIDTH:0.58289
G1 X112.499 Y109.445 E29.35548
;WIDTH:0.630187
G1 X112.475 Y109.507 E29.35873
;WIDTH:0.677484
G1 X112.452 Y109.568 E29.36217
G1 X112.422 Y109.56 E29.36381
;WIDTH:0.642408
G1 X112.393 Y109.552 E29.36531
;WIDTH:0.607331
G1 X112.364 Y109.543 E29.36674
;WIDTH:0.572254
G1 X112.308 Y109.509 E29.36962
;WIDTH:0.528482
G1 X112.251 Y109.474 E29.37232
;WIDTH:0.484709
G1 X112.195 Y109.44 E29.37473
;WIDTH:0.440937
G1 X112.139 Y109.405 E29.37692
;WIDTH:0.406608
G1 X111.501 Y108.61 E29.40775
;WIDTH:0.448891
G1 X111.43 Y108.556 E29.41076
;WIDTH:0.491174
G1 X111.36 Y108.501 E29.41408
G1 X111.289 Y108.556 E29.41743
;WIDTH:0.448861
G1 X111.218 Y108.611 E29.42046
;WIDTH:0.406548
G1 X110.582 Y109.404 E29.4512
;WIDTH:0.446024
G1 X110.53 Y109.432 E29.45318
;WIDTH:0.492742
G1 X110.477 Y109.46 E29.45542
;WIDTH:0.53946
G1 X110.425 Y109.487 E29.45784
;WIDTH:0.586178
G1 X110.373 Y109.515 E29.46051
;WIDTH:0.632896
G1 X110.321 Y109.542 E29.46338
;WIDTH:0.679614
G1 X110.268 Y109.57 E29.46655
G1 X110.244 Y109.508 E29.47007
;WIDTH:0.631892
G1 X110.221 Y109.446 E29.47331
;WIDTH:0.584169
G1 X110.197 Y109.384 E29.4763
;WIDTH:0.536446
G1 X110.173 Y109.322 E29.47903
;WIDTH:0.488723
G1 X110.149 Y109.261 E29.48146
;WIDTH:0.441
G1 X110.149 Y107.171 E29.55064
G1 X110.149 Y107.171 F7800
G1 X108.364 Y107.133
;WIDTH:0.417126
G1 F600
G1 X108.702 Y107.174 E29.56123
;WIDTH:0.405828
G1 X108.995 Y107.43 E29.57297
;WIDTH:0.434778
G1 X109.181 Y107.893 E29.58923
;WIDTH:0.448274
G1 X109.24 Y108.485 E29.60928
;WIDTH:0.44889
G1 X109.174 Y109.074 E29.62929
G1 X109.014 Y109.51 E29.64497
;WIDTH:0.433058
G1 X108.759 Y109.761 E29.65658
G1 X108.581 Y109.839 E29.66288
;WIDTH:0.416136
G1 X108.242 Y109.795 E29.67349
;WIDTH:0.414976
G1 X107.934 Y109.511 E29.68645
;WIDTH:0.43478
G1 X107.769 Y109.076 E29.70161
;WIDTH:0.448276
G1 X107.71 Y108.485 E29.72163
G1 X107.772 Y107.893 E29.74169
;WIDTH:0.440514
G1 X107.934 Y107.458 E29.75704
;WIDTH:0.415626
G1 X108.178 Y107.208 E29.76787
;WIDTH:0.417126
G1 X108.308 Y107.155 E29.77224
G1 X108.705 Y107.208 F7800
G1 X106.988 Y107.159
;WIDTH:0.4185
G1 F600
G1 X105.978 Y107.159 E29.80378
;WIDTH:0.454325
G1 X105.911 Y107.177 E29.80615
;WIDTH:0.49015
G1 X105.844 Y107.195 E29.80873
;WIDTH:0.525974
G1 X105.777 Y107.213 E29.81152
G1 X105.803 Y107.29 E29.81478
;WIDTH:0.47829
G1 X105.829 Y107.368 E29.81776
;WIDTH:0.430605
G1 X105.855 Y107.445 E29.82038
;WIDTH:0.38292
G1 X106.419 Y108.197 E29.84695
;WIDTH:0.399212
G1 X106.693 Y108.74 E29.86497
;WIDTH:0.42552
G1 X106.718 Y108.976 E29.87252
;WIDTH:0.451828
G1 X106.743 Y109.211 E29.88056
;WIDTH:0.458734
G1 X106.637 Y109.508 E29.89146
G1 X106.432 Y109.721 E29.90168
;WIDTH:0.453166
G1 X106.152 Y109.83 E29.91193
;WIDTH:0.436852
G1 X105.89 Y109.826 E29.92051
;WIDTH:0.414816
G1 X105.514 Y109.662 E29.9332
;LAYER_CHANGE
;Z:20.6
;HEIGHT:0.200001
G1 Z20.6 F7800
G1 E27.9332 F2400
G1 Z20.6 F7800
G1 X116.085 Y107.171
G1 E29.9332 F2400
;WIDTH:0.441
G1 F600
G1 X116.085 Y109.261 E30.00238
;WIDTH:0.488296
G1 X116.061 Y109.322 E30.00481
;WIDTH:0.535593
G1 X116.037 Y109.384 E30.00753
;WIDTH:0.58289
G1 X116.014 Y109.445 E30.01046
;WIDTH:0.630187
G1 X115.99 Y109.507 E30.01371
;WIDTH:0.677484
G1 X115.966 Y109.568 E30.01717
G1 X115.937 Y109.56 E30.01876
;WIDTH:0.642407
G1 X115.908 Y109.552 E30.02026
;WIDTH:0.60733
G1 X115.878 Y109.543 E30.02173
;WIDTH:0.572252
G1 X115.822 Y109.509 E30.02461
;WIDTH:0.52848
G1 X115.766 Y109.474 E30.02728
;WIDTH:0.484708
G1 X115.71 Y109.44 E30.02969
;WIDTH:0.440936
G1 X115.653 Y109.405 E30.0319
;WIDTH:0.406606
G1 X115.015 Y108.61 E30.06273
;WIDTH:0.448889
G1 X114.945 Y108.556 E30.06571
;WIDTH:0.491172
G1 X114.874 Y108.501 E30.06906
G1 X114.803 Y108.556 E30.07241
;WIDTH:0.44886
G1 X114.732 Y108.611 E30.07544
;WIDTH:0.406548
G1 X114.096 Y109.404 E30.10618
;WIDTH:0.446026
G1 X114.044 Y109.432 E30.10816
;WIDTH:0.492744
G1 X113.992 Y109.46 E30.11037
;WIDTH:0.539462
G1 X113.94 Y109.487 E30.11279
;WIDTH:0.58618
G1 X113.887 Y109.515 E30.1155
;WIDTH:0.632898
G1 X113.835 Y109.542 E30.11837
;WIDTH:0.679616
G1 X113.783 Y109.57 E30.1215
G1 X113.759 Y109.508 E30.12502
;WIDTH:0.631893
G1 X113.735 Y109.446 E30.12828
;WIDTH:0.58417
G1 X113.711 Y109.384 E30.13127
;WIDTH:0.536447
G1 X113.687 Y109.322 E30.134
;WIDTH:0.488724
G1 X113.664 Y109.261 E30.13642
;WIDTH:0.441
G1 X113.664 Y107.171 E30.2056
G1 X113.664 Y107.171 F7800
G1 X112.57 Y107.171
G1 F600
G1 X112.57 Y109.261 E30.27478
;WIDTH:0.488295
G1 X112.546 Y109.322 E30.27721
;WIDTH:0.535592
G1 X112.523 Y109.384 E30.27992
;WIDTH:0.582889
G1 X112.499 Y109.445 E30.28286
;WIDTH:0.630186
G1 X112.475 Y109.507 E30.28611
;WIDTH:0.677482
G1 X112.452 Y109.568 E30.28955
G1 X112.422 Y109.56 E30.29119
;WIDTH:0.642406
G1 X112.393 Y109.552 E30.29269
;WIDTH:0.607329
G1 X112.364 Y109.543 E30.29412
;WIDTH:0.572252
G1 X112.308 Y109.509 E30.297
;WIDTH:0.52848
G1 X112.251 Y109.474 E30.2997
;WIDTH:0.484707
G1 X112.195 Y109.44 E30.30211
;WIDTH:0.440935
G1 X112.139 Y109.405 E30.3043
;WIDTH:0.406608
G1 X111.501 Y108.61 E30.33513
;WIDTH:0.448891
G1 X111.43 Y108.556 E30.33814
;WIDTH:0.491174
G1 X111.36 Y108.501 E30.34146
G1 X111.289 Y108.556 E30.34481
;WIDTH:0.448861
G1 X111.218 Y108.611 E30.34784
;WIDTH:0.406548
G1 X110.582 Y109.404 E30.37858
;WIDTH:0.446024
G1 X110.53 Y109.432 E30.38056
;WIDTH:0.492742
G1 X110.477 Y109.46 E30.3828
;WIDTH:0.53946
G1 X110.425 Y109.487 E30.38522
;WIDTH:0.586178
G1 X110.373 Y109.515 E30.38789
;WIDTH:0.632896
G1 X110.321 Y109.542 E30.39076
;WIDTH:0.679614
G1 X110.268 Y109.57 E30.39393
G1 X110.244 Y109.508 E30.39745
;WIDTH:0.631892
G1 X110.221 Y109.446 E30.40069
;WIDTH:0.584169
G1 X110.197 Y109.384 E30.40368
;WIDTH:0.536446
G1 X110.173 Y109.322 E30.40641
;WIDTH:0.488723
G1 X110.149 Y109.261 E30.40884
;WIDTH:0.441
G1 X110.149 Y107.171 E30.47802
G1 X110.149 Y107.171 F7800
G1 X108.357 Y107.143
;WIDTH:0.422278
G1 F600
G1 X108.664 Y107.156 E30.48771
;WIDTH:0.424748
G1 X108.941 Y107.361 E30.49865
;WIDTH:0.431638
G1 X109.075 Y107.58 E30.50695
;WIDTH:0.445054
G1 X109.212 Y108.075 E30.52412
;WIDTH:0.445966
G1 X109.233 Y108.697 E30.54498
G1 X109.13 Y109.238 E30.56344
;WIDTH:0.442518
G1 X108.941 Y109.615 E30.57745
;WIDTH:0.412426
G1 X108.627 Y109.824 E30.58904
;WIDTH:0.419102
G1 X108.287 Y109.813 E30.59968
;WIDTH:0.424608
G1 X108.009 Y109.608 E30.61064
;WIDTH:0.43164
G1 X107.875 Y109.389 E30.61894
;WIDTH:0.445054
G1 X107.738 Y108.894 E30.63611
;WIDTH:0.445964
G1 X107.717 Y108.272 E30.65697
G1 X107.813 Y107.729 E30.67545
;WIDTH:0.427492
G1 X108.035 Y107.328 E30.69011
;WIDTH:0.403006
G1 X108.305 Y107.173 E30.69943
G1 X108.703 Y107.208 F7800
G1 X106.988 Y107.159
;WIDTH:0.4185
G1 F600
G1 X105.978 Y107.159 E30.73097
;WIDTH:0.454324
G1 X105.911 Y107.177 E30.73334
;WIDTH:0.490148
G1 X105.844 Y107.195 E30.73592
;WIDTH:0.525972
G1 X105.777 Y107.213 E30.73871
G1 X105.803 Y107.29 E30.74197
;WIDTH:0.478288
G1 X105.829 Y107.368 E30.74495
;WIDTH:0.430604
G1 X105.855 Y107.445 E30.74757
;WIDTH:0.38292
G1 X106.419 Y108.197 E30.77414
;WIDTH:0.39921
G1 X106.693 Y108.74 E30.79216
;WIDTH:0.425519
G1 X106.718 Y108.976 E30.79971
;WIDTH:0.451828
G1 X106.743 Y109.211 E30.80775
;WIDTH:0.458738
G1 X106.637 Y109.508 E30.81865
G1 X106.432 Y109.721 E30.82887
;WIDTH:0.453168
G1 X106.152 Y109.83 E30.83912
;WIDTH:0.436852
G1 X105.89 Y109.826 E30.8477
;WIDTH:0.414818
G1 X105.514 Y109.662 E30.86039
;LAYER_CHANGE
;Z:20.8
;HEIGHT:0.199999
G1 Z20.8 F7800
G1 E28.86039 F2400
G1 Z20.8 F7800
G1 X116.085 Y107.171
G1 E30.86039 F2400
;WIDTH:0.441
G1 F600
G1 X116.085 Y109.261 E30.92957
;WIDTH:0.488296
G1 X116.061 Y109.322 E30.932
;WIDTH:0.535593
G1 X116.037 Y109.384 E30.93472
;WIDTH:0.58289
G1 X116.014 Y109.445 E30.93765
;WIDTH:0.630187
G1 X115.99 Y109.507 E30.9409
;WIDTH:0.677484
G1 X115.966 Y109.568 E30.94436
G1 X115.937 Y109.56 E30.94595
;WIDTH:0.642407
G1 X115.908 Y109.552 E30.94745
;WIDTH:0.60733
G1 X115.878 Y109.543 E30.94892
;WIDTH:0.572252
G1 X115.822 Y109.509 E30.9518
;WIDTH:0.52848
G1 X115.766 Y109.474 E30.95447
;WIDTH:0.484708
G1 X115.71 Y109.44 E30.95688
;WIDTH:0.440936
G1 X115.653 Y109.405 E30.95909
;WIDTH:0.406606
G1 X115.015 Y108.61 E30.98992
;WIDTH:0.448889
G1 X114.945 Y108.556 E30.9929
;WIDTH:0.491172
G1 X114.874 Y108.501 E30.99625
G1 X114.803 Y108.556 E30.9996
;WIDTH:0.44886
G1 X114.732 Y108.611 E31.00263
;WIDTH:0.406548
G1 X114.096 Y109.404 E31.03337
;WIDTH:0.446026
G1 X114.044 Y109.432 E31.03535
;WIDTH:0.492744
G1 X113.992 Y109.46 E31.03756
;WIDTH:0.539461
G1 X113.94 Y109.487 E31.03998
;WIDTH:0.586179
G1 X113.887 Y109.515 E31.04269
;WIDTH:0.632897
G1 X113.835 Y109.542 E31.04556
;WIDTH:0.679614
G1 X113.783 Y109.57 E31.04869
G1 X113.759 Y109.508 E31.05221
;WIDTH:0.631892
G1 X113.735 Y109.446 E31.05547
;WIDTH:0.584169
G1 X113.711 Y109.384 E31.05846
;WIDTH:0.536446
G1 X113.687 Y109.322 E31.06119
;WIDTH:0.488723
G1 X113.664 Y109.261 E31.06361
;WIDTH:0.441
G1 X113.664 Y107.171 E31.13279
G1 X113.664 Y107.171 F7800
G1 X112.57 Y107.171
G1 F600
G1 X112.57 Y109.261 E31.20197
;WIDTH:0.488296
G1 X112.546 Y109.322 E31.2044
;WIDTH:0.535593
G1 X112.523 Y109.384 E31.20711
;WIDTH:0.58289
G1 X112.499 Y109.445 E31.21005
;WIDTH:0.630187
G1 X112.475 Y109.507 E31.2133
;WIDTH:0.677484
G1 X112.452 Y109.568 E31.21674
G1 X112.422 Y109.56 E31.21838
;WIDTH:0.642408
G1 X112.393 Y109.552 E31.21988
;WIDTH:0.607331
G1 X112.364 Y109.543 E31.22131
;WIDTH:0.572254
G1 X112.308 Y109.509 E31.22419
;WIDTH:0.528482
G1 X112.251 Y109.474 E31.22689
;WIDTH:0.484709
G1 X112.195 Y109.44 E31.2293
;WIDTH:0.440937
G1 X112.139 Y109.405 E31.23149
;WIDTH:0.406608
G1 X111.501 Y108.61 E31.26232
;WIDTH:0.448891
G1 X111.43 Y108.556 E31.26533
;WIDTH:0.491174
G1 X111.36 Y108.501 E31.26865
G1 X111.289 Y108.556 E31.272
;WIDTH:0.448861
G1 X111.218 Y108.611 E31.27503
;WIDTH:0.406548
G1 X110.582 Y109.404 E31.30577
;WIDTH:0.446024
G1 X110.53 Y109.432 E31.30775
;WIDTH:0.492742
G1 X110.477 Y109.46 E31.30999
;WIDTH:0.53946
G1 X110.425 Y109.487 E31.31241
;WIDTH:0.586178
G1 X110.373 Y109.515 E31.31508
;WIDTH:0.632896
G1 X110.321 Y109.542 E31.31795
;WIDTH:0.679614
G1 X110.268 Y109.57 E31.32112
G1 X110.244 Y109.508 E31.32464
;WIDTH:0.631892
G1 X110.221 Y109.446 E31.32788
;WIDTH:0.584169
G1 X110.197 Y109.384 E31.33087
;WIDTH:0.536446
G1 X110.173 Y109.322 E31.3336
;WIDTH:0.488723
G1 X110.149 Y109.261 E31.33603
;WIDTH:0.441
G1 X110.149 Y107.171 E31.40521
G1 X110.149 Y107.171 F7800
G1 X108.325 Y107.144
;WIDTH:0.419532
G1 F600
G1 X108.665 Y107.157 E31.41587
;WIDTH:0.42475
G1 X108.941 Y107.361 E31.42677
;WIDTH:0.431636
G1 X109.075 Y107.58 E31.43507
;WIDTH:0.445054
G1 X109.212 Y108.075 E31.45224
;WIDTH:0.445966
G1 X109.233 Y108.697 E31.4731
G1 X109.13 Y109.238 E31.49156
;WIDTH:0.442518
G1 X108.941 Y109.615 E31.50557
;WIDTH:0.412426
G1 X108.627 Y109.824 E31.51716
;WIDTH:0.419106
G1 X108.287 Y109.813 E31.5278
;WIDTH:0.42461
G1 X108.009 Y109.608 E31.53876
;WIDTH:0.431636
G1 X107.875 Y109.389 E31.54706
;WIDTH:0.445054
G1 X107.738 Y108.894 E31.56423
;WIDTH:0.445964
G1 X107.717 Y108.272 E31.58509
G1 X107.813 Y107.729 E31.60357
;WIDTH:0.427492
G1 X108.004 Y107.363 E31.61677
;WIDTH:0.41234
G1 X108.276 Y107.178 E31.62687
G1 X108.676 Y107.192 F7800
G1 X106.988 Y107.159
;WIDTH:0.4185
G1 F600
G1 X105.978 Y107.159 E31.65841
;WIDTH:0.454325
G1 X105.911 Y107.177 E31.66078
;WIDTH:0.49015
G1 X105.844 Y107.195 E31.66336
;WIDTH:0.525974
G1 X105.777 Y107.213 E31.66615
G1 X105.803 Y107.29 E31.66941
;WIDTH:0.47829
G1 X105.829 Y107.368 E31.67239
;WIDTH:0.430605
G1 X105.855 Y107.445 E31.67501
;WIDTH:0.38292
G1 X106.419 Y108.197 E31.70158
;WIDTH:0.399212
G1 X106.693 Y108.74 E31.7196
;WIDTH:0.42552
G1 X106.718 Y108.976 E31.72715
;WIDTH:0.451828
G1 X106.743 Y109.211 E31.73519
;WIDTH:0.458736
G1 X106.637 Y109.508 E31.74609
G1 X106.432 Y109.721 E31.75631
;WIDTH:0.453166
G1 X106.152 Y109.83 E31.76656
;WIDTH:0.436852
G1 X105.89 Y109.826 E31.77514
;WIDTH:0.414818
G1 X105.514 Y109.662 E31.78783
G1 E29.78783 F2400
G92 E0
M107
;TYPE:Custom
; Filament-specific end gcode 
;END gcode for filament
M104 S0
M140 S0
G92 E0
G1 E-2 F2400
G1 X0 Y220 F3000
M84
; filament used [mm] = 1440.56
; filament used [cm3] = 3.46
; total filament used [g] = 0.00
; total filament cost = 0.00
; total filament used for wipe tower [g] = 0.00
; estimated printing time (normal mode) = 21m 19s
; estimated printing time (silent mode) = 22m 3s
; estimated first layer printing time (normal mode) = 45s
; estimated first layer printing time (silent mode) = 45s

; prusaslicer_config = begin
; arc_fitting = disabled
; autoemit_temperature_commands = 1
; avoid_crossing_curled_overhangs = 0
; avoid_crossing_perimeters = 0
; avoid_crossing_perimeters_max_detour = 0
; bed_shape = 0x0,225x0,225x225,0x225
; bed_temperature = 60
; before_layer_gcode = 
; between_objects_gcode = 
; binary_gcode = 0
; bottom_fill_pattern = monotonic
; bottom_solid_layers = 5
; bottom_solid_min_thickness = 0
; bridge_acceleration = 0
; bridge_angle = 0
; bridge_fan_speed = 100
; bridge_flow_ratio = 1
; bridge_speed = 60
; brim_separation = 0
; brim_type = outer_only
; brim_width = 0
; color_change_gcode = M600
; complete_objects = 0
; cooling = 1
; cooling_tube_length = 5
; cooling_tube_retraction = 91.5
; default_acceleration = 0
; deretract_speed = 0
; disable_fan_first_layers = 3
; dont_support_bridges = 1
; draft_shield = disabled
; duplicate_distance = 6
; elefant_foot_compensation = 0
; enable_dynamic_fan_speeds = 0
; enable_dynamic_overhang_speeds = 0
; end_filament_gcode = "; Filament-specific end gcode \n;END gcode for filament\n"
; end_gcode = M104 S0\nM140 S0\nG92 E0\nG1 E-2 F2400\nG1 X0 Y220 F3000\nM84
; external_perimeter_acceleration = 0
; external_perimeter_extrusion_width = 0
; external_perimeter_speed = 50%
; external_perimeters_first = 0
; extra_loading_move = -2
; extra_perimeters = 1
; extra_perimeters_on_overhangs = 0
; extruder_clearance_height = 20
; extruder_clearance_radius = 20
; extruder_colour = ""
; extruder_offset = 0x0
; extrusion_axis = E
; extrusion_multiplier = 1
; extrusion_width = 0
; fan_always_on = 0
; fan_below_layer_time = 60
; filament_colour = #29B2B2
; filament_cooling_final_speed = 3.4
; filament_cooling_initial_speed = 2.2
; filament_cooling_moves = 4
; filament_cost = 0
; filament_density = 0
; filament_diameter = 1.75
; filament_load_time = 0
; filament_loading_speed = 28
; filament_loading_speed_start = 3
; filament_max_volumetric_speed = 0
; filament_minimal_purge_on_wipe_tower = 15
; filament_multitool_ramming = 0
; filament_multitool_ramming_flow = 10
; filament_multitool_ramming_volume = 10
; filament_notes = ""
; filament_ramming_parameters = "120 100 6.6 6.8 7.2 7.6 7.9 8.2 8.7 9.4 9.9 10.0| 0.05 6.6 0.45 6.8 0.95 7.8 1.45 8.3 1.95 9.7 2.45 10 2.95 7.6 3.45 7.6 3.95 7.6 4.45 7.6 4.95 7.6"
; filament_settings_id = "PLA validation"
; filament_soluble = 0
; filament_spool_weight = 0
; filament_toolchange_delay = 0
; filament_type = PLA
; filament_unload_time = 0
; filament_unloading_speed = 90
; filament_unloading_speed_start = 100
; fill_angle = 45
; fill_density = 15%
; fill_pattern = gyroid
; first_layer_acceleration = 0
; first_layer_acceleration_over_raft = 0
; first_layer_bed_temperature = 60
; first_layer_extrusion_width = 200%
; first_layer_height = 0.2
; first_layer_speed = 30
; first_layer_speed_over_raft = 30
; first_layer_temperature = 205
; full_fan_speed_layer = 0
; fuzzy_skin = none
; fuzzy_skin_point_dist = 0.8
; fuzzy_skin_thickness = 0.3
; gap_fill_enabled = 1
; gap_fill_speed = 20
; gcode_comments = 0
; gcode_flavor = marlin
; gcode_label_objects = disabled
; gcode_resolution = 0.0125
; gcode_substitutions = 
; high_current_on_filament_swap = 0
; infill_acceleration = 0
; infill_anchor = 600%
; infill_anchor_max = 50
; infill_every_layers = 1
; infill_extruder = 1
; infill_extrusion_width = 0
; infill_first = 0
; infill_overlap = 25%
; infill_speed = 80
; interface_shells = 0
; ironing = 0
; ironing_flowrate = 15%
; ironing_spacing = 0.1
; ironing_speed = 15
; ironing_type = top
; layer_gcode = 
; layer_height = 0.2
; machine_limits_usage = time_estimate_only
; machine_max_acceleration_e = 10000,5000
; machine_max_acceleration_extruding = 1500,1250
; machine_max_acceleration_retracting = 1500,1250
; machine_max_acceleration_travel = 1500,1250
; machine_max_acceleration_x = 9000,1000
; machine_max_acceleration_y = 9000,1000
; machine_max_acceleration_z = 500,200
; machine_max_feedrate_e = 120,120
; machine_max_feedrate_x = 500,200
; machine_max_feedrate_y = 500,200
; machine_max_feedrate_z = 12,12
; machine_max_jerk_e = 2.5,2.5
; machine_max_jerk_x = 10,10
; machine_max_jerk_y = 10,10
; machine_max_jerk_z = 0.2,0.4
; machine_min_extruding_rate = 0,0
; machine_min_travel_rate = 0,0
; max_fan_speed = 100
; max_layer_height = 0
; max_print_height = 265
; max_print_speed = 80
; max_volumetric_extrusion_rate_slope_negative = 0
; max_volumetric_extrusion_rate_slope_positive = 0
; max_volumetric_speed = 0
; min_bead_width = 85%
; min_fan_speed = 35
; min_feature_size = 25%
; min_layer_height = 0.07
; min_print_speed = 10
; min_skirt_length = 0
; mmu_segmented_region_interlocking_depth = 0
; mmu_segmented_region_max_width = 0
; notes = 
; nozzle_diameter = 0.4
; only_retract_when_crossing_perimeters = 0
; ooze_prevention = 0
; output_filename_format = [input_filename_base].gcode
; overhang_fan_speed_0 = 0
; overhang_fan_speed_1 = 0
; overhang_fan_speed_2 = 0
; overhang_fan_speed_3 = 0
; overhang_speed_0 = 15
; overhang_speed_1 = 15
; overhang_speed_2 = 20
; overhang_speed_3 = 25
; overhangs = 1
; parking_pos_retraction = 92
; pause_print_gcode = M601
; perimeter_acceleration = 0
; perimeter_extruder = 1
; perimeter_extrusion_width = 0
; perimeter_generator = arachne
; perimeter_speed = 60
; perimeters = 3
; physical_printer_settings_id = 
; post_process = 
; print_settings_id = 0.20mm draft validation
; printer_model = 
; printer_notes = 
; printer_settings_id = Elegoo Neptune 3/4 validation draft
; printer_technology = FFF
; raft_contact_distance = 0.1
; raft_expansion = 1.5
; raft_first_layer_density = 90%
; raft_first_layer_expansion = 3
; raft_layers = 0
; remaining_times = 0
; resolution = 0
; retract_before_travel = 2
; retract_before_wipe = 0%
; retract_layer_change = 0
; retract_length = 2
; retract_length_toolchange = 10
; retract_lift = 0
; retract_lift_above = 0
; retract_lift_below = 0
; retract_restart_extra = 0
; retract_restart_extra_toolchange = 0
; retract_speed = 40
; seam_position = aligned
; silent_mode = 1
; single_extruder_multi_material = 0
; single_extruder_multi_material_priming = 1
; skirt_distance = 6
; skirt_height = 1
; skirts = 1
; slice_closing_radius = 0.049
; slicing_mode = regular
; slowdown_below_layer_time = 5
; small_perimeter_speed = 15
; solid_infill_acceleration = 0
; solid_infill_below_area = 70
; solid_infill_every_layers = 0
; solid_infill_extruder = 1
; solid_infill_extrusion_width = 0
; solid_infill_speed = 20
; spiral_vase = 0
; staggered_inner_seams = 0
; standby_temperature_delta = -5
; start_filament_gcode = "; Filament gcode\n"
; start_gcode = G90 ; absolute positioning\nM83 ; relative extrusion\nG28 ; home all axes\nG29 ; auto bed leveling\nM104 S[first_layer_temperature]\nM140 S[first_layer_bed_temperature]\nM190 S[first_layer_bed_temperature]\nM109 S[first_layer_temperature]\nG92 E0
; support_material = 0
; support_material_angle = 0
; support_material_auto = 1
; support_material_bottom_contact_distance = 0
; support_material_bottom_interface_layers = -1
; support_material_buildplate_only = 0
; support_material_closing_radius = 2
; support_material_contact_distance = 0.2
; support_material_enforce_layers = 0
; support_material_extruder = 1
; support_material_extrusion_width = 0
; support_material_interface_contact_loops = 0
; support_material_interface_extruder = 1
; support_material_interface_layers = 3
; support_material_interface_pattern = rectilinear
; support_material_interface_spacing = 0
; support_material_interface_speed = 100%
; support_material_pattern = rectilinear
; support_material_spacing = 2.5
; support_material_speed = 60
; support_material_style = grid
; support_material_synchronize_layers = 0
; support_material_threshold = 0
; support_material_with_sheath = 1
; support_material_xy_spacing = 50%
; support_tree_angle = 40
; support_tree_angle_slow = 25
; support_tree_branch_diameter = 2
; support_tree_branch_diameter_angle = 5
; support_tree_branch_diameter_double_wall = 3
; support_tree_branch_distance = 1
; support_tree_tip_diameter = 0.8
; support_tree_top_rate = 15%
; temperature = 200
; template_custom_gcode = 
; thick_bridges = 1
; thin_walls = 1
; thumbnails = 
; thumbnails_format = PNG
; toolchange_gcode = 
; top_fill_pattern = monotonic
; top_infill_extrusion_width = 0
; top_solid_infill_acceleration = 0
; top_solid_infill_speed = 15
; top_solid_layers = 5
; top_solid_min_thickness = 0
; travel_acceleration = 0
; travel_lift_before_obstacle = 0
; travel_max_lift = 0
; travel_ramping_lift = 0
; travel_slope = 0
; travel_speed = 130
; travel_speed_z = 0
; use_firmware_retraction = 0
; use_relative_e_distances = 0
; use_volumetric_e = 0
; variable_layer_height = 1
; wall_distribution_count = 1
; wall_transition_angle = 10
; wall_transition_filter_deviation = 25%
; wall_transition_length = 100%
; wipe = 0
; wipe_into_infill = 0
; wipe_into_objects = 0
; wipe_tower = 0
; wipe_tower_bridging = 10
; wipe_tower_brim_width = 2
; wipe_tower_cone_angle = 0
; wipe_tower_extra_spacing = 100%
; wipe_tower_extruder = 0
; wipe_tower_no_sparse_layers = 0
; wipe_tower_rotation_angle = 0
; wipe_tower_width = 60
; wipe_tower_x = 180
; wipe_tower_y = 140
; wiping_volumes_extruders = 70,70,70,70,70,70,70,70,70,70
; wiping_volumes_matrix = 0,140,140,140,140,140,0,140,140,140,140,140,0,140,140,140,140,140,0,140,140,140,140,140,0
; xy_size_compensation = 0
; z_offset = 0
; prusaslicer_config = end
