DBRep_DrawableShape

CASCADE Topology V1, (c) Matra-Datavision
Locations 32
1
              1               0               0               0 
              0               1               0               0 
              0               0               1               0 
1
              1               0               0               0 
              0               1               0               0 
              0               0               1               0 
1
              1               0               0               0 
              0               1               0               0 
              0               0               1               0 
1
              1               0               0               0 
              0               1               0               0 
              0               0               1               0 
1
              1               0               0               0 
              0               1               0               0 
              0               0               1               0 
1
              1               0               0               0 
              0               1               0               0 
              0               0               1               0 
1
              1               0               0               0 
              0               1               0               0 
              0               0               1               0 
1
              1               0               0               0 
              0               1               0               0 
              0               0               1               0 
1
              1               0               0               0 
              0               1               0               0 
              0               0               1               0 
1
              1               0               0               0 
              0               1               0               0 
              0               0               1               0 
1
              1               0               0               0 
              0               1               0               0 
              0               0               1               0 
1
              1               0               0               0 
              0               1               0               0 
              0               0               1               0 
1
              1               0               0               0 
              0               1               0               0 
              0               0               1               0 
1
              1               0               0               0 
              0               1               0               0 
              0               0               1               0 
1
              1               0               0               0 
              0               1               0               0 
              0               0               1               0 
1
              1               0               0               0 
              0               1               0               0 
              0               0               1               0 
1
              1               0               0               0 
              0               1               0               0 
              0               0               1               0 
1
              1               0               0               0 
              0               1               0               0 
              0               0               1               0 
1
              1               0               0               0 
              0               1               0               0 
              0               0               1               0 
1
              1               0               0               0 
              0               1               0               0 
              0               0               1               0 
1
              1               0               0               0 
              0               1               0               0 
              0               0               1               0 
1
              1               0               0               0 
              0               1               0               0 
              0               0               1               0 
1
              1               0               0               0 
              0               1               0               0 
              0               0               1               0 
1
              1               0               0               0 
              0               1               0               0 
              0               0               1               0 
1
              1               0               0               0 
              0               1               0               0 
              0               0               1               0 
1
              1               0               0               0 
              0               1               0               0 
              0               0               1               0 
1
              1               0               0               0 
              0               1               0               0 
              0               0               1               0 
1
              1               0               0               0 
              0               1               0               0 
              0               0               1               0 
1
              1               0               0               0 
              0               1               0               0 
              0               0               1               0 
1
              1               0               0               0 
              0               1               0               0 
              0               0               1               0 
1
              1               0               0               0 
              0               1               0               0 
              0               0               1               0 
1
              1               0               0               0 
              0               1               0               0 
              0               0               1               0 
Curve2ds 768
1 0 0 1 0 
1 0 0 1 0 
1 2093.0999999999999 0 0 -1 
1 0 0 0 1 
1 0 -20 1 0 
1 0 0 1 0 
1 0 0 0 -1 
1 0 0 0 1 
1 0 0 1 0 
1 0 3757.5999999999999 1 0 
1 2093.0999999999999 0 0 -1 
1 3757.5999999999999 0 0 1 
1 0 -20 1 0 
1 0 3757.5999999999999 1 0 
1 0 0 0 -1 
1 3757.5999999999999 0 0 1 
1 0 0 0 1 
1 0 0 1 0 
1 2093.0999999999999 0 0 1 
1 0 0 1 0 
1 0 0 0 1 
1 0 20 1 0 
1 2093.0999999999999 0 0 1 
1 0 20 1 0 
1 0 0 1 0 
1 0 0 1 0 
1 88.899999999999991 0 0 -1 
1 0 0 0 1 
1 0 -38.099999999999994 1 0 
1 0 0 1 0 
1 0 0 0 -1 
1 0 0 0 1 
1 0 0 1 0 
1 0 3657.5999999999999 1 0 
1 88.899999999999991 0 0 -1 
1 3657.5999999999999 0 0 1 
1 0 -38.099999999999994 1 0 
1 0 3657.5999999999999 1 0 
1 0 0 0 -1 
1 3657.5999999999999 0 0 1 
1 0 0 0 1 
1 0 0 1 0 
1 88.899999999999991 0 0 1 
1 0 0 1 0 
1 0 0 0 1 
1 0 38.099999999999994 1 0 
1 88.899999999999991 0 0 1 
1 0 38.099999999999994 1 0 
1 0 0 1 0 
1 0 0 1 0 
1 88.899999999999991 0 0 -1 
1 0 0 0 1 
1 0 -38.100000000000023 1 0 
1 0 0 1 0 
1 0 0 0 -1 
1 0 0 0 1 
1 0 0 1 0 
1 0 3657.5999999999999 1 0 
1 88.899999999999991 0 0 -1 
1 3657.5999999999999 0 0 1 
1 0 -38.100000000000023 1 0 
1 0 3657.5999999999999 1 0 
1 0 0 0 -1 
1 3657.5999999999999 0 0 1 
1 0 0 0 1 
1 0 0 1 0 
1 88.899999999999991 0 0 1 
1 0 0 1 0 
1 0 0 0 1 
1 0 38.100000000000023 1 0 
1 88.899999999999991 0 0 1 
1 0 38.100000000000023 1 0 
1 0 0 1 0 
1 0 0 1 0 
1 88.899999999999991 0 0 -1 
1 0 0 0 1 
1 0 -533.39999999999998 1 0 
1 0 0 1 0 
1 0 0 0 -1 
1 0 0 0 1 
1 0 0 1 0 
1 0 38.099999999999994 1 0 
1 88.899999999999991 0 0 -1 
1 38.099999999999994 0 0 1 
1 0 -533.39999999999998 1 0 
1 0 38.099999999999994 1 0 
1 0 0 0 -1 
1 38.099999999999994 0 0 1 
1 0 0 0 1 
1 0 0 1 0 
1 88.899999999999991 0 0 1 
1 0 0 1 0 
1 0 0 0 1 
1 0 533.39999999999998 1 0 
1 88.899999999999991 0 0 1 
1 0 533.39999999999998 1 0 
1 0 0 1 0 
1 0 0 1 0 
1 88.899999999999991 0 0 -1 
1 0 0 0 1 
1 0 -533.39999999999998 1 0 
1 0 0 1 0 
1 0 0 0 -1 
1 0 0 0 1 
1 0 0 1 0 
1 0 38.099999999999909 1 0 
1 88.899999999999991 0 0 -1 
1 38.099999999999909 0 0 1 
1 0 -533.39999999999998 1 0 
1 0 38.099999999999909 1 0 
1 0 0 0 -1 
1 38.099999999999909 0 0 1 
1 0 0 0 1 
1 0 0 1 0 
1 88.899999999999991 0 0 1 
1 0 0 1 0 
1 0 0 0 1 
1 0 533.39999999999998 1 0 
1 88.899999999999991 0 0 1 
1 0 533.39999999999998 1 0 
1 0 0 1 0 
1 0 0 1 0 
1 88.899999999999991 0 0 -1 
1 0 0 0 1 
1 0 -533.39999999999998 1 0 
1 0 0 1 0 
1 0 0 0 -1 
1 0 0 0 1 
1 0 0 1 0 
1 0 38.099999999999909 1 0 
1 88.899999999999991 0 0 -1 
1 38.099999999999909 0 0 1 
1 0 -533.39999999999998 1 0 
1 0 38.099999999999909 1 0 
1 0 0 0 -1 
1 38.099999999999909 0 0 1 
1 0 0 0 1 
1 0 0 1 0 
1 88.899999999999991 0 0 1 
1 0 0 1 0 
1 0 0 0 1 
1 0 533.39999999999998 1 0 
1 88.899999999999991 0 0 1 
1 0 533.39999999999998 1 0 
1 0 0 1 0 
1 0 0 1 0 
1 12.700000000000003 0 0 -1 
1 0 0 0 1 
1 0 -609.59999999999991 1 0 
1 0 0 1 0 
1 0 0 0 -1 
1 0 0 0 1 
1 0 0 1 0 
1 0 2438.3999999999996 1 0 
1 12.700000000000003 0 0 -1 
1 2438.3999999999996 0 0 1 
1 0 -609.59999999999991 1 0 
1 0 2438.3999999999996 1 0 
1 0 0 0 -1 
1 2438.3999999999996 0 0 1 
1 0 0 0 1 
1 0 0 1 0 
1 12.700000000000003 0 0 1 
1 0 0 1 0 
1 0 0 0 1 
1 0 609.59999999999991 1 0 
1 12.700000000000003 0 0 1 
1 0 609.59999999999991 1 0 
1 0 0 1 0 
1 0 0 1 0 
1 12.700000000000003 0 0 -1 
1 0 0 0 1 
1 0 -609.59999999999991 1 0 
1 0 0 1 0 
1 0 0 0 -1 
1 0 0 0 1 
1 0 0 1 0 
1 0 1219.1999999999998 1 0 
1 12.700000000000003 0 0 -1 
1 1219.1999999999998 0 0 1 
1 0 -609.59999999999991 1 0 
1 0 1219.1999999999998 1 0 
1 0 0 0 -1 
1 1219.1999999999998 0 0 1 
1 0 0 0 1 
1 0 0 1 0 
1 12.700000000000003 0 0 1 
1 0 0 1 0 
1 0 0 0 1 
1 0 609.59999999999991 1 0 
1 12.700000000000003 0 0 1 
1 0 609.59999999999991 1 0 
1 0 0 1 0 
1 0 0 1 0 
1 88.900000000000034 0 0 -1 
1 0 0 0 1 
1 0 -38.099999999999994 1 0 
1 0 0 1 0 
1 0 0 0 -1 
1 0 0 0 1 
1 0 0 1 0 
1 0 3657.5999999999999 1 0 
1 88.900000000000034 0 0 -1 
1 3657.5999999999999 0 0 1 
1 0 -38.099999999999994 1 0 
1 0 3657.5999999999999 1 0 
1 0 0 0 -1 
1 3657.5999999999999 0 0 1 
1 0 0 0 1 
1 0 0 1 0 
1 88.900000000000034 0 0 1 
1 0 0 1 0 
1 0 0 0 1 
1 0 38.099999999999994 1 0 
1 88.900000000000034 0 0 1 
1 0 38.099999999999994 1 0 
1 0 0 1 0 
1 0 0 1 0 
1 88.900000000000034 0 0 -1 
1 0 0 0 1 
1 0 -38.100000000000023 1 0 
1 0 0 1 0 
1 0 0 0 -1 
1 0 0 0 1 
1 0 0 1 0 
1 0 3657.5999999999999 1 0 
1 88.900000000000034 0 0 -1 
1 3657.5999999999999 0 0 1 
1 0 -38.100000000000023 1 0 
1 0 3657.5999999999999 1 0 
1 0 0 0 -1 
1 3657.5999999999999 0 0 1 
1 0 0 0 1 
1 0 0 1 0 
1 88.900000000000034 0 0 1 
1 0 0 1 0 
1 0 0 0 1 
1 0 38.100000000000023 1 0 
1 88.900000000000034 0 0 1 
1 0 38.100000000000023 1 0 
1 0 0 1 0 
1 0 0 1 0 
1 88.900000000000034 0 0 -1 
1 0 0 0 1 
1 0 -533.39999999999998 1 0 
1 0 0 1 0 
1 0 0 0 -1 
1 0 0 0 1 
1 0 0 1 0 
1 0 38.099999999999994 1 0 
1 88.900000000000034 0 0 -1 
1 38.099999999999994 0 0 1 
1 0 -533.39999999999998 1 0 
1 0 38.099999999999994 1 0 
1 0 0 0 -1 
1 38.099999999999994 0 0 1 
1 0 0 0 1 
1 0 0 1 0 
1 88.900000000000034 0 0 1 
1 0 0 1 0 
1 0 0 0 1 
1 0 533.39999999999998 1 0 
1 88.900000000000034 0 0 1 
1 0 533.39999999999998 1 0 
1 0 0 1 0 
1 0 0 1 0 
1 88.900000000000034 0 0 -1 
1 0 0 0 1 
1 0 -533.39999999999998 1 0 
1 0 0 1 0 
1 0 0 0 -1 
1 0 0 0 1 
1 0 0 1 0 
1 0 38.099999999999909 1 0 
1 88.900000000000034 0 0 -1 
1 38.099999999999909 0 0 1 
1 0 -533.39999999999998 1 0 
1 0 38.099999999999909 1 0 
1 0 0 0 -1 
1 38.099999999999909 0 0 1 
1 0 0 0 1 
1 0 0 1 0 
1 88.900000000000034 0 0 1 
1 0 0 1 0 
1 0 0 0 1 
1 0 533.39999999999998 1 0 
1 88.900000000000034 0 0 1 
1 0 533.39999999999998 1 0 
1 0 0 1 0 
1 0 0 1 0 
1 88.900000000000034 0 0 -1 
1 0 0 0 1 
1 0 -533.39999999999998 1 0 
1 0 0 1 0 
1 0 0 0 -1 
1 0 0 0 1 
1 0 0 1 0 
1 0 38.099999999999909 1 0 
1 88.900000000000034 0 0 -1 
1 38.099999999999909 0 0 1 
1 0 -533.39999999999998 1 0 
1 0 38.099999999999909 1 0 
1 0 0 0 -1 
1 38.099999999999909 0 0 1 
1 0 0 0 1 
1 0 0 1 0 
1 88.900000000000034 0 0 1 
1 0 0 1 0 
1 0 0 0 1 
1 0 533.39999999999998 1 0 
1 88.900000000000034 0 0 1 
1 0 533.39999999999998 1 0 
1 0 0 1 0 
1 0 0 1 0 
1 12.700000000000045 0 0 -1 
1 0 0 0 1 
1 0 -609.59999999999991 1 0 
1 0 0 1 0 
1 0 0 0 -1 
1 0 0 0 1 
1 0 0 1 0 
1 0 2438.3999999999996 1 0 
1 12.700000000000045 0 0 -1 
1 2438.3999999999996 0 0 1 
1 0 -609.59999999999991 1 0 
1 0 2438.3999999999996 1 0 
1 0 0 0 -1 
1 2438.3999999999996 0 0 1 
1 0 0 0 1 
1 0 0 1 0 
1 12.700000000000045 0 0 1 
1 0 0 1 0 
1 0 0 0 1 
1 0 609.59999999999991 1 0 
1 12.700000000000045 0 0 1 
1 0 609.59999999999991 1 0 
1 0 0 1 0 
1 0 0 1 0 
1 12.700000000000045 0 0 -1 
1 0 0 0 1 
1 0 -609.59999999999991 1 0 
1 0 0 1 0 
1 0 0 0 -1 
1 0 0 0 1 
1 0 0 1 0 
1 0 1219.1999999999998 1 0 
1 12.700000000000045 0 0 -1 
1 1219.1999999999998 0 0 1 
1 0 -609.59999999999991 1 0 
1 0 1219.1999999999998 1 0 
1 0 0 0 -1 
1 1219.1999999999998 0 0 1 
1 0 0 0 1 
1 0 0 1 0 
1 12.700000000000045 0 0 1 
1 0 0 1 0 
1 0 0 0 1 
1 0 609.59999999999991 1 0 
1 12.700000000000045 0 0 1 
1 0 609.59999999999991 1 0 
1 0 0 1 0 
1 0 0 1 0 
1 88.899999999999977 0 0 -1 
1 0 0 0 1 
1 0 -38.099999999999994 1 0 
1 0 0 1 0 
1 0 0 0 -1 
1 0 0 0 1 
1 0 0 1 0 
1 0 3657.5999999999999 1 0 
1 88.899999999999977 0 0 -1 
1 3657.5999999999999 0 0 1 
1 0 -38.099999999999994 1 0 
1 0 3657.5999999999999 1 0 
1 0 0 0 -1 
1 3657.5999999999999 0 0 1 
1 0 0 0 1 
1 0 0 1 0 
1 88.899999999999977 0 0 1 
1 0 0 1 0 
1 0 0 0 1 
1 0 38.099999999999994 1 0 
1 88.899999999999977 0 0 1 
1 0 38.099999999999994 1 0 
1 0 0 1 0 
1 0 0 1 0 
1 88.899999999999977 0 0 -1 
1 0 0 0 1 
1 0 -38.100000000000023 1 0 
1 0 0 1 0 
1 0 0 0 -1 
1 0 0 0 1 
1 0 0 1 0 
1 0 3657.5999999999999 1 0 
1 88.899999999999977 0 0 -1 
1 3657.5999999999999 0 0 1 
1 0 -38.100000000000023 1 0 
1 0 3657.5999999999999 1 0 
1 0 0 0 -1 
1 3657.5999999999999 0 0 1 
1 0 0 0 1 
1 0 0 1 0 
1 88.899999999999977 0 0 1 
1 0 0 1 0 
1 0 0 0 1 
1 0 38.100000000000023 1 0 
1 88.899999999999977 0 0 1 
1 0 38.100000000000023 1 0 
1 0 0 1 0 
1 0 0 1 0 
1 88.899999999999977 0 0 -1 
1 0 0 0 1 
1 0 -533.39999999999998 1 0 
1 0 0 1 0 
1 0 0 0 -1 
1 0 0 0 1 
1 0 0 1 0 
1 0 38.099999999999994 1 0 
1 88.899999999999977 0 0 -1 
1 38.099999999999994 0 0 1 
1 0 -533.39999999999998 1 0 
1 0 38.099999999999994 1 0 
1 0 0 0 -1 
1 38.099999999999994 0 0 1 
1 0 0 0 1 
1 0 0 1 0 
1 88.899999999999977 0 0 1 
1 0 0 1 0 
1 0 0 0 1 
1 0 533.39999999999998 1 0 
1 88.899999999999977 0 0 1 
1 0 533.39999999999998 1 0 
1 0 0 1 0 
1 0 0 1 0 
1 88.899999999999977 0 0 -1 
1 0 0 0 1 
1 0 -533.39999999999998 1 0 
1 0 0 1 0 
1 0 0 0 -1 
1 0 0 0 1 
1 0 0 1 0 
1 0 38.099999999999909 1 0 
1 88.899999999999977 0 0 -1 
1 38.099999999999909 0 0 1 
1 0 -533.39999999999998 1 0 
1 0 38.099999999999909 1 0 
1 0 0 0 -1 
1 38.099999999999909 0 0 1 
1 0 0 0 1 
1 0 0 1 0 
1 88.899999999999977 0 0 1 
1 0 0 1 0 
1 0 0 0 1 
1 0 533.39999999999998 1 0 
1 88.899999999999977 0 0 1 
1 0 533.39999999999998 1 0 
1 0 0 1 0 
1 0 0 1 0 
1 88.899999999999977 0 0 -1 
1 0 0 0 1 
1 0 -533.39999999999998 1 0 
1 0 0 1 0 
1 0 0 0 -1 
1 0 0 0 1 
1 0 0 1 0 
1 0 38.099999999999909 1 0 
1 88.899999999999977 0 0 -1 
1 38.099999999999909 0 0 1 
1 0 -533.39999999999998 1 0 
1 0 38.099999999999909 1 0 
1 0 0 0 -1 
1 38.099999999999909 0 0 1 
1 0 0 0 1 
1 0 0 1 0 
1 88.899999999999977 0 0 1 
1 0 0 1 0 
1 0 0 0 1 
1 0 533.39999999999998 1 0 
1 88.899999999999977 0 0 1 
1 0 533.39999999999998 1 0 
1 0 0 1 0 
1 0 0 1 0 
1 12.700000000000045 0 0 -1 
1 0 0 0 1 
1 0 -609.59999999999991 1 0 
1 0 0 1 0 
1 0 0 0 -1 
1 0 0 0 1 
1 0 0 1 0 
1 0 2438.3999999999996 1 0 
1 12.700000000000045 0 0 -1 
1 2438.3999999999996 0 0 1 
1 0 -609.59999999999991 1 0 
1 0 2438.3999999999996 1 0 
1 0 0 0 -1 
1 2438.3999999999996 0 0 1 
1 0 0 0 1 
1 0 0 1 0 
1 12.700000000000045 0 0 1 
1 0 0 1 0 
1 0 0 0 1 
1 0 609.59999999999991 1 0 
1 12.700000000000045 0 0 1 
1 0 609.59999999999991 1 0 
1 0 0 1 0 
1 0 0 1 0 
1 12.700000000000045 0 0 -1 
1 0 0 0 1 
1 0 -609.59999999999991 1 0 
1 0 0 1 0 
1 0 0 0 -1 
1 0 0 0 1 
1 0 0 1 0 
1 0 1219.1999999999998 1 0 
1 12.700000000000045 0 0 -1 
1 1219.1999999999998 0 0 1 
1 0 -609.59999999999991 1 0 
1 0 1219.1999999999998 1 0 
1 0 0 0 -1 
1 1219.1999999999998 0 0 1 
1 0 0 0 1 
1 0 0 1 0 
1 12.700000000000045 0 0 1 
1 0 0 1 0 
1 0 0 0 1 
1 0 609.59999999999991 1 0 
1 12.700000000000045 0 0 1 
1 0 609.59999999999991 1 0 
1 0 0 1 0 
1 0 0 1 0 
1 88.900000000000091 0 0 -1 
1 0 0 0 1 
1 0 -38.099999999999994 1 0 
1 0 0 1 0 
1 0 0 0 -1 
1 0 0 0 1 
1 0 0 1 0 
1 0 3657.5999999999999 1 0 
1 88.900000000000091 0 0 -1 
1 3657.5999999999999 0 0 1 
1 0 -38.099999999999994 1 0 
1 0 3657.5999999999999 1 0 
1 0 0 0 -1 
1 3657.5999999999999 0 0 1 
1 0 0 0 1 
1 0 0 1 0 
1 88.900000000000091 0 0 1 
1 0 0 1 0 
1 0 0 0 1 
1 0 38.099999999999994 1 0 
1 88.900000000000091 0 0 1 
1 0 38.099999999999994 1 0 
1 0 0 1 0 
1 0 0 1 0 
1 88.900000000000091 0 0 -1 
1 0 0 0 1 
1 0 -38.100000000000023 1 0 
1 0 0 1 0 
1 0 0 0 -1 
1 0 0 0 1 
1 0 0 1 0 
1 0 3657.5999999999999 1 0 
1 88.900000000000091 0 0 -1 
1 3657.5999999999999 0 0 1 
1 0 -38.100000000000023 1 0 
1 0 3657.5999999999999 1 0 
1 0 0 0 -1 
1 3657.5999999999999 0 0 1 
1 0 0 0 1 
1 0 0 1 0 
1 88.900000000000091 0 0 1 
1 0 0 1 0 
1 0 0 0 1 
1 0 38.100000000000023 1 0 
1 88.900000000000091 0 0 1 
1 0 38.100000000000023 1 0 
1 0 0 1 0 
1 0 0 1 0 
1 88.900000000000091 0 0 -1 
1 0 0 0 1 
1 0 -533.39999999999998 1 0 
1 0 0 1 0 
1 0 0 0 -1 
1 0 0 0 1 
1 0 0 1 0 
1 0 38.099999999999994 1 0 
1 88.900000000000091 0 0 -1 
1 38.099999999999994 0 0 1 
1 0 -533.39999999999998 1 0 
1 0 38.099999999999994 1 0 
1 0 0 0 -1 
1 38.099999999999994 0 0 1 
1 0 0 0 1 
1 0 0 1 0 
1 88.900000000000091 0 0 1 
1 0 0 1 0 
1 0 0 0 1 
1 0 533.39999999999998 1 0 
1 88.900000000000091 0 0 1 
1 0 533.39999999999998 1 0 
1 0 0 1 0 
1 0 0 1 0 
1 88.900000000000091 0 0 -1 
1 0 0 0 1 
1 0 -533.39999999999998 1 0 
1 0 0 1 0 
1 0 0 0 -1 
1 0 0 0 1 
1 0 0 1 0 
1 0 38.099999999999909 1 0 
1 88.900000000000091 0 0 -1 
1 38.099999999999909 0 0 1 
1 0 -533.39999999999998 1 0 
1 0 38.099999999999909 1 0 
1 0 0 0 -1 
1 38.099999999999909 0 0 1 
1 0 0 0 1 
1 0 0 1 0 
1 88.900000000000091 0 0 1 
1 0 0 1 0 
1 0 0 0 1 
1 0 533.39999999999998 1 0 
1 88.900000000000091 0 0 1 
1 0 533.39999999999998 1 0 
1 0 0 1 0 
1 0 0 1 0 
1 88.900000000000091 0 0 -1 
1 0 0 0 1 
1 0 -533.39999999999998 1 0 
1 0 0 1 0 
1 0 0 0 -1 
1 0 0 0 1 
1 0 0 1 0 
1 0 38.099999999999909 1 0 
1 88.900000000000091 0 0 -1 
1 38.099999999999909 0 0 1 
1 0 -533.39999999999998 1 0 
1 0 38.099999999999909 1 0 
1 0 0 0 -1 
1 38.099999999999909 0 0 1 
1 0 0 0 1 
1 0 0 1 0 
1 88.900000000000091 0 0 1 
1 0 0 1 0 
1 0 0 0 1 
1 0 533.39999999999998 1 0 
1 88.900000000000091 0 0 1 
1 0 533.39999999999998 1 0 
1 0 0 1 0 
1 0 0 1 0 
1 12.700000000000045 0 0 -1 
1 0 0 0 1 
1 0 -609.59999999999991 1 0 
1 0 0 1 0 
1 0 0 0 -1 
1 0 0 0 1 
1 0 0 1 0 
1 0 2438.3999999999996 1 0 
1 12.700000000000045 0 0 -1 
1 2438.3999999999996 0 0 1 
1 0 -609.59999999999991 1 0 
1 0 2438.3999999999996 1 0 
1 0 0 0 -1 
1 2438.3999999999996 0 0 1 
1 0 0 0 1 
1 0 0 1 0 
1 12.700000000000045 0 0 1 
1 0 0 1 0 
1 0 0 0 1 
1 0 609.59999999999991 1 0 
1 12.700000000000045 0 0 1 
1 0 609.59999999999991 1 0 
1 0 0 1 0 
1 0 0 1 0 
1 12.700000000000045 0 0 -1 
1 0 0 0 1 
1 0 -609.59999999999991 1 0 
1 0 0 1 0 
1 0 0 0 -1 
1 0 0 0 1 
1 0 0 1 0 
1 0 1219.1999999999998 1 0 
1 12.700000000000045 0 0 -1 
1 1219.1999999999998 0 0 1 
1 0 -609.59999999999991 1 0 
1 0 1219.1999999999998 1 0 
1 0 0 0 -1 
1 1219.1999999999998 0 0 1 
1 0 0 0 1 
1 0 0 1 0 
1 12.700000000000045 0 0 1 
1 0 0 1 0 
1 0 0 0 1 
1 0 609.59999999999991 1 0 
1 12.700000000000045 0 0 1 
1 0 609.59999999999991 1 0 
1 0 0 1 0 
1 0 0 1 0 
1 1943.0999999999999 0 0 -1 
1 0 0 0 1 
1 0 -38.100000000000023 1 0 
1 0 0 1 0 
1 0 0 0 -1 
1 0 0 0 1 
1 0 0 1 0 
1 0 38.099999999999994 1 0 
1 1943.0999999999999 0 0 -1 
1 38.099999999999994 0 0 1 
1 0 -38.100000000000023 1 0 
1 0 38.099999999999994 1 0 
1 0 0 0 -1 
1 38.099999999999994 0 0 1 
1 0 0 0 1 
1 0 0 1 0 
1 1943.0999999999999 0 0 1 
1 0 0 1 0 
1 0 0 0 1 
1 0 38.100000000000023 1 0 
1 1943.0999999999999 0 0 1 
1 0 38.100000000000023 1 0 
1 0 0 1 0 
1 0 0 1 0 
1 1943.0999999999999 0 0 -1 
1 0 0 0 1 
1 0 -38.100000000000023 1 0 
1 0 0 1 0 
1 0 0 0 -1 
1 0 0 0 1 
1 0 0 1 0 
1 0 38.099999999999909 1 0 
1 1943.0999999999999 0 0 -1 
1 38.099999999999909 0 0 1 
1 0 -38.100000000000023 1 0 
1 0 38.099999999999909 1 0 
1 0 0 0 -1 
1 38.099999999999909 0 0 1 
1 0 0 0 1 
1 0 0 1 0 
1 1943.0999999999999 0 0 1 
1 0 0 1 0 
1 0 0 0 1 
1 0 38.100000000000023 1 0 
1 1943.0999999999999 0 0 1 
1 0 38.100000000000023 1 0 
1 0 0 1 0 
1 0 0 1 0 
1 1943.0999999999999 0 0 -1 
1 0 0 0 1 
1 0 -38.100000000000023 1 0 
1 0 0 1 0 
1 0 0 0 -1 
1 0 0 0 1 
1 0 0 1 0 
1 0 38.099999999999909 1 0 
1 1943.0999999999999 0 0 -1 
1 38.099999999999909 0 0 1 
1 0 -38.100000000000023 1 0 
1 0 38.099999999999909 1 0 
1 0 0 0 -1 
1 38.099999999999909 0 0 1 
1 0 0 0 1 
1 0 0 1 0 
1 1943.0999999999999 0 0 1 
1 0 0 1 0 
1 0 0 0 1 
1 0 38.100000000000023 1 0 
1 1943.0999999999999 0 0 1 
1 0 38.100000000000023 1 0 
Curves 384
1 -50 -30 0 0 0 1 
1 -50 -30 2093.0999999999999 -0 1 0 
1 -50 -10 0 0 0 1 
1 -50 -30 0 -0 1 0 
1 3707.5999999999999 -30 0 0 0 1 
1 3707.5999999999999 -30 2093.0999999999999 -0 1 0 
1 3707.5999999999999 -10 0 0 0 1 
1 3707.5999999999999 -30 0 -0 1 0 
1 -50 -30 0 1 0 -0 
1 -50 -30 2093.0999999999999 1 0 -0 
1 -50 -10 0 1 0 -0 
1 -50 -10 2093.0999999999999 1 0 -0 
1 0 0 0 0 0 1 
1 0 0 88.899999999999991 -0 1 0 
1 0 38.099999999999994 0 0 0 1 
1 0 0 0 -0 1 0 
1 3657.5999999999999 0 0 0 0 1 
1 3657.5999999999999 0 88.899999999999991 -0 1 0 
1 3657.5999999999999 38.099999999999994 0 0 0 1 
1 3657.5999999999999 0 0 -0 1 0 
1 0 0 0 1 0 -0 
1 0 0 88.899999999999991 1 0 -0 
1 0 38.099999999999994 0 1 0 -0 
1 0 38.099999999999994 88.899999999999991 1 0 -0 
1 0 571.49999999999989 0 0 0 1 
1 0 571.49999999999989 88.899999999999991 -0 1 0 
1 0 609.59999999999991 0 0 0 1 
1 0 571.49999999999989 0 -0 1 0 
1 3657.5999999999999 571.49999999999989 0 0 0 1 
1 3657.5999999999999 571.49999999999989 88.899999999999991 -0 1 0 
1 3657.5999999999999 609.59999999999991 0 0 0 1 
1 3657.5999999999999 571.49999999999989 0 -0 1 0 
1 0 571.49999999999989 0 1 0 -0 
1 0 571.49999999999989 88.899999999999991 1 0 -0 
1 0 609.59999999999991 0 1 0 -0 
1 0 609.59999999999991 88.899999999999991 1 0 -0 
1 0 38.099999999999994 0 0 0 1 
1 0 38.099999999999994 88.899999999999991 -0 1 0 
1 0 571.5 0 0 0 1 
1 0 38.099999999999994 0 -0 1 0 
1 38.099999999999994 38.099999999999994 0 0 0 1 
1 38.099999999999994 38.099999999999994 88.899999999999991 -0 1 0 
1 38.099999999999994 571.5 0 0 0 1 
1 38.099999999999994 38.099999999999994 0 -0 1 0 
1 0 38.099999999999994 0 1 0 -0 
1 0 38.099999999999994 88.899999999999991 1 0 -0 
1 0 571.5 0 1 0 -0 
1 0 571.5 88.899999999999991 1 0 -0 
1 1828.8 38.099999999999994 0 0 0 1 
1 1828.8 38.099999999999994 88.899999999999991 -0 1 0 
1 1828.8 571.5 0 0 0 1 
1 1828.8 38.099999999999994 0 -0 1 0 
1 1866.8999999999999 38.099999999999994 0 0 0 1 
1 1866.8999999999999 38.099999999999994 88.899999999999991 -0 1 0 
1 1866.8999999999999 571.5 0 0 0 1 
1 1866.8999999999999 38.099999999999994 0 -0 1 0 
1 1828.8 38.099999999999994 0 1 0 -0 
1 1828.8 38.099999999999994 88.899999999999991 1 0 -0 
1 1828.8 571.5 0 1 0 -0 
1 1828.8 571.5 88.899999999999991 1 0 -0 
1 3619.5 38.099999999999994 0 0 0 1 
1 3619.5 38.099999999999994 88.899999999999991 -0 1 0 
1 3619.5 571.5 0 0 0 1 
1 3619.5 38.099999999999994 0 -0 1 0 
1 3657.5999999999999 38.099999999999994 0 0 0 1 
1 3657.5999999999999 38.099999999999994 88.899999999999991 -0 1 0 
1 3657.5999999999999 571.5 0 0 0 1 
1 3657.5999999999999 38.099999999999994 0 -0 1 0 
1 3619.5 38.099999999999994 0 1 0 -0 
1 3619.5 38.099999999999994 88.899999999999991 1 0 -0 
1 3619.5 571.5 0 1 0 -0 
1 3619.5 571.5 88.899999999999991 1 0 -0 
1 0 0 88.899999999999991 0 0 1 
1 0 0 101.59999999999999 -0 1 0 
1 0 609.59999999999991 88.899999999999991 0 0 1 
1 0 0 88.899999999999991 -0 1 0 
1 2438.3999999999996 0 88.899999999999991 0 0 1 
1 2438.3999999999996 0 101.59999999999999 -0 1 0 
1 2438.3999999999996 609.59999999999991 88.899999999999991 0 0 1 
1 2438.3999999999996 0 88.899999999999991 -0 1 0 
1 0 0 88.899999999999991 1 0 -0 
1 0 0 101.59999999999999 1 0 -0 
1 0 609.59999999999991 88.899999999999991 1 0 -0 
1 0 609.59999999999991 101.59999999999999 1 0 -0 
1 2438.3999999999996 0 88.899999999999991 0 0 1 
1 2438.3999999999996 0 101.59999999999999 -0 1 0 
1 2438.3999999999996 609.59999999999991 88.899999999999991 0 0 1 
1 2438.3999999999996 0 88.899999999999991 -0 1 0 
1 3657.5999999999995 0 88.899999999999991 0 0 1 
1 3657.5999999999995 0 101.59999999999999 -0 1 0 
1 3657.5999999999995 609.59999999999991 88.899999999999991 0 0 1 
1 3657.5999999999995 0 88.899999999999991 -0 1 0 
1 2438.3999999999996 0 88.899999999999991 1 0 -0 
1 2438.3999999999996 0 101.59999999999999 1 0 -0 
1 2438.3999999999996 609.59999999999991 88.899999999999991 1 0 -0 
1 2438.3999999999996 609.59999999999991 101.59999999999999 1 0 -0 
1 0 0 482.59999999999997 0 0 1 
1 0 0 571.5 -0 1 0 
1 0 38.099999999999994 482.59999999999997 0 0 1 
1 0 0 482.59999999999997 -0 1 0 
1 3657.5999999999999 0 482.59999999999997 0 0 1 
1 3657.5999999999999 0 571.5 -0 1 0 
1 3657.5999999999999 38.099999999999994 482.59999999999997 0 0 1 
1 3657.5999999999999 0 482.59999999999997 -0 1 0 
1 0 0 482.59999999999997 1 0 -0 
1 0 0 571.5 1 0 -0 
1 0 38.099999999999994 482.59999999999997 1 0 -0 
1 0 38.099999999999994 571.5 1 0 -0 
1 0 571.49999999999989 482.59999999999997 0 0 1 
1 0 571.49999999999989 571.5 -0 1 0 
1 0 609.59999999999991 482.59999999999997 0 0 1 
1 0 571.49999999999989 482.59999999999997 -0 1 0 
1 3657.5999999999999 571.49999999999989 482.59999999999997 0 0 1 
1 3657.5999999999999 571.49999999999989 571.5 -0 1 0 
1 3657.5999999999999 609.59999999999991 482.59999999999997 0 0 1 
1 3657.5999999999999 571.49999999999989 482.59999999999997 -0 1 0 
1 0 571.49999999999989 482.59999999999997 1 0 -0 
1 0 571.49999999999989 571.5 1 0 -0 
1 0 609.59999999999991 482.59999999999997 1 0 -0 
1 0 609.59999999999991 571.5 1 0 -0 
1 0 38.099999999999994 482.59999999999997 0 0 1 
1 0 38.099999999999994 571.5 -0 1 0 
1 0 571.5 482.59999999999997 0 0 1 
1 0 38.099999999999994 482.59999999999997 -0 1 0 
1 38.099999999999994 38.099999999999994 482.59999999999997 0 0 1 
1 38.099999999999994 38.099999999999994 571.5 -0 1 0 
1 38.099999999999994 571.5 482.59999999999997 0 0 1 
1 38.099999999999994 38.099999999999994 482.59999999999997 -0 1 0 
1 0 38.099999999999994 482.59999999999997 1 0 -0 
1 0 38.099999999999994 571.5 1 0 -0 
1 0 571.5 482.59999999999997 1 0 -0 
1 0 571.5 571.5 1 0 -0 
1 1828.8 38.099999999999994 482.59999999999997 0 0 1 
1 1828.8 38.099999999999994 571.5 -0 1 0 
1 1828.8 571.5 482.59999999999997 0 0 1 
1 1828.8 38.099999999999994 482.59999999999997 -0 1 0 
1 1866.8999999999999 38.099999999999994 482.59999999999997 0 0 1 
1 1866.8999999999999 38.099999999999994 571.5 -0 1 0 
1 1866.8999999999999 571.5 482.59999999999997 0 0 1 
1 1866.8999999999999 38.099999999999994 482.59999999999997 -0 1 0 
1 1828.8 38.099999999999994 482.59999999999997 1 0 -0 
1 1828.8 38.099999999999994 571.5 1 0 -0 
1 1828.8 571.5 482.59999999999997 1 0 -0 
1 1828.8 571.5 571.5 1 0 -0 
1 3619.5 38.099999999999994 482.59999999999997 0 0 1 
1 3619.5 38.099999999999994 571.5 -0 1 0 
1 3619.5 571.5 482.59999999999997 0 0 1 
1 3619.5 38.099999999999994 482.59999999999997 -0 1 0 
1 3657.5999999999999 38.099999999999994 482.59999999999997 0 0 1 
1 3657.5999999999999 38.099999999999994 571.5 -0 1 0 
1 3657.5999999999999 571.5 482.59999999999997 0 0 1 
1 3657.5999999999999 38.099999999999994 482.59999999999997 -0 1 0 
1 3619.5 38.099999999999994 482.59999999999997 1 0 -0 
1 3619.5 38.099999999999994 571.5 1 0 -0 
1 3619.5 571.5 482.59999999999997 1 0 -0 
1 3619.5 571.5 571.5 1 0 -0 
1 0 0 571.5 0 0 1 
1 0 0 584.20000000000005 -0 1 0 
1 0 609.59999999999991 571.5 0 0 1 
1 0 0 571.5 -0 1 0 
1 2438.3999999999996 0 571.5 0 0 1 
1 2438.3999999999996 0 584.20000000000005 -0 1 0 
1 2438.3999999999996 609.59999999999991 571.5 0 0 1 
1 2438.3999999999996 0 571.5 -0 1 0 
1 0 0 571.5 1 0 -0 
1 0 0 584.20000000000005 1 0 -0 
1 0 609.59999999999991 571.5 1 0 -0 
1 0 609.59999999999991 584.20000000000005 1 0 -0 
1 2438.3999999999996 0 571.5 0 0 1 
1 2438.3999999999996 0 584.20000000000005 -0 1 0 
1 2438.3999999999996 609.59999999999991 571.5 0 0 1 
1 2438.3999999999996 0 571.5 -0 1 0 
1 3657.5999999999995 0 571.5 0 0 1 
1 3657.5999999999995 0 584.20000000000005 -0 1 0 
1 3657.5999999999995 609.59999999999991 571.5 0 0 1 
1 3657.5999999999995 0 571.5 -0 1 0 
1 2438.3999999999996 0 571.5 1 0 -0 
1 2438.3999999999996 0 584.20000000000005 1 0 -0 
1 2438.3999999999996 609.59999999999991 571.5 1 0 -0 
1 2438.3999999999996 609.59999999999991 584.20000000000005 1 0 -0 
1 0 0 965.19999999999993 0 0 1 
1 0 0 1054.0999999999999 -0 1 0 
1 0 38.099999999999994 965.19999999999993 0 0 1 
1 0 0 965.19999999999993 -0 1 0 
1 3657.5999999999999 0 965.19999999999993 0 0 1 
1 3657.5999999999999 0 1054.0999999999999 -0 1 0 
1 3657.5999999999999 38.099999999999994 965.19999999999993 0 0 1 
1 3657.5999999999999 0 965.19999999999993 -0 1 0 
1 0 0 965.19999999999993 1 0 -0 
1 0 0 1054.0999999999999 1 0 -0 
1 0 38.099999999999994 965.19999999999993 1 0 -0 
1 0 38.099999999999994 1054.0999999999999 1 0 -0 
1 0 571.49999999999989 965.19999999999993 0 0 1 
1 0 571.49999999999989 1054.0999999999999 -0 1 0 
1 0 609.59999999999991 965.19999999999993 0 0 1 
1 0 571.49999999999989 965.19999999999993 -0 1 0 
1 3657.5999999999999 571.49999999999989 965.19999999999993 0 0 1 
1 3657.5999999999999 571.49999999999989 1054.0999999999999 -0 1 0 
1 3657.5999999999999 609.59999999999991 965.19999999999993 0 0 1 
1 3657.5999999999999 571.49999999999989 965.19999999999993 -0 1 0 
1 0 571.49999999999989 965.19999999999993 1 0 -0 
1 0 571.49999999999989 1054.0999999999999 1 0 -0 
1 0 609.59999999999991 965.19999999999993 1 0 -0 
1 0 609.59999999999991 1054.0999999999999 1 0 -0 
1 0 38.099999999999994 965.19999999999993 0 0 1 
1 0 38.099999999999994 1054.0999999999999 -0 1 0 
1 0 571.5 965.19999999999993 0 0 1 
1 0 38.099999999999994 965.19999999999993 -0 1 0 
1 38.099999999999994 38.099999999999994 965.19999999999993 0 0 1 
1 38.099999999999994 38.099999999999994 1054.0999999999999 -0 1 0 
1 38.099999999999994 571.5 965.19999999999993 0 0 1 
1 38.099999999999994 38.099999999999994 965.19999999999993 -0 1 0 
1 0 38.099999999999994 965.19999999999993 1 0 -0 
1 0 38.099999999999994 1054.0999999999999 1 0 -0 
1 0 571.5 965.19999999999993 1 0 -0 
1 0 571.5 1054.0999999999999 1 0 -0 
1 1828.8 38.099999999999994 965.19999999999993 0 0 1 
1 1828.8 38.099999999999994 1054.0999999999999 -0 1 0 
1 1828.8 571.5 965.19999999999993 0 0 1 
1 1828.8 38.099999999999994 965.19999999999993 -0 1 0 
1 1866.8999999999999 38.099999999999994 965.19999999999993 0 0 1 
1 1866.8999999999999 38.099999999999994 1054.0999999999999 -0 1 0 
1 1866.8999999999999 571.5 965.19999999999993 0 0 1 
1 1866.8999999999999 38.099999999999994 965.19999999999993 -0 1 0 
1 1828.8 38.099999999999994 965.19999999999993 1 0 -0 
1 1828.8 38.099999999999994 1054.0999999999999 1 0 -0 
1 1828.8 571.5 965.19999999999993 1 0 -0 
1 1828.8 571.5 1054.0999999999999 1 0 -0 
1 3619.5 38.099999999999994 965.19999999999993 0 0 1 
1 3619.5 38.099999999999994 1054.0999999999999 -0 1 0 
1 3619.5 571.5 965.19999999999993 0 0 1 
1 3619.5 38.099999999999994 965.19999999999993 -0 1 0 
1 3657.5999999999999 38.099999999999994 965.19999999999993 0 0 1 
1 3657.5999999999999 38.099999999999994 1054.0999999999999 -0 1 0 
1 3657.5999999999999 571.5 965.19999999999993 0 0 1 
1 3657.5999999999999 38.099999999999994 965.19999999999993 -0 1 0 
1 3619.5 38.099999999999994 965.19999999999993 1 0 -0 
1 3619.5 38.099999999999994 1054.0999999999999 1 0 -0 
1 3619.5 571.5 965.19999999999993 1 0 -0 
1 3619.5 571.5 1054.0999999999999 1 0 -0 
1 0 0 1054.0999999999999 0 0 1 
1 0 0 1066.8 -0 1 0 
1 0 609.59999999999991 1054.0999999999999 0 0 1 
1 0 0 1054.0999999999999 -0 1 0 
1 2438.3999999999996 0 1054.0999999999999 0 0 1 
1 2438.3999999999996 0 1066.8 -0 1 0 
1 2438.3999999999996 609.59999999999991 1054.0999999999999 0 0 1 
1 2438.3999999999996 0 1054.0999999999999 -0 1 0 
1 0 0 1054.0999999999999 1 0 -0 
1 0 0 1066.8 1 0 -0 
1 0 609.59999999999991 1054.0999999999999 1 0 -0 
1 0 609.59999999999991 1066.8 1 0 -0 
1 2438.3999999999996 0 1054.0999999999999 0 0 1 
1 2438.3999999999996 0 1066.8 -0 1 0 
1 2438.3999999999996 609.59999999999991 1054.0999999999999 0 0 1 
1 2438.3999999999996 0 1054.0999999999999 -0 1 0 
1 3657.5999999999995 0 1054.0999999999999 0 0 1 
1 3657.5999999999995 0 1066.8 -0 1 0 
1 3657.5999999999995 609.59999999999991 1054.0999999999999 0 0 1 
1 3657.5999999999995 0 1054.0999999999999 -0 1 0 
1 2438.3999999999996 0 1054.0999999999999 1 0 -0 
1 2438.3999999999996 0 1066.8 1 0 -0 
1 2438.3999999999996 609.59999999999991 1054.0999999999999 1 0 -0 
1 2438.3999999999996 609.59999999999991 1066.8 1 0 -0 
1 0 0 1447.8 0 0 1 
1 0 0 1536.7 -0 1 0 
1 0 38.099999999999994 1447.8 0 0 1 
1 0 0 1447.8 -0 1 0 
1 3657.5999999999999 0 1447.8 0 0 1 
1 3657.5999999999999 0 1536.7 -0 1 0 
1 3657.5999999999999 38.099999999999994 1447.8 0 0 1 
1 3657.5999999999999 0 1447.8 -0 1 0 
1 0 0 1447.8 1 0 -0 
1 0 0 1536.7 1 0 -0 
1 0 38.099999999999994 1447.8 1 0 -0 
1 0 38.099999999999994 1536.7 1 0 -0 
1 0 571.49999999999989 1447.8 0 0 1 
1 0 571.49999999999989 1536.7 -0 1 0 
1 0 609.59999999999991 1447.8 0 0 1 
1 0 571.49999999999989 1447.8 -0 1 0 
1 3657.5999999999999 571.49999999999989 1447.8 0 0 1 
1 3657.5999999999999 571.49999999999989 1536.7 -0 1 0 
1 3657.5999999999999 609.59999999999991 1447.8 0 0 1 
1 3657.5999999999999 571.49999999999989 1447.8 -0 1 0 
1 0 571.49999999999989 1447.8 1 0 -0 
1 0 571.49999999999989 1536.7 1 0 -0 
1 0 609.59999999999991 1447.8 1 0 -0 
1 0 609.59999999999991 1536.7 1 0 -0 
1 0 38.099999999999994 1447.8 0 0 1 
1 0 38.099999999999994 1536.7 -0 1 0 
1 0 571.5 1447.8 0 0 1 
1 0 38.099999999999994 1447.8 -0 1 0 
1 38.099999999999994 38.099999999999994 1447.8 0 0 1 
1 38.099999999999994 38.099999999999994 1536.7 -0 1 0 
1 38.099999999999994 571.5 1447.8 0 0 1 
1 38.099999999999994 38.099999999999994 1447.8 -0 1 0 
1 0 38.099999999999994 1447.8 1 0 -0 
1 0 38.099999999999994 1536.7 1 0 -0 
1 0 571.5 1447.8 1 0 -0 
1 0 571.5 1536.7 1 0 -0 
1 1828.8 38.099999999999994 1447.8 0 0 1 
1 1828.8 38.099999999999994 1536.7 -0 1 0 
1 1828.8 571.5 1447.8 0 0 1 
1 1828.8 38.099999999999994 1447.8 -0 1 0 
1 1866.8999999999999 38.099999999999994 1447.8 0 0 1 
1 1866.8999999999999 38.099999999999994 1536.7 -0 1 0 
1 1866.8999999999999 571.5 1447.8 0 0 1 
1 1866.8999999999999 38.099999999999994 1447.8 -0 1 0 
1 1828.8 38.099999999999994 1447.8 1 0 -0 
1 1828.8 38.099999999999994 1536.7 1 0 -0 
1 1828.8 571.5 1447.8 1 0 -0 
1 1828.8 571.5 1536.7 1 0 -0 
1 3619.5 38.099999999999994 1447.8 0 0 1 
1 3619.5 38.099999999999994 1536.7 -0 1 0 
1 3619.5 571.5 1447.8 0 0 1 
1 3619.5 38.099999999999994 1447.8 -0 1 0 
1 3657.5999999999999 38.099999999999994 1447.8 0 0 1 
1 3657.5999999999999 38.099999999999994 1536.7 -0 1 0 
1 3657.5999999999999 571.5 1447.8 0 0 1 
1 3657.5999999999999 38.099999999999994 1447.8 -0 1 0 
1 3619.5 38.099999999999994 1447.8 1 0 -0 
1 3619.5 38.099999999999994 1536.7 1 0 -0 
1 3619.5 571.5 1447.8 1 0 -0 
1 3619.5 571.5 1536.7 1 0 -0 
1 0 0 1536.7 0 0 1 
1 0 0 1549.4000000000001 -0 1 0 
1 0 609.59999999999991 1536.7 0 0 1 
1 0 0 1536.7 -0 1 0 
1 2438.3999999999996 0 1536.7 0 0 1 
1 2438.3999999999996 0 1549.4000000000001 -0 1 0 
1 2438.3999999999996 609.59999999999991 1536.7 0 0 1 
1 2438.3999999999996 0 1536.7 -0 1 0 
1 0 0 1536.7 1 0 -0 
1 0 0 1549.4000000000001 1 0 -0 
1 0 609.59999999999991 1536.7 1 0 -0 
1 0 609.59999999999991 1549.4000000000001 1 0 -0 
1 2438.3999999999996 0 1536.7 0 0 1 
1 2438.3999999999996 0 1549.4000000000001 -0 1 0 
1 2438.3999999999996 609.59999999999991 1536.7 0 0 1 
1 2438.3999999999996 0 1536.7 -0 1 0 
1 3657.5999999999995 0 1536.7 0 0 1 
1 3657.5999999999995 0 1549.4000000000001 -0 1 0 
1 3657.5999999999995 609.59999999999991 1536.7 0 0 1 
1 3657.5999999999995 0 1536.7 -0 1 0 
1 2438.3999999999996 0 1536.7 1 0 -0 
1 2438.3999999999996 0 1549.4000000000001 1 0 -0 
1 2438.3999999999996 609.59999999999991 1536.7 1 0 -0 
1 2438.3999999999996 609.59999999999991 1549.4000000000001 1 0 -0 
1 0 571.49999999999989 0 0 0 1 
1 0 571.49999999999989 1943.0999999999999 -0 1 0 
1 0 609.59999999999991 0 0 0 1 
1 0 571.49999999999989 0 -0 1 0 
1 38.099999999999994 571.49999999999989 0 0 0 1 
1 38.099999999999994 571.49999999999989 1943.0999999999999 -0 1 0 
1 38.099999999999994 609.59999999999991 0 0 0 1 
1 38.099999999999994 571.49999999999989 0 -0 1 0 
1 0 571.49999999999989 0 1 0 -0 
1 0 571.49999999999989 1943.0999999999999 1 0 -0 
1 0 609.59999999999991 0 1 0 -0 
1 0 609.59999999999991 1943.0999999999999 1 0 -0 
1 1828.8 571.49999999999989 0 0 0 1 
1 1828.8 571.49999999999989 1943.0999999999999 -0 1 0 
1 1828.8 609.59999999999991 0 0 0 1 
1 1828.8 571.49999999999989 0 -0 1 0 
1 1866.8999999999999 571.49999999999989 0 0 0 1 
1 1866.8999999999999 571.49999999999989 1943.0999999999999 -0 1 0 
1 1866.8999999999999 609.59999999999991 0 0 0 1 
1 1866.8999999999999 571.49999999999989 0 -0 1 0 
1 1828.8 571.49999999999989 0 1 0 -0 
1 1828.8 571.49999999999989 1943.0999999999999 1 0 -0 
1 1828.8 609.59999999999991 0 1 0 -0 
1 1828.8 609.59999999999991 1943.0999999999999 1 0 -0 
1 3619.5 571.49999999999989 0 0 0 1 
1 3619.5 571.49999999999989 1943.0999999999999 -0 1 0 
1 3619.5 609.59999999999991 0 0 0 1 
1 3619.5 571.49999999999989 0 -0 1 0 
1 3657.5999999999999 571.49999999999989 0 0 0 1 
1 3657.5999999999999 571.49999999999989 1943.0999999999999 -0 1 0 
1 3657.5999999999999 609.59999999999991 0 0 0 1 
1 3657.5999999999999 571.49999999999989 0 -0 1 0 
1 3619.5 571.49999999999989 0 1 0 -0 
1 3619.5 571.49999999999989 1943.0999999999999 1 0 -0 
1 3619.5 609.59999999999991 0 1 0 -0 
1 3619.5 609.59999999999991 1943.0999999999999 1 0 -0 
Polygon3D 0
PolygonOnTriangulations 0
Surfaces 192
1 -50 -30 0 1 0 -0 0 0 1 0 -1 0 
1 -50 -30 0 -0 1 0 0 0 1 1 0 -0 
1 -50 -30 2093.0999999999999 0 0 1 1 0 -0 -0 1 0 
1 -50 -10 0 -0 1 0 0 0 1 1 0 -0 
1 -50 -30 0 0 0 1 1 0 -0 -0 1 0 
1 3707.5999999999999 -30 0 1 0 -0 0 0 1 0 -1 0 
1 0 0 0 1 0 -0 0 0 1 0 -1 0 
1 0 0 0 -0 1 0 0 0 1 1 0 -0 
1 0 0 88.899999999999991 0 0 1 1 0 -0 -0 1 0 
1 0 38.099999999999994 0 -0 1 0 0 0 1 1 0 -0 
1 0 0 0 0 0 1 1 0 -0 -0 1 0 
1 3657.5999999999999 0 0 1 0 -0 0 0 1 0 -1 0 
1 0 571.49999999999989 0 1 0 -0 0 0 1 0 -1 0 
1 0 571.49999999999989 0 -0 1 0 0 0 1 1 0 -0 
1 0 571.49999999999989 88.899999999999991 0 0 1 1 0 -0 -0 1 0 
1 0 609.59999999999991 0 -0 1 0 0 0 1 1 0 -0 
1 0 571.49999999999989 0 0 0 1 1 0 -0 -0 1 0 
1 3657.5999999999999 571.49999999999989 0 1 0 -0 0 0 1 0 -1 0 
1 0 38.099999999999994 0 1 0 -0 0 0 1 0 -1 0 
1 0 38.099999999999994 0 -0 1 0 0 0 1 1 0 -0 
1 0 38.099999999999994 88.899999999999991 0 0 1 1 0 -0 -0 1 0 
1 0 571.5 0 -0 1 0 0 0 1 1 0 -0 
1 0 38.099999999999994 0 0 0 1 1 0 -0 -0 1 0 
1 38.099999999999994 38.099999999999994 0 1 0 -0 0 0 1 0 -1 0 
1 1828.8 38.099999999999994 0 1 0 -0 0 0 1 0 -1 0 
1 1828.8 38.099999999999994 0 -0 1 0 0 0 1 1 0 -0 
1 1828.8 38.099999999999994 88.899999999999991 0 0 1 1 0 -0 -0 1 0 
1 1828.8 571.5 0 -0 1 0 0 0 1 1 0 -0 
1 1828.8 38.099999999999994 0 0 0 1 1 0 -0 -0 1 0 
1 1866.8999999999999 38.099999999999994 0 1 0 -0 0 0 1 0 -1 0 
1 3619.5 38.099999999999994 0 1 0 -0 0 0 1 0 -1 0 
1 3619.5 38.099999999999994 0 -0 1 0 0 0 1 1 0 -0 
1 3619.5 38.099999999999994 88.899999999999991 0 0 1 1 0 -0 -0 1 0 
1 3619.5 571.5 0 -0 1 0 0 0 1 1 0 -0 
1 3619.5 38.099999999999994 0 0 0 1 1 0 -0 -0 1 0 
1 3657.5999999999999 38.099999999999994 0 1 0 -0 0 0 1 0 -1 0 
1 0 0 88.899999999999991 1 0 -0 0 0 1 0 -1 0 
1 0 0 88.899999999999991 -0 1 0 0 0 1 1 0 -0 
1 0 0 101.59999999999999 0 0 1 1 0 -0 -0 1 0 
1 0 609.59999999999991 88.899999999999991 -0 1 0 0 0 1 1 0 -0 
1 0 0 88.899999999999991 0 0 1 1 0 -0 -0 1 0 
1 2438.3999999999996 0 88.899999999999991 1 0 -0 0 0 1 0 -1 0 
1 2438.3999999999996 0 88.899999999999991 1 0 -0 0 0 1 0 -1 0 
1 2438.3999999999996 0 88.899999999999991 -0 1 0 0 0 1 1 0 -0 
1 2438.3999999999996 0 101.59999999999999 0 0 1 1 0 -0 -0 1 0 
1 2438.3999999999996 609.59999999999991 88.899999999999991 -0 1 0 0 0 1 1 0 -0 
1 2438.3999999999996 0 88.899999999999991 0 0 1 1 0 -0 -0 1 0 
1 3657.5999999999995 0 88.899999999999991 1 0 -0 0 0 1 0 -1 0 
1 0 0 482.59999999999997 1 0 -0 0 0 1 0 -1 0 
1 0 0 482.59999999999997 -0 1 0 0 0 1 1 0 -0 
1 0 0 571.5 0 0 1 1 0 -0 -0 1 0 
1 0 38.099999999999994 482.59999999999997 -0 1 0 0 0 1 1 0 -0 
1 0 0 482.59999999999997 0 0 1 1 0 -0 -0 1 0 
1 3657.5999999999999 0 482.59999999999997 1 0 -0 0 0 1 0 -1 0 
1 0 571.49999999999989 482.59999999999997 1 0 -0 0 0 1 0 -1 0 
1 0 571.49999999999989 482.59999999999997 -0 1 0 0 0 1 1 0 -0 
1 0 571.49999999999989 571.5 0 0 1 1 0 -0 -0 1 0 
1 0 609.59999999999991 482.59999999999997 -0 1 0 0 0 1 1 0 -0 
1 0 571.49999999999989 482.59999999999997 0 0 1 1 0 -0 -0 1 0 
1 3657.5999999999999 571.49999999999989 482.59999999999997 1 0 -0 0 0 1 0 -1 0 
1 0 38.099999999999994 482.59999999999997 1 0 -0 0 0 1 0 -1 0 
1 0 38.099999999999994 482.59999999999997 -0 1 0 0 0 1 1 0 -0 
1 0 38.099999999999994 571.5 0 0 1 1 0 -0 -0 1 0 
1 0 571.5 482.59999999999997 -0 1 0 0 0 1 1 0 -0 
1 0 38.099999999999994 482.59999999999997 0 0 1 1 0 -0 -0 1 0 
1 38.099999999999994 38.099999999999994 482.59999999999997 1 0 -0 0 0 1 0 -1 0 
1 1828.8 38.099999999999994 482.59999999999997 1 0 -0 0 0 1 0 -1 0 
1 1828.8 38.099999999999994 482.59999999999997 -0 1 0 0 0 1 1 0 -0 
1 1828.8 38.099999999999994 571.5 0 0 1 1 0 -0 -0 1 0 
1 1828.8 571.5 482.59999999999997 -0 1 0 0 0 1 1 0 -0 
1 1828.8 38.099999999999994 482.59999999999997 0 0 1 1 0 -0 -0 1 0 
1 1866.8999999999999 38.099999999999994 482.59999999999997 1 0 -0 0 0 1 0 -1 0 
1 3619.5 38.099999999999994 482.59999999999997 1 0 -0 0 0 1 0 -1 0 
1 3619.5 38.099999999999994 482.59999999999997 -0 1 0 0 0 1 1 0 -0 
1 3619.5 38.099999999999994 571.5 0 0 1 1 0 -0 -0 1 0 
1 3619.5 571.5 482.59999999999997 -0 1 0 0 0 1 1 0 -0 
1 3619.5 38.099999999999994 482.59999999999997 0 0 1 1 0 -0 -0 1 0 
1 3657.5999999999999 38.099999999999994 482.59999999999997 1 0 -0 0 0 1 0 -1 0 
1 0 0 571.5 1 0 -0 0 0 1 0 -1 0 
1 0 0 571.5 -0 1 0 0 0 1 1 0 -0 
1 0 0 584.20000000000005 0 0 1 1 0 -0 -0 1 0 
1 0 609.59999999999991 571.5 -0 1 0 0 0 1 1 0 -0 
1 0 0 571.5 0 0 1 1 0 -0 -0 1 0 
1 2438.3999999999996 0 571.5 1 0 -0 0 0 1 0 -1 0 
1 2438.3999999999996 0 571.5 1 0 -0 0 0 1 0 -1 0 
1 2438.3999999999996 0 571.5 -0 1 0 0 0 1 1 0 -0 
1 2438.3999999999996 0 584.20000000000005 0 0 1 1 0 -0 -0 1 0 
1 2438.3999999999996 609.59999999999991 571.5 -0 1 0 0 0 1 1 0 -0 
1 2438.3999999999996 0 571.5 0 0 1 1 0 -0 -0 1 0 
1 3657.5999999999995 0 571.5 1 0 -0 0 0 1 0 -1 0 
1 0 0 965.19999999999993 1 0 -0 0 0 1 0 -1 0 
1 0 0 965.19999999999993 -0 1 0 0 0 1 1 0 -0 
1 0 0 1054.0999999999999 0 0 1 1 0 -0 -0 1 0 
1 0 38.099999999999994 965.19999999999993 -0 1 0 0 0 1 1 0 -0 
1 0 0 965.19999999999993 0 0 1 1 0 -0 -0 1 0 
1 3657.5999999999999 0 965.19999999999993 1 0 -0 0 0 1 0 -1 0 
1 0 571.49999999999989 965.19999999999993 1 0 -0 0 0 1 0 -1 0 
1 0 571.49999999999989 965.19999999999993 -0 1 0 0 0 1 1 0 -0 
1 0 571.49999999999989 1054.0999999999999 0 0 1 1 0 -0 -0 1 0 
1 0 609.59999999999991 965.19999999999993 -0 1 0 0 0 1 1 0 -0 
1 0 571.49999999999989 965.19999999999993 0 0 1 1 0 -0 -0 1 0 
1 3657.5999999999999 571.49999999999989 965.19999999999993 1 0 -0 0 0 1 0 -1 0 
1 0 38.099999999999994 965.19999999999993 1 0 -0 0 0 1 0 -1 0 
1 0 38.099999999999994 965.19999999999993 -0 1 0 0 0 1 1 0 -0 
1 0 38.099999999999994 1054.0999999999999 0 0 1 1 0 -0 -0 1 0 
1 0 571.5 965.19999999999993 -0 1 0 0 0 1 1 0 -0 
1 0 38.099999999999994 965.19999999999993 0 0 1 1 0 -0 -0 1 0 
1 38.099999999999994 38.099999999999994 965.19999999999993 1 0 -0 0 0 1 0 -1 0 
1 1828.8 38.099999999999994 965.19999999999993 1 0 -0 0 0 1 0 -1 0 
1 1828.8 38.099999999999994 965.19999999999993 -0 1 0 0 0 1 1 0 -0 
1 1828.8 38.099999999999994 1054.0999999999999 0 0 1 1 0 -0 -0 1 0 
1 1828.8 571.5 965.19999999999993 -0 1 0 0 0 1 1 0 -0 
1 1828.8 38.099999999999994 965.19999999999993 0 0 1 1 0 -0 -0 1 0 
1 1866.8999999999999 38.099999999999994 965.19999999999993 1 0 -0 0 0 1 0 -1 0 
1 3619.5 38.099999999999994 965.19999999999993 1 0 -0 0 0 1 0 -1 0 
1 3619.5 38.099999999999994 965.19999999999993 -0 1 0 0 0 1 1 0 -0 
1 3619.5 38.099999999999994 1054.0999999999999 0 0 1 1 0 -0 -0 1 0 
1 3619.5 571.5 965.19999999999993 -0 1 0 0 0 1 1 0 -0 
1 3619.5 38.099999999999994 965.19999999999993 0 0 1 1 0 -0 -0 1 0 
1 3657.5999999999999 38.099999999999994 965.19999999999993 1 0 -0 0 0 1 0 -1 0 
1 0 0 1054.0999999999999 1 0 -0 0 0 1 0 -1 0 
1 0 0 1054.0999999999999 -0 1 0 0 0 1 1 0 -0 
1 0 0 1066.8 0 0 1 1 0 -0 -0 1 0 
1 0 609.59999999999991 1054.0999999999999 -0 1 0 0 0 1 1 0 -0 
1 0 0 1054.0999999999999 0 0 1 1 0 -0 -0 1 0 
1 2438.3999999999996 0 1054.0999999999999 1 0 -0 0 0 1 0 -1 0 
1 2438.3999999999996 0 1054.0999999999999 1 0 -0 0 0 1 0 -1 0 
1 2438.3999999999996 0 1054.0999999999999 -0 1 0 0 0 1 1 0 -0 
1 2438.3999999999996 0 1066.8 0 0 1 1 0 -0 -0 1 0 
1 2438.3999999999996 609.59999999999991 1054.0999999999999 -0 1 0 0 0 1 1 0 -0 
1 2438.3999999999996 0 1054.0999999999999 0 0 1 1 0 -0 -0 1 0 
1 3657.5999999999995 0 1054.0999999999999 1 0 -0 0 0 1 0 -1 0 
1 0 0 1447.8 1 0 -0 0 0 1 0 -1 0 
1 0 0 1447.8 -0 1 0 0 0 1 1 0 -0 
1 0 0 1536.7 0 0 1 1 0 -0 -0 1 0 
1 0 38.099999999999994 1447.8 -0 1 0 0 0 1 1 0 -0 
1 0 0 1447.8 0 0 1 1 0 -0 -0 1 0 
1 3657.5999999999999 0 1447.8 1 0 -0 0 0 1 0 -1 0 
1 0 571.49999999999989 1447.8 1 0 -0 0 0 1 0 -1 0 
1 0 571.49999999999989 1447.8 -0 1 0 0 0 1 1 0 -0 
1 0 571.49999999999989 1536.7 0 0 1 1 0 -0 -0 1 0 
1 0 609.59999999999991 1447.8 -0 1 0 0 0 1 1 0 -0 
1 0 571.49999999999989 1447.8 0 0 1 1 0 -0 -0 1 0 
1 3657.5999999999999 571.49999999999989 1447.8 1 0 -0 0 0 1 0 -1 0 
1 0 38.099999999999994 1447.8 1 0 -0 0 0 1 0 -1 0 
1 0 38.099999999999994 1447.8 -0 1 0 0 0 1 1 0 -0 
1 0 38.099999999999994 1536.7 0 0 1 1 0 -0 -0 1 0 
1 0 571.5 1447.8 -0 1 0 0 0 1 1 0 -0 
1 0 38.099999999999994 1447.8 0 0 1 1 0 -0 -0 1 0 
1 38.099999999999994 38.099999999999994 1447.8 1 0 -0 0 0 1 0 -1 0 
1 1828.8 38.099999999999994 1447.8 1 0 -0 0 0 1 0 -1 0 
1 1828.8 38.099999999999994 1447.8 -0 1 0 0 0 1 1 0 -0 
1 1828.8 38.099999999999994 1536.7 0 0 1 1 0 -0 -0 1 0 
1 1828.8 571.5 1447.8 -0 1 0 0 0 1 1 0 -0 
1 1828.8 38.099999999999994 1447.8 0 0 1 1 0 -0 -0 1 0 
1 1866.8999999999999 38.099999999999994 1447.8 1 0 -0 0 0 1 0 -1 0 
1 3619.5 38.099999999999994 1447.8 1 0 -0 0 0 1 0 -1 0 
1 3619.5 38.099999999999994 1447.8 -0 1 0 0 0 1 1 0 -0 
1 3619.5 38.099999999999994 1536.7 0 0 1 1 0 -0 -0 1 0 
1 3619.5 571.5 1447.8 -0 1 0 0 0 1 1 0 -0 
1 3619.5 38.099999999999994 1447.8 0 0 1 1 0 -0 -0 1 0 
1 3657.5999999999999 38.099999999999994 1447.8 1 0 -0 0 0 1 0 -1 0 
1 0 0 1536.7 1 0 -0 0 0 1 0 -1 0 
1 0 0 1536.7 -0 1 0 0 0 1 1 0 -0 
1 0 0 1549.4000000000001 0 0 1 1 0 -0 -0 1 0 
1 0 609.59999999999991 1536.7 -0 1 0 0 0 1 1 0 -0 
1 0 0 1536.7 0 0 1 1 0 -0 -0 1 0 
1 2438.3999999999996 0 1536.7 1 0 -0 0 0 1 0 -1 0 
1 2438.3999999999996 0 1536.7 1 0 -0 0 0 1 0 -1 0 
1 2438.3999999999996 0 1536.7 -0 1 0 0 0 1 1 0 -0 
1 2438.3999999999996 0 1549.4000000000001 0 0 1 1 0 -0 -0 1 0 
1 2438.3999999999996 609.59999999999991 1536.7 -0 1 0 0 0 1 1 0 -0 
1 2438.3999999999996 0 1536.7 0 0 1 1 0 -0 -0 1 0 
1 3657.5999999999995 0 1536.7 1 0 -0 0 0 1 0 -1 0 
1 0 571.49999999999989 0 1 0 -0 0 0 1 0 -1 0 
1 0 571.49999999999989 0 -0 1 0 0 0 1 1 0 -0 
1 0 571.49999999999989 1943.0999999999999 0 0 1 1 0 -0 -0 1 0 
1 0 609.59999999999991 0 -0 1 0 0 0 1 1 0 -0 
1 0 571.49999999999989 0 0 0 1 1 0 -0 -0 1 0 
1 38.099999999999994 571.49999999999989 0 1 0 -0 0 0 1 0 -1 0 
1 1828.8 571.49999999999989 0 1 0 -0 0 0 1 0 -1 0 
1 1828.8 571.49999999999989 0 -0 1 0 0 0 1 1 0 -0 
1 1828.8 571.49999999999989 1943.0999999999999 0 0 1 1 0 -0 -0 1 0 
1 1828.8 609.59999999999991 0 -0 1 0 0 0 1 1 0 -0 
1 1828.8 571.49999999999989 0 0 0 1 1 0 -0 -0 1 0 
1 1866.8999999999999 571.49999999999989 0 1 0 -0 0 0 1 0 -1 0 
1 3619.5 571.49999999999989 0 1 0 -0 0 0 1 0 -1 0 
1 3619.5 571.49999999999989 0 -0 1 0 0 0 1 1 0 -0 
1 3619.5 571.49999999999989 1943.0999999999999 0 0 1 1 0 -0 -0 1 0 
1 3619.5 609.59999999999991 0 -0 1 0 0 0 1 1 0 -0 
1 3619.5 571.49999999999989 0 0 0 1 1 0 -0 -0 1 0 
1 3657.5999999999999 571.49999999999989 0 1 0 -0 0 0 1 0 -1 0 
Triangulations 0

TShapes 1089
Ve
1e-07
-50 -30 2093.1
0 0

0101101
*
Ve
1e-07
-50 -30 0
0 0

0101101
*
Ed
 1e-07 1 1 0
1  1 0 0 2093.1
2  1 1 0 0 2093.1
2  2 2 0 0 2093.1
0

0101000
-1089 0 +1088 0 *
Ve
1e-07
-50 -10 2093.1
0 0

0101101
*
Ed
 1e-07 1 1 0
1  2 0 0 20
2  3 1 0 0 20
2  4 3 0 0 20
0

0101000
-1086 0 +1089 0 *
Ve
1e-07
-50 -10 0
0 0

0101101
*
Ed
 1e-07 1 1 0
1  3 0 0 2093.1
2  5 1 0 0 2093.1
2  6 4 0 0 2093.1
0

0101000
-1086 0 +1084 0 *
Ed
 1e-07 1 1 0
1  4 0 0 20
2  7 1 0 0 20
2  8 5 0 0 20
0

0101000
-1084 0 +1088 0 *
Wi

0101100
-1087 0 -1085 0 +1083 0 +1082 0 *
Fa
0  1e-07 1 0

0101000
+1081 0 *
Ve
1e-07
3707.6 -30 2093.1
0 0

0101101
*
Ve
1e-07
3707.6 -30 0
0 0

0101101
*
Ed
 1e-07 1 1 0
1  5 0 0 2093.1
2  9 6 0 0 2093.1
2  10 2 0 0 2093.1
0

0101000
-1079 0 +1078 0 *
Ve
1e-07
3707.6 -10 2093.1
0 0

0101101
*
Ed
 1e-07 1 1 0
1  6 0 0 20
2  11 6 0 0 20
2  12 3 0 0 20
0

0101000
-1076 0 +1079 0 *
Ve
1e-07
3707.6 -10 0
0 0

0101101
*
Ed
 1e-07 1 1 0
1  7 0 0 2093.1
2  13 6 0 0 2093.1
2  14 4 0 0 2093.1
0

0101000
-1076 0 +1074 0 *
Ed
 1e-07 1 1 0
1  8 0 0 20
2  15 6 0 0 20
2  16 5 0 0 20
0

0101000
-1074 0 +1078 0 *
Wi

0101100
-1077 0 -1075 0 +1073 0 +1072 0 *
Fa
0  1e-07 6 0

0101000
+1071 0 *
Ed
 1e-07 1 1 0
1  9 0 0 3757.6
2  17 2 0 0 3757.6
2  18 5 0 0 3757.6
0

0101000
-1078 0 +1088 0 *
Ed
 1e-07 1 1 0
1  10 0 0 3757.6
2  19 2 0 0 3757.6
2  20 3 0 0 3757.6
0

0101000
-1079 0 +1089 0 *
Wi

0101100
-1069 0 -1077 0 +1068 0 +1087 0 *
Fa
0  1e-07 2 0

0101000
+1067 0 *
Ed
 1e-07 1 1 0
1  11 0 0 3757.6
2  21 4 0 0 3757.6
2  22 5 0 0 3757.6
0

0101000
-1074 0 +1084 0 *
Ed
 1e-07 1 1 0
1  12 0 0 3757.6
2  23 4 0 0 3757.6
2  24 3 0 0 3757.6
0

0101000
-1076 0 +1086 0 *
Wi

0101100
-1065 0 -1073 0 +1064 0 +1083 0 *
Fa
0  1e-07 4 0

0101000
+1063 0 *
Wi

0101100
-1082 0 -1065 0 +1072 0 +1069 0 *
Fa
0  1e-07 5 0

0101000
+1061 0 *
Wi

0101100
-1085 0 -1064 0 +1075 0 +1068 0 *
Fa
0  1e-07 3 0

0101000
+1059 0 *
Sh

0101100
-1080 0 +1070 0 -1066 0 +1062 0 -1060 0 +1058 0 *
So

0100000
+1057 0 *
Ve
1e-07
0 0 88.9
0 0

0101101
*
Ve
1e-07
0 0 0
0 0

0101101
*
Ed
 1e-07 1 1 0
1  13 0 0 88.9
2  25 7 0 0 88.9
2  26 8 0 0 88.9
0

0101000
-1055 0 +1054 0 *
Ve
1e-07
0 38.1 88.9
0 0

0101101
*
Ed
 1e-07 1 1 0
1  14 0 0 38.1
2  27 7 0 0 38.1
2  28 9 0 0 38.1
0

0101000
-1052 0 +1055 0 *
Ve
1e-07
0 38.1 0
0 0

0101101
*
Ed
 1e-07 1 1 0
1  15 0 0 88.9
2  29 7 0 0 88.9
2  30 10 0 0 88.9
0

0101000
-1052 0 +1050 0 *
Ed
 1e-07 1 1 0
1  16 0 0 38.1
2  31 7 0 0 38.1
2  32 11 0 0 38.1
0

0101000
-1050 0 +1054 0 *
Wi

0101100
-1053 0 -1051 0 +1049 0 +1048 0 *
Fa
0  1e-07 7 0

0101000
+1047 0 *
Ve
1e-07
3657.6 0 88.9
0 0

0101101
*
Ve
1e-07
3657.6 0 0
0 0

0101101
*
Ed
 1e-07 1 1 0
1  17 0 0 88.9
2  33 12 0 0 88.9
2  34 8 0 0 88.9
0

0101000
-1045 0 +1044 0 *
Ve
1e-07
3657.6 38.1 88.9
0 0

0101101
*
Ed
 1e-07 1 1 0
1  18 0 0 38.1
2  35 12 0 0 38.1
2  36 9 0 0 38.1
0

0101000
-1042 0 +1045 0 *
Ve
1e-07
3657.6 38.1 0
0 0

0101101
*
Ed
 1e-07 1 1 0
1  19 0 0 88.9
2  37 12 0 0 88.9
2  38 10 0 0 88.9
0

0101000
-1042 0 +1040 0 *
Ed
 1e-07 1 1 0
1  20 0 0 38.1
2  39 12 0 0 38.1
2  40 11 0 0 38.1
0

0101000
-1040 0 +1044 0 *
Wi

0101100
-1043 0 -1041 0 +1039 0 +1038 0 *
Fa
0  1e-07 12 0

0101000
+1037 0 *
Ed
 1e-07 1 1 0
1  21 0 0 3657.6
2  41 8 0 0 3657.6
2  42 11 0 0 3657.6
0

0101000
-1044 0 +1054 0 *
Ed
 1e-07 1 1 0
1  22 0 0 3657.6
2  43 8 0 0 3657.6
2  44 9 0 0 3657.6
0

0101000
-1045 0 +1055 0 *
Wi

0101100
-1035 0 -1043 0 +1034 0 +1053 0 *
Fa
0  1e-07 8 0

0101000
+1033 0 *
Ed
 1e-07 1 1 0
1  23 0 0 3657.6
2  45 10 0 0 3657.6
2  46 11 0 0 3657.6
0

0101000
-1040 0 +1050 0 *
Ed
 1e-07 1 1 0
1  24 0 0 3657.6
2  47 10 0 0 3657.6
2  48 9 0 0 3657.6
0

0101000
-1042 0 +1052 0 *
Wi

0101100
-1031 0 -1039 0 +1030 0 +1049 0 *
Fa
0  1e-07 10 0

0101000
+1029 0 *
Wi

0101100
-1048 0 -1031 0 +1038 0 +1035 0 *
Fa
0  1e-07 11 0

0101000
+1027 0 *
Wi

0101100
-1051 0 -1030 0 +1041 0 +1034 0 *
Fa
0  1e-07 9 0

0101000
+1025 0 *
Sh

0101100
-1046 0 +1036 0 -1032 0 +1028 0 -1026 0 +1024 0 *
So

0100000
+1023 0 *
Ve
1e-07
0 571.5 88.9
0 0

0101101
*
Ve
1e-07
0 571.5 0
0 0

0101101
*
Ed
 1e-07 1 1 0
1  25 0 0 88.9
2  49 13 0 0 88.9
2  50 14 0 0 88.9
0

0101000
-1021 0 +1020 0 *
Ve
1e-07
0 609.6 88.9
0 0

0101101
*
Ed
 1e-07 1 1 0
1  26 0 0 38.1
2  51 13 0 0 38.1
2  52 15 0 0 38.1
0

0101000
-1018 0 +1021 0 *
Ve
1e-07
0 609.6 0
0 0

0101101
*
Ed
 1e-07 1 1 0
1  27 0 0 88.9
2  53 13 0 0 88.9
2  54 16 0 0 88.9
0

0101000
-1018 0 +1016 0 *
Ed
 1e-07 1 1 0
1  28 0 0 38.1
2  55 13 0 0 38.1
2  56 17 0 0 38.1
0

0101000
-1016 0 +1020 0 *
Wi

0101100
-1019 0 -1017 0 +1015 0 +1014 0 *
Fa
0  1e-07 13 0

0101000
+1013 0 *
Ve
1e-07
3657.6 571.5 88.9
0 0

0101101
*
Ve
1e-07
3657.6 571.5 0
0 0

0101101
*
Ed
 1e-07 1 1 0
1  29 0 0 88.9
2  57 18 0 0 88.9
2  58 14 0 0 88.9
0

0101000
-1011 0 +1010 0 *
Ve
1e-07
3657.6 609.6 88.9
0 0

0101101
*
Ed
 1e-07 1 1 0
1  30 0 0 38.1
2  59 18 0 0 38.1
2  60 15 0 0 38.1
0

0101000
-1008 0 +1011 0 *
Ve
1e-07
3657.6 609.6 0
0 0

0101101
*
Ed
 1e-07 1 1 0
1  31 0 0 88.9
2  61 18 0 0 88.9
2  62 16 0 0 88.9
0

0101000
-1008 0 +1006 0 *
Ed
 1e-07 1 1 0
1  32 0 0 38.1
2  63 18 0 0 38.1
2  64 17 0 0 38.1
0

0101000
-1006 0 +1010 0 *
Wi

0101100
-1009 0 -1007 0 +1005 0 +1004 0 *
Fa
0  1e-07 18 0

0101000
+1003 0 *
Ed
 1e-07 1 1 0
1  33 0 0 3657.6
2  65 14 0 0 3657.6
2  66 17 0 0 3657.6
0

0101000
-1010 0 +1020 0 *
Ed
 1e-07 1 1 0
1  34 0 0 3657.6
2  67 14 0 0 3657.6
2  68 15 0 0 3657.6
0

0101000
-1011 0 +1021 0 *
Wi

0101100
-1001 0 -1009 0 +1000 0 +1019 0 *
Fa
0  1e-07 14 0

0101000
+999 0 *
Ed
 1e-07 1 1 0
1  35 0 0 3657.6
2  69 16 0 0 3657.6
2  70 17 0 0 3657.6
0

0101000
-1006 0 +1016 0 *
Ed
 1e-07 1 1 0
1  36 0 0 3657.6
2  71 16 0 0 3657.6
2  72 15 0 0 3657.6
0

0101000
-1008 0 +1018 0 *
Wi

0101100
-997 0 -1005 0 +996 0 +1015 0 *
Fa
0  1e-07 16 0

0101000
+995 0 *
Wi

0101100
-1014 0 -997 0 +1004 0 +1001 0 *
Fa
0  1e-07 17 0

0101000
+993 0 *
Wi

0101100
-1017 0 -996 0 +1007 0 +1000 0 *
Fa
0  1e-07 15 0

0101000
+991 0 *
Sh

0101100
-1012 0 +1002 0 -998 0 +994 0 -992 0 +990 0 *
So

0100000
+989 0 *
Ve
1e-07
0 38.1 88.9
0 0

0101101
*
Ve
1e-07
0 38.1 0
0 0

0101101
*
Ed
 1e-07 1 1 0
1  37 0 0 88.9
2  73 19 0 0 88.9
2  74 20 0 0 88.9
0

0101000
-987 0 +986 0 *
Ve
1e-07
0 571.5 88.9
0 0

0101101
*
Ed
 1e-07 1 1 0
1  38 0 0 533.4
2  75 19 0 0 533.4
2  76 21 0 0 533.4
0

0101000
-984 0 +987 0 *
Ve
1e-07
0 571.5 0
0 0

0101101
*
Ed
 1e-07 1 1 0
1  39 0 0 88.9
2  77 19 0 0 88.9
2  78 22 0 0 88.9
0

0101000
-984 0 +982 0 *
Ed
 1e-07 1 1 0
1  40 0 0 533.4
2  79 19 0 0 533.4
2  80 23 0 0 533.4
0

0101000
-982 0 +986 0 *
Wi

0101100
-985 0 -983 0 +981 0 +980 0 *
Fa
0  1e-07 19 0

0101000
+979 0 *
Ve
1e-07
38.1 38.1 88.9
0 0

0101101
*
Ve
1e-07
38.1 38.1 0
0 0

0101101
*
Ed
 1e-07 1 1 0
1  41 0 0 88.9
2  81 24 0 0 88.9
2  82 20 0 0 88.9
0

0101000
-977 0 +976 0 *
Ve
1e-07
38.1 571.5 88.9
0 0

0101101
*
Ed
 1e-07 1 1 0
1  42 0 0 533.4
2  83 24 0 0 533.4
2  84 21 0 0 533.4
0

0101000
-974 0 +977 0 *
Ve
1e-07
38.1 571.5 0
0 0

0101101
*
Ed
 1e-07 1 1 0
1  43 0 0 88.9
2  85 24 0 0 88.9
2  86 22 0 0 88.9
0

0101000
-974 0 +972 0 *
Ed
 1e-07 1 1 0
1  44 0 0 533.4
2  87 24 0 0 533.4
2  88 23 0 0 533.4
0

0101000
-972 0 +976 0 *
Wi

0101100
-975 0 -973 0 +971 0 +970 0 *
Fa
0  1e-07 24 0

0101000
+969 0 *
Ed
 1e-07 1 1 0
1  45 0 0 38.1
2  89 20 0 0 38.1
2  90 23 0 0 38.1
0

0101000
-976 0 +986 0 *
Ed
 1e-07 1 1 0
1  46 0 0 38.1
2  91 20 0 0 38.1
2  92 21 0 0 38.1
0

0101000
-977 0 +987 0 *
Wi

0101100
-967 0 -975 0 +966 0 +985 0 *
Fa
0  1e-07 20 0

0101000
+965 0 *
Ed
 1e-07 1 1 0
1  47 0 0 38.1
2  93 22 0 0 38.1
2  94 23 0 0 38.1
0

0101000
-972 0 +982 0 *
Ed
 1e-07 1 1 0
1  48 0 0 38.1
2  95 22 0 0 38.1
2  96 21 0 0 38.1
0

0101000
-974 0 +984 0 *
Wi

0101100
-963 0 -971 0 +962 0 +981 0 *
Fa
0  1e-07 22 0

0101000
+961 0 *
Wi

0101100
-980 0 -963 0 +970 0 +967 0 *
Fa
0  1e-07 23 0

0101000
+959 0 *
Wi

0101100
-983 0 -962 0 +973 0 +966 0 *
Fa
0  1e-07 21 0

0101000
+957 0 *
Sh

0101100
-978 0 +968 0 -964 0 +960 0 -958 0 +956 0 *
So

0100000
+955 0 *
Ve
1e-07
1828.8 38.1 88.9
0 0

0101101
*
Ve
1e-07
1828.8 38.1 0
0 0

0101101
*
Ed
 1e-07 1 1 0
1  49 0 0 88.9
2  97 25 0 0 88.9
2  98 26 0 0 88.9
0

0101000
-953 0 +952 0 *
Ve
1e-07
1828.8 571.5 88.9
0 0

0101101
*
Ed
 1e-07 1 1 0
1  50 0 0 533.4
2  99 25 0 0 533.4
2  100 27 0 0 533.4
0

0101000
-950 0 +953 0 *
Ve
1e-07
1828.8 571.5 0
0 0

0101101
*
Ed
 1e-07 1 1 0
1  51 0 0 88.9
2  101 25 0 0 88.9
2  102 28 0 0 88.9
0

0101000
-950 0 +948 0 *
Ed
 1e-07 1 1 0
1  52 0 0 533.4
2  103 25 0 0 533.4
2  104 29 0 0 533.4
0

0101000
-948 0 +952 0 *
Wi

0101100
-951 0 -949 0 +947 0 +946 0 *
Fa
0  1e-07 25 0

0101000
+945 0 *
Ve
1e-07
1866.9 38.1 88.9
0 0

0101101
*
Ve
1e-07
1866.9 38.1 0
0 0

0101101
*
Ed
 1e-07 1 1 0
1  53 0 0 88.9
2  105 30 0 0 88.9
2  106 26 0 0 88.9
0

0101000
-943 0 +942 0 *
Ve
1e-07
1866.9 571.5 88.9
0 0

0101101
*
Ed
 1e-07 1 1 0
1  54 0 0 533.4
2  107 30 0 0 533.4
2  108 27 0 0 533.4
0

0101000
-940 0 +943 0 *
Ve
1e-07
1866.9 571.5 0
0 0

0101101
*
Ed
 1e-07 1 1 0
1  55 0 0 88.9
2  109 30 0 0 88.9
2  110 28 0 0 88.9
0

0101000
-940 0 +938 0 *
Ed
 1e-07 1 1 0
1  56 0 0 533.4
2  111 30 0 0 533.4
2  112 29 0 0 533.4
0

0101000
-938 0 +942 0 *
Wi

0101100
-941 0 -939 0 +937 0 +936 0 *
Fa
0  1e-07 30 0

0101000
+935 0 *
Ed
 1e-07 1 1 0
1  57 0 0 38.0999999999999
2  113 26 0 0 38.0999999999999
2  114 29 0 0 38.0999999999999
0

0101000
-942 0 +952 0 *
Ed
 1e-07 1 1 0
1  58 0 0 38.0999999999999
2  115 26 0 0 38.0999999999999
2  116 27 0 0 38.0999999999999
0

0101000
-943 0 +953 0 *
Wi

0101100
-933 0 -941 0 +932 0 +951 0 *
Fa
0  1e-07 26 0

0101000
+931 0 *
Ed
 1e-07 1 1 0
1  59 0 0 38.0999999999999
2  117 28 0 0 38.0999999999999
2  118 29 0 0 38.0999999999999
0

0101000
-938 0 +948 0 *
Ed
 1e-07 1 1 0
1  60 0 0 38.0999999999999
2  119 28 0 0 38.0999999999999
2  120 27 0 0 38.0999999999999
0

0101000
-940 0 +950 0 *
Wi

0101100
-929 0 -937 0 +928 0 +947 0 *
Fa
0  1e-07 28 0

0101000
+927 0 *
Wi

0101100
-946 0 -929 0 +936 0 +933 0 *
Fa
0  1e-07 29 0

0101000
+925 0 *
Wi

0101100
-949 0 -928 0 +939 0 +932 0 *
Fa
0  1e-07 27 0

0101000
+923 0 *
Sh

0101100
-944 0 +934 0 -930 0 +926 0 -924 0 +922 0 *
So

0100000
+921 0 *
Ve
1e-07
3619.5 38.1 88.9
0 0

0101101
*
Ve
1e-07
3619.5 38.1 0
0 0

0101101
*
Ed
 1e-07 1 1 0
1  61 0 0 88.9
2  121 31 0 0 88.9
2  122 32 0 0 88.9
0

0101000
-919 0 +918 0 *
Ve
1e-07
3619.5 571.5 88.9
0 0

0101101
*
Ed
 1e-07 1 1 0
1  62 0 0 533.4
2  123 31 0 0 533.4
2  124 33 0 0 533.4
0

0101000
-916 0 +919 0 *
Ve
1e-07
3619.5 571.5 0
0 0

0101101
*
Ed
 1e-07 1 1 0
1  63 0 0 88.9
2  125 31 0 0 88.9
2  126 34 0 0 88.9
0

0101000
-916 0 +914 0 *
Ed
 1e-07 1 1 0
1  64 0 0 533.4
2  127 31 0 0 533.4
2  128 35 0 0 533.4
0

0101000
-914 0 +918 0 *
Wi

0101100
-917 0 -915 0 +913 0 +912 0 *
Fa
0  1e-07 31 0

0101000
+911 0 *
Ve
1e-07
3657.6 38.1 88.9
0 0

0101101
*
Ve
1e-07
3657.6 38.1 0
0 0

0101101
*
Ed
 1e-07 1 1 0
1  65 0 0 88.9
2  129 36 0 0 88.9
2  130 32 0 0 88.9
0

0101000
-909 0 +908 0 *
Ve
1e-07
3657.6 571.5 88.9
0 0

0101101
*
Ed
 1e-07 1 1 0
1  66 0 0 533.4
2  131 36 0 0 533.4
2  132 33 0 0 533.4
0

0101000
-906 0 +909 0 *
Ve
1e-07
3657.6 571.5 0
0 0

0101101
*
Ed
 1e-07 1 1 0
1  67 0 0 88.9
2  133 36 0 0 88.9
2  134 34 0 0 88.9
0

0101000
-906 0 +904 0 *
Ed
 1e-07 1 1 0
1  68 0 0 533.4
2  135 36 0 0 533.4
2  136 35 0 0 533.4
0

0101000
-904 0 +908 0 *
Wi

0101100
-907 0 -905 0 +903 0 +902 0 *
Fa
0  1e-07 36 0

0101000
+901 0 *
Ed
 1e-07 1 1 0
1  69 0 0 38.0999999999999
2  137 32 0 0 38.0999999999999
2  138 35 0 0 38.0999999999999
0

0101000
-908 0 +918 0 *
Ed
 1e-07 1 1 0
1  70 0 0 38.0999999999999
2  139 32 0 0 38.0999999999999
2  140 33 0 0 38.0999999999999
0

0101000
-909 0 +919 0 *
Wi

0101100
-899 0 -907 0 +898 0 +917 0 *
Fa
0  1e-07 32 0

0101000
+897 0 *
Ed
 1e-07 1 1 0
1  71 0 0 38.0999999999999
2  141 34 0 0 38.0999999999999
2  142 35 0 0 38.0999999999999
0

0101000
-904 0 +914 0 *
Ed
 1e-07 1 1 0
1  72 0 0 38.0999999999999
2  143 34 0 0 38.0999999999999
2  144 33 0 0 38.0999999999999
0

0101000
-906 0 +916 0 *
Wi

0101100
-895 0 -903 0 +894 0 +913 0 *
Fa
0  1e-07 34 0

0101000
+893 0 *
Wi

0101100
-912 0 -895 0 +902 0 +899 0 *
Fa
0  1e-07 35 0

0101000
+891 0 *
Wi

0101100
-915 0 -894 0 +905 0 +898 0 *
Fa
0  1e-07 33 0

0101000
+889 0 *
Sh

0101100
-910 0 +900 0 -896 0 +892 0 -890 0 +888 0 *
So

0100000
+887 0 *
Ve
1e-07
0 0 101.6
0 0

0101101
*
Ve
1e-07
0 0 88.9
0 0

0101101
*
Ed
 1e-07 1 1 0
1  73 0 0 12.7
2  145 37 0 0 12.7
2  146 38 0 0 12.7
0

0101000
-885 0 +884 0 *
Ve
1e-07
0 609.6 101.6
0 0

0101101
*
Ed
 1e-07 1 1 0
1  74 0 0 609.6
2  147 37 0 0 609.6
2  148 39 0 0 609.6
0

0101000
-882 0 +885 0 *
Ve
1e-07
0 609.6 88.9
0 0

0101101
*
Ed
 1e-07 1 1 0
1  75 0 0 12.7
2  149 37 0 0 12.7
2  150 40 0 0 12.7
0

0101000
-882 0 +880 0 *
Ed
 1e-07 1 1 0
1  76 0 0 609.6
2  151 37 0 0 609.6
2  152 41 0 0 609.6
0

0101000
-880 0 +884 0 *
Wi

0101100
-883 0 -881 0 +879 0 +878 0 *
Fa
0  1e-07 37 0

0101000
+877 0 *
Ve
1e-07
2438.4 0 101.6
0 0

0101101
*
Ve
1e-07
2438.4 0 88.9
0 0

0101101
*
Ed
 1e-07 1 1 0
1  77 0 0 12.7
2  153 42 0 0 12.7
2  154 38 0 0 12.7
0

0101000
-875 0 +874 0 *
Ve
1e-07
2438.4 609.6 101.6
0 0

0101101
*
Ed
 1e-07 1 1 0
1  78 0 0 609.6
2  155 42 0 0 609.6
2  156 39 0 0 609.6
0

0101000
-872 0 +875 0 *
Ve
1e-07
2438.4 609.6 88.9
0 0

0101101
*
Ed
 1e-07 1 1 0
1  79 0 0 12.7
2  157 42 0 0 12.7
2  158 40 0 0 12.7
0

0101000
-872 0 +870 0 *
Ed
 1e-07 1 1 0
1  80 0 0 609.6
2  159 42 0 0 609.6
2  160 41 0 0 609.6
0

0101000
-870 0 +874 0 *
Wi

0101100
-873 0 -871 0 +869 0 +868 0 *
Fa
0  1e-07 42 0

0101000
+867 0 *
Ed
 1e-07 1 1 0
1  81 0 0 2438.4
2  161 38 0 0 2438.4
2  162 41 0 0 2438.4
0

0101000
-874 0 +884 0 *
Ed
 1e-07 1 1 0
1  82 0 0 2438.4
2  163 38 0 0 2438.4
2  164 39 0 0 2438.4
0

0101000
-875 0 +885 0 *
Wi

0101100
-865 0 -873 0 +864 0 +883 0 *
Fa
0  1e-07 38 0

0101000
+863 0 *
Ed
 1e-07 1 1 0
1  83 0 0 2438.4
2  165 40 0 0 2438.4
2  166 41 0 0 2438.4
0

0101000
-870 0 +880 0 *
Ed
 1e-07 1 1 0
1  84 0 0 2438.4
2  167 40 0 0 2438.4
2  168 39 0 0 2438.4
0

0101000
-872 0 +882 0 *
Wi

0101100
-861 0 -869 0 +860 0 +879 0 *
Fa
0  1e-07 40 0

0101000
+859 0 *
Wi

0101100
-878 0 -861 0 +868 0 +865 0 *
Fa
0  1e-07 41 0

0101000
+857 0 *
Wi

0101100
-881 0 -860 0 +871 0 +864 0 *
Fa
0  1e-07 39 0

0101000
+855 0 *
Sh

0101100
-876 0 +866 0 -862 0 +858 0 -856 0 +854 0 *
So

0100000
+853 0 *
Ve
1e-07
2438.4 0 101.6
0 0

0101101
*
Ve
1e-07
2438.4 0 88.9
0 0

0101101
*
Ed
 1e-07 1 1 0
1  85 0 0 12.7
2  169 43 0 0 12.7
2  170 44 0 0 12.7
0

0101000
-851 0 +850 0 *
Ve
1e-07
2438.4 609.6 101.6
0 0

0101101
*
Ed
 1e-07 1 1 0
1  86 0 0 609.6
2  171 43 0 0 609.6
2  172 45 0 0 609.6
0

0101000
-848 0 +851 0 *
Ve
1e-07
2438.4 609.6 88.9
0 0

0101101
*
Ed
 1e-07 1 1 0
1  87 0 0 12.7
2  173 43 0 0 12.7
2  174 46 0 0 12.7
0

0101000
-848 0 +846 0 *
Ed
 1e-07 1 1 0
1  88 0 0 609.6
2  175 43 0 0 609.6
2  176 47 0 0 609.6
0

0101000
-846 0 +850 0 *
Wi

0101100
-849 0 -847 0 +845 0 +844 0 *
Fa
0  1e-07 43 0

0101000
+843 0 *
Ve
1e-07
3657.6 0 101.6
0 0

0101101
*
Ve
1e-07
3657.6 0 88.9
0 0

0101101
*
Ed
 1e-07 1 1 0
1  89 0 0 12.7
2  177 48 0 0 12.7
2  178 44 0 0 12.7
0

0101000
-841 0 +840 0 *
Ve
1e-07
3657.6 609.6 101.6
0 0

0101101
*
Ed
 1e-07 1 1 0
1  90 0 0 609.6
2  179 48 0 0 609.6
2  180 45 0 0 609.6
0

0101000
-838 0 +841 0 *
Ve
1e-07
3657.6 609.6 88.9
0 0

0101101
*
Ed
 1e-07 1 1 0
1  91 0 0 12.7
2  181 48 0 0 12.7
2  182 46 0 0 12.7
0

0101000
-838 0 +836 0 *
Ed
 1e-07 1 1 0
1  92 0 0 609.6
2  183 48 0 0 609.6
2  184 47 0 0 609.6
0

0101000
-836 0 +840 0 *
Wi

0101100
-839 0 -837 0 +835 0 +834 0 *
Fa
0  1e-07 48 0

0101000
+833 0 *
Ed
 1e-07 1 1 0
1  93 0 0 1219.2
2  185 44 0 0 1219.2
2  186 47 0 0 1219.2
0

0101000
-840 0 +850 0 *
Ed
 1e-07 1 1 0
1  94 0 0 1219.2
2  187 44 0 0 1219.2
2  188 45 0 0 1219.2
0

0101000
-841 0 +851 0 *
Wi

0101100
-831 0 -839 0 +830 0 +849 0 *
Fa
0  1e-07 44 0

0101000
+829 0 *
Ed
 1e-07 1 1 0
1  95 0 0 1219.2
2  189 46 0 0 1219.2
2  190 47 0 0 1219.2
0

0101000
-836 0 +846 0 *
Ed
 1e-07 1 1 0
1  96 0 0 1219.2
2  191 46 0 0 1219.2
2  192 45 0 0 1219.2
0

0101000
-838 0 +848 0 *
Wi

0101100
-827 0 -835 0 +826 0 +845 0 *
Fa
0  1e-07 46 0

0101000
+825 0 *
Wi

0101100
-844 0 -827 0 +834 0 +831 0 *
Fa
0  1e-07 47 0

0101000
+823 0 *
Wi

0101100
-847 0 -826 0 +837 0 +830 0 *
Fa
0  1e-07 45 0

0101000
+821 0 *
Sh

0101100
-842 0 +832 0 -828 0 +824 0 -822 0 +820 0 *
So

0100000
+819 0 *
Ve
1e-07
0 0 571.5
0 0

0101101
*
Ve
1e-07
0 0 482.6
0 0

0101101
*
Ed
 1e-07 1 1 0
1  97 0 0 88.9
2  193 49 0 0 88.9
2  194 50 0 0 88.9
0

0101000
-817 0 +816 0 *
Ve
1e-07
0 38.1 571.5
0 0

0101101
*
Ed
 1e-07 1 1 0
1  98 0 0 38.1
2  195 49 0 0 38.1
2  196 51 0 0 38.1
0

0101000
-814 0 +817 0 *
Ve
1e-07
0 38.1 482.6
0 0

0101101
*
Ed
 1e-07 1 1 0
1  99 0 0 88.9
2  197 49 0 0 88.9
2  198 52 0 0 88.9
0

0101000
-814 0 +812 0 *
Ed
 1e-07 1 1 0
1  100 0 0 38.1
2  199 49 0 0 38.1
2  200 53 0 0 38.1
0

0101000
-812 0 +816 0 *
Wi

0101100
-815 0 -813 0 +811 0 +810 0 *
Fa
0  1e-07 49 0

0101000
+809 0 *
Ve
1e-07
3657.6 0 571.5
0 0

0101101
*
Ve
1e-07
3657.6 0 482.6
0 0

0101101
*
Ed
 1e-07 1 1 0
1  101 0 0 88.9
2  201 54 0 0 88.9
2  202 50 0 0 88.9
0

0101000
-807 0 +806 0 *
Ve
1e-07
3657.6 38.1 571.5
0 0

0101101
*
Ed
 1e-07 1 1 0
1  102 0 0 38.1
2  203 54 0 0 38.1
2  204 51 0 0 38.1
0

0101000
-804 0 +807 0 *
Ve
1e-07
3657.6 38.1 482.6
0 0

0101101
*
Ed
 1e-07 1 1 0
1  103 0 0 88.9
2  205 54 0 0 88.9
2  206 52 0 0 88.9
0

0101000
-804 0 +802 0 *
Ed
 1e-07 1 1 0
1  104 0 0 38.1
2  207 54 0 0 38.1
2  208 53 0 0 38.1
0

0101000
-802 0 +806 0 *
Wi

0101100
-805 0 -803 0 +801 0 +800 0 *
Fa
0  1e-07 54 0

0101000
+799 0 *
Ed
 1e-07 1 1 0
1  105 0 0 3657.6
2  209 50 0 0 3657.6
2  210 53 0 0 3657.6
0

0101000
-806 0 +816 0 *
Ed
 1e-07 1 1 0
1  106 0 0 3657.6
2  211 50 0 0 3657.6
2  212 51 0 0 3657.6
0

0101000
-807 0 +817 0 *
Wi

0101100
-797 0 -805 0 +796 0 +815 0 *
Fa
0  1e-07 50 0

0101000
+795 0 *
Ed
 1e-07 1 1 0
1  107 0 0 3657.6
2  213 52 0 0 3657.6
2  214 53 0 0 3657.6
0

0101000
-802 0 +812 0 *
Ed
 1e-07 1 1 0
1  108 0 0 3657.6
2  215 52 0 0 3657.6
2  216 51 0 0 3657.6
0

0101000
-804 0 +814 0 *
Wi

0101100
-793 0 -801 0 +792 0 +811 0 *
Fa
0  1e-07 52 0

0101000
+791 0 *
Wi

0101100
-810 0 -793 0 +800 0 +797 0 *
Fa
0  1e-07 53 0

0101000
+789 0 *
Wi

0101100
-813 0 -792 0 +803 0 +796 0 *
Fa
0  1e-07 51 0

0101000
+787 0 *
Sh

0101100
-808 0 +798 0 -794 0 +790 0 -788 0 +786 0 *
So

0100000
+785 0 *
Ve
1e-07
0 571.5 571.5
0 0

0101101
*
Ve
1e-07
0 571.5 482.6
0 0

0101101
*
Ed
 1e-07 1 1 0
1  109 0 0 88.9
2  217 55 0 0 88.9
2  218 56 0 0 88.9
0

0101000
-783 0 +782 0 *
Ve
1e-07
0 609.6 571.5
0 0

0101101
*
Ed
 1e-07 1 1 0
1  110 0 0 38.1
2  219 55 0 0 38.1
2  220 57 0 0 38.1
0

0101000
-780 0 +783 0 *
Ve
1e-07
0 609.6 482.6
0 0

0101101
*
Ed
 1e-07 1 1 0
1  111 0 0 88.9
2  221 55 0 0 88.9
2  222 58 0 0 88.9
0

0101000
-780 0 +778 0 *
Ed
 1e-07 1 1 0
1  112 0 0 38.1
2  223 55 0 0 38.1
2  224 59 0 0 38.1
0

0101000
-778 0 +782 0 *
Wi

0101100
-781 0 -779 0 +777 0 +776 0 *
Fa
0  1e-07 55 0

0101000
+775 0 *
Ve
1e-07
3657.6 571.5 571.5
0 0

0101101
*
Ve
1e-07
3657.6 571.5 482.6
0 0

0101101
*
Ed
 1e-07 1 1 0
1  113 0 0 88.9
2  225 60 0 0 88.9
2  226 56 0 0 88.9
0

0101000
-773 0 +772 0 *
Ve
1e-07
3657.6 609.6 571.5
0 0

0101101
*
Ed
 1e-07 1 1 0
1  114 0 0 38.1
2  227 60 0 0 38.1
2  228 57 0 0 38.1
0

0101000
-770 0 +773 0 *
Ve
1e-07
3657.6 609.6 482.6
0 0

0101101
*
Ed
 1e-07 1 1 0
1  115 0 0 88.9
2  229 60 0 0 88.9
2  230 58 0 0 88.9
0

0101000
-770 0 +768 0 *
Ed
 1e-07 1 1 0
1  116 0 0 38.1
2  231 60 0 0 38.1
2  232 59 0 0 38.1
0

0101000
-768 0 +772 0 *
Wi

0101100
-771 0 -769 0 +767 0 +766 0 *
Fa
0  1e-07 60 0

0101000
+765 0 *
Ed
 1e-07 1 1 0
1  117 0 0 3657.6
2  233 56 0 0 3657.6
2  234 59 0 0 3657.6
0

0101000
-772 0 +782 0 *
Ed
 1e-07 1 1 0
1  118 0 0 3657.6
2  235 56 0 0 3657.6
2  236 57 0 0 3657.6
0

0101000
-773 0 +783 0 *
Wi

0101100
-763 0 -771 0 +762 0 +781 0 *
Fa
0  1e-07 56 0

0101000
+761 0 *
Ed
 1e-07 1 1 0
1  119 0 0 3657.6
2  237 58 0 0 3657.6
2  238 59 0 0 3657.6
0

0101000
-768 0 +778 0 *
Ed
 1e-07 1 1 0
1  120 0 0 3657.6
2  239 58 0 0 3657.6
2  240 57 0 0 3657.6
0

0101000
-770 0 +780 0 *
Wi

0101100
-759 0 -767 0 +758 0 +777 0 *
Fa
0  1e-07 58 0

0101000
+757 0 *
Wi

0101100
-776 0 -759 0 +766 0 +763 0 *
Fa
0  1e-07 59 0

0101000
+755 0 *
Wi

0101100
-779 0 -758 0 +769 0 +762 0 *
Fa
0  1e-07 57 0

0101000
+753 0 *
Sh

0101100
-774 0 +764 0 -760 0 +756 0 -754 0 +752 0 *
So

0100000
+751 0 *
Ve
1e-07
0 38.1 571.5
0 0

0101101
*
Ve
1e-07
0 38.1 482.6
0 0

0101101
*
Ed
 1e-07 1 1 0
1  121 0 0 88.9
2  241 61 0 0 88.9
2  242 62 0 0 88.9
0

0101000
-749 0 +748 0 *
Ve
1e-07
0 571.5 571.5
0 0

0101101
*
Ed
 1e-07 1 1 0
1  122 0 0 533.4
2  243 61 0 0 533.4
2  244 63 0 0 533.4
0

0101000
-746 0 +749 0 *
Ve
1e-07
0 571.5 482.6
0 0

0101101
*
Ed
 1e-07 1 1 0
1  123 0 0 88.9
2  245 61 0 0 88.9
2  246 64 0 0 88.9
0

0101000
-746 0 +744 0 *
Ed
 1e-07 1 1 0
1  124 0 0 533.4
2  247 61 0 0 533.4
2  248 65 0 0 533.4
0

0101000
-744 0 +748 0 *
Wi

0101100
-747 0 -745 0 +743 0 +742 0 *
Fa
0  1e-07 61 0

0101000
+741 0 *
Ve
1e-07
38.1 38.1 571.5
0 0

0101101
*
Ve
1e-07
38.1 38.1 482.6
0 0

0101101
*
Ed
 1e-07 1 1 0
1  125 0 0 88.9
2  249 66 0 0 88.9
2  250 62 0 0 88.9
0

0101000
-739 0 +738 0 *
Ve
1e-07
38.1 571.5 571.5
0 0

0101101
*
Ed
 1e-07 1 1 0
1  126 0 0 533.4
2  251 66 0 0 533.4
2  252 63 0 0 533.4
0

0101000
-736 0 +739 0 *
Ve
1e-07
38.1 571.5 482.6
0 0

0101101
*
Ed
 1e-07 1 1 0
1  127 0 0 88.9
2  253 66 0 0 88.9
2  254 64 0 0 88.9
0

0101000
-736 0 +734 0 *
Ed
 1e-07 1 1 0
1  128 0 0 533.4
2  255 66 0 0 533.4
2  256 65 0 0 533.4
0

0101000
-734 0 +738 0 *
Wi

0101100
-737 0 -735 0 +733 0 +732 0 *
Fa
0  1e-07 66 0

0101000
+731 0 *
Ed
 1e-07 1 1 0
1  129 0 0 38.1
2  257 62 0 0 38.1
2  258 65 0 0 38.1
0

0101000
-738 0 +748 0 *
Ed
 1e-07 1 1 0
1  130 0 0 38.1
2  259 62 0 0 38.1
2  260 63 0 0 38.1
0

0101000
-739 0 +749 0 *
Wi

0101100
-729 0 -737 0 +728 0 +747 0 *
Fa
0  1e-07 62 0

0101000
+727 0 *
Ed
 1e-07 1 1 0
1  131 0 0 38.1
2  261 64 0 0 38.1
2  262 65 0 0 38.1
0

0101000
-734 0 +744 0 *
Ed
 1e-07 1 1 0
1  132 0 0 38.1
2  263 64 0 0 38.1
2  264 63 0 0 38.1
0

0101000
-736 0 +746 0 *
Wi

0101100
-725 0 -733 0 +724 0 +743 0 *
Fa
0  1e-07 64 0

0101000
+723 0 *
Wi

0101100
-742 0 -725 0 +732 0 +729 0 *
Fa
0  1e-07 65 0

0101000
+721 0 *
Wi

0101100
-745 0 -724 0 +735 0 +728 0 *
Fa
0  1e-07 63 0

0101000
+719 0 *
Sh

0101100
-740 0 +730 0 -726 0 +722 0 -720 0 +718 0 *
So

0100000
+717 0 *
Ve
1e-07
1828.8 38.1 571.5
0 0

0101101
*
Ve
1e-07
1828.8 38.1 482.6
0 0

0101101
*
Ed
 1e-07 1 1 0
1  133 0 0 88.9
2  265 67 0 0 88.9
2  266 68 0 0 88.9
0

0101000
-715 0 +714 0 *
Ve
1e-07
1828.8 571.5 571.5
0 0

0101101
*
Ed
 1e-07 1 1 0
1  134 0 0 533.4
2  267 67 0 0 533.4
2  268 69 0 0 533.4
0

0101000
-712 0 +715 0 *
Ve
1e-07
1828.8 571.5 482.6
0 0

0101101
*
Ed
 1e-07 1 1 0
1  135 0 0 88.9
2  269 67 0 0 88.9
2  270 70 0 0 88.9
0

0101000
-712 0 +710 0 *
Ed
 1e-07 1 1 0
1  136 0 0 533.4
2  271 67 0 0 533.4
2  272 71 0 0 533.4
0

0101000
-710 0 +714 0 *
Wi

0101100
-713 0 -711 0 +709 0 +708 0 *
Fa
0  1e-07 67 0

0101000
+707 0 *
Ve
1e-07
1866.9 38.1 571.5
0 0

0101101
*
Ve
1e-07
1866.9 38.1 482.6
0 0

0101101
*
Ed
 1e-07 1 1 0
1  137 0 0 88.9
2  273 72 0 0 88.9
2  274 68 0 0 88.9
0

0101000
-705 0 +704 0 *
Ve
1e-07
1866.9 571.5 571.5
0 0

0101101
*
Ed
 1e-07 1 1 0
1  138 0 0 533.4
2  275 72 0 0 533.4
2  276 69 0 0 533.4
0

0101000
-702 0 +705 0 *
Ve
1e-07
1866.9 571.5 482.6
0 0

0101101
*
Ed
 1e-07 1 1 0
1  139 0 0 88.9
2  277 72 0 0 88.9
2  278 70 0 0 88.9
0

0101000
-702 0 +700 0 *
Ed
 1e-07 1 1 0
1  140 0 0 533.4
2  279 72 0 0 533.4
2  280 71 0 0 533.4
0

0101000
-700 0 +704 0 *
Wi

0101100
-703 0 -701 0 +699 0 +698 0 *
Fa
0  1e-07 72 0

0101000
+697 0 *
Ed
 1e-07 1 1 0
1  141 0 0 38.0999999999999
2  281 68 0 0 38.0999999999999
2  282 71 0 0 38.0999999999999
0

0101000
-704 0 +714 0 *
Ed
 1e-07 1 1 0
1  142 0 0 38.0999999999999
2  283 68 0 0 38.0999999999999
2  284 69 0 0 38.0999999999999
0

0101000
-705 0 +715 0 *
Wi

0101100
-695 0 -703 0 +694 0 +713 0 *
Fa
0  1e-07 68 0

0101000
+693 0 *
Ed
 1e-07 1 1 0
1  143 0 0 38.0999999999999
2  285 70 0 0 38.0999999999999
2  286 71 0 0 38.0999999999999
0

0101000
-700 0 +710 0 *
Ed
 1e-07 1 1 0
1  144 0 0 38.0999999999999
2  287 70 0 0 38.0999999999999
2  288 69 0 0 38.0999999999999
0

0101000
-702 0 +712 0 *
Wi

0101100
-691 0 -699 0 +690 0 +709 0 *
Fa
0  1e-07 70 0

0101000
+689 0 *
Wi

0101100
-708 0 -691 0 +698 0 +695 0 *
Fa
0  1e-07 71 0

0101000
+687 0 *
Wi

0101100
-711 0 -690 0 +701 0 +694 0 *
Fa
0  1e-07 69 0

0101000
+685 0 *
Sh

0101100
-706 0 +696 0 -692 0 +688 0 -686 0 +684 0 *
So

0100000
+683 0 *
Ve
1e-07
3619.5 38.1 571.5
0 0

0101101
*
Ve
1e-07
3619.5 38.1 482.6
0 0

0101101
*
Ed
 1e-07 1 1 0
1  145 0 0 88.9
2  289 73 0 0 88.9
2  290 74 0 0 88.9
0

0101000
-681 0 +680 0 *
Ve
1e-07
3619.5 571.5 571.5
0 0

0101101
*
Ed
 1e-07 1 1 0
1  146 0 0 533.4
2  291 73 0 0 533.4
2  292 75 0 0 533.4
0

0101000
-678 0 +681 0 *
Ve
1e-07
3619.5 571.5 482.6
0 0

0101101
*
Ed
 1e-07 1 1 0
1  147 0 0 88.9
2  293 73 0 0 88.9
2  294 76 0 0 88.9
0

0101000
-678 0 +676 0 *
Ed
 1e-07 1 1 0
1  148 0 0 533.4
2  295 73 0 0 533.4
2  296 77 0 0 533.4
0

0101000
-676 0 +680 0 *
Wi

0101100
-679 0 -677 0 +675 0 +674 0 *
Fa
0  1e-07 73 0

0101000
+673 0 *
Ve
1e-07
3657.6 38.1 571.5
0 0

0101101
*
Ve
1e-07
3657.6 38.1 482.6
0 0

0101101
*
Ed
 1e-07 1 1 0
1  149 0 0 88.9
2  297 78 0 0 88.9
2  298 74 0 0 88.9
0

0101000
-671 0 +670 0 *
Ve
1e-07
3657.6 571.5 571.5
0 0

0101101
*
Ed
 1e-07 1 1 0
1  150 0 0 533.4
2  299 78 0 0 533.4
2  300 75 0 0 533.4
0

0101000
-668 0 +671 0 *
Ve
1e-07
3657.6 571.5 482.6
0 0

0101101
*
Ed
 1e-07 1 1 0
1  151 0 0 88.9
2  301 78 0 0 88.9
2  302 76 0 0 88.9
0

0101000
-668 0 +666 0 *
Ed
 1e-07 1 1 0
1  152 0 0 533.4
2  303 78 0 0 533.4
2  304 77 0 0 533.4
0

0101000
-666 0 +670 0 *
Wi

0101100
-669 0 -667 0 +665 0 +664 0 *
Fa
0  1e-07 78 0

0101000
+663 0 *
Ed
 1e-07 1 1 0
1  153 0 0 38.0999999999999
2  305 74 0 0 38.0999999999999
2  306 77 0 0 38.0999999999999
0

0101000
-670 0 +680 0 *
Ed
 1e-07 1 1 0
1  154 0 0 38.0999999999999
2  307 74 0 0 38.0999999999999
2  308 75 0 0 38.0999999999999
0

0101000
-671 0 +681 0 *
Wi

0101100
-661 0 -669 0 +660 0 +679 0 *
Fa
0  1e-07 74 0

0101000
+659 0 *
Ed
 1e-07 1 1 0
1  155 0 0 38.0999999999999
2  309 76 0 0 38.0999999999999
2  310 77 0 0 38.0999999999999
0

0101000
-666 0 +676 0 *
Ed
 1e-07 1 1 0
1  156 0 0 38.0999999999999
2  311 76 0 0 38.0999999999999
2  312 75 0 0 38.0999999999999
0

0101000
-668 0 +678 0 *
Wi

0101100
-657 0 -665 0 +656 0 +675 0 *
Fa
0  1e-07 76 0

0101000
+655 0 *
Wi

0101100
-674 0 -657 0 +664 0 +661 0 *
Fa
0  1e-07 77 0

0101000
+653 0 *
Wi

0101100
-677 0 -656 0 +667 0 +660 0 *
Fa
0  1e-07 75 0

0101000
+651 0 *
Sh

0101100
-672 0 +662 0 -658 0 +654 0 -652 0 +650 0 *
So

0100000
+649 0 *
Ve
1e-07
0 0 584.2
0 0

0101101
*
Ve
1e-07
0 0 571.5
0 0

0101101
*
Ed
 1e-07 1 1 0
1  157 0 0 12.7
2  313 79 0 0 12.7
2  314 80 0 0 12.7
0

0101000
-647 0 +646 0 *
Ve
1e-07
0 609.6 584.2
0 0

0101101
*
Ed
 1e-07 1 1 0
1  158 0 0 609.6
2  315 79 0 0 609.6
2  316 81 0 0 609.6
0

0101000
-644 0 +647 0 *
Ve
1e-07
0 609.6 571.5
0 0

0101101
*
Ed
 1e-07 1 1 0
1  159 0 0 12.7
2  317 79 0 0 12.7
2  318 82 0 0 12.7
0

0101000
-644 0 +642 0 *
Ed
 1e-07 1 1 0
1  160 0 0 609.6
2  319 79 0 0 609.6
2  320 83 0 0 609.6
0

0101000
-642 0 +646 0 *
Wi

0101100
-645 0 -643 0 +641 0 +640 0 *
Fa
0  1e-07 79 0

0101000
+639 0 *
Ve
1e-07
2438.4 0 584.2
0 0

0101101
*
Ve
1e-07
2438.4 0 571.5
0 0

0101101
*
Ed
 1e-07 1 1 0
1  161 0 0 12.7
2  321 84 0 0 12.7
2  322 80 0 0 12.7
0

0101000
-637 0 +636 0 *
Ve
1e-07
2438.4 609.6 584.2
0 0

0101101
*
Ed
 1e-07 1 1 0
1  162 0 0 609.6
2  323 84 0 0 609.6
2  324 81 0 0 609.6
0

0101000
-634 0 +637 0 *
Ve
1e-07
2438.4 609.6 571.5
0 0

0101101
*
Ed
 1e-07 1 1 0
1  163 0 0 12.7
2  325 84 0 0 12.7
2  326 82 0 0 12.7
0

0101000
-634 0 +632 0 *
Ed
 1e-07 1 1 0
1  164 0 0 609.6
2  327 84 0 0 609.6
2  328 83 0 0 609.6
0

0101000
-632 0 +636 0 *
Wi

0101100
-635 0 -633 0 +631 0 +630 0 *
Fa
0  1e-07 84 0

0101000
+629 0 *
Ed
 1e-07 1 1 0
1  165 0 0 2438.4
2  329 80 0 0 2438.4
2  330 83 0 0 2438.4
0

0101000
-636 0 +646 0 *
Ed
 1e-07 1 1 0
1  166 0 0 2438.4
2  331 80 0 0 2438.4
2  332 81 0 0 2438.4
0

0101000
-637 0 +647 0 *
Wi

0101100
-627 0 -635 0 +626 0 +645 0 *
Fa
0  1e-07 80 0

0101000
+625 0 *
Ed
 1e-07 1 1 0
1  167 0 0 2438.4
2  333 82 0 0 2438.4
2  334 83 0 0 2438.4
0

0101000
-632 0 +642 0 *
Ed
 1e-07 1 1 0
1  168 0 0 2438.4
2  335 82 0 0 2438.4
2  336 81 0 0 2438.4
0

0101000
-634 0 +644 0 *
Wi

0101100
-623 0 -631 0 +622 0 +641 0 *
Fa
0  1e-07 82 0

0101000
+621 0 *
Wi

0101100
-640 0 -623 0 +630 0 +627 0 *
Fa
0  1e-07 83 0

0101000
+619 0 *
Wi

0101100
-643 0 -622 0 +633 0 +626 0 *
Fa
0  1e-07 81 0

0101000
+617 0 *
Sh

0101100
-638 0 +628 0 -624 0 +620 0 -618 0 +616 0 *
So

0100000
+615 0 *
Ve
1e-07
2438.4 0 584.2
0 0

0101101
*
Ve
1e-07
2438.4 0 571.5
0 0

0101101
*
Ed
 1e-07 1 1 0
1  169 0 0 12.7
2  337 85 0 0 12.7
2  338 86 0 0 12.7
0

0101000
-613 0 +612 0 *
Ve
1e-07
2438.4 609.6 584.2
0 0

0101101
*
Ed
 1e-07 1 1 0
1  170 0 0 609.6
2  339 85 0 0 609.6
2  340 87 0 0 609.6
0

0101000
-610 0 +613 0 *
Ve
1e-07
2438.4 609.6 571.5
0 0

0101101
*
Ed
 1e-07 1 1 0
1  171 0 0 12.7
2  341 85 0 0 12.7
2  342 88 0 0 12.7
0

0101000
-610 0 +608 0 *
Ed
 1e-07 1 1 0
1  172 0 0 609.6
2  343 85 0 0 609.6
2  344 89 0 0 609.6
0

0101000
-608 0 +612 0 *
Wi

0101100
-611 0 -609 0 +607 0 +606 0 *
Fa
0  1e-07 85 0

0101000
+605 0 *
Ve
1e-07
3657.6 0 584.2
0 0

0101101
*
Ve
1e-07
3657.6 0 571.5
0 0

0101101
*
Ed
 1e-07 1 1 0
1  173 0 0 12.7
2  345 90 0 0 12.7
2  346 86 0 0 12.7
0

0101000
-603 0 +602 0 *
Ve
1e-07
3657.6 609.6 584.2
0 0

0101101
*
Ed
 1e-07 1 1 0
1  174 0 0 609.6
2  347 90 0 0 609.6
2  348 87 0 0 609.6
0

0101000
-600 0 +603 0 *
Ve
1e-07
3657.6 609.6 571.5
0 0

0101101
*
Ed
 1e-07 1 1 0
1  175 0 0 12.7
2  349 90 0 0 12.7
2  350 88 0 0 12.7
0

0101000
-600 0 +598 0 *
Ed
 1e-07 1 1 0
1  176 0 0 609.6
2  351 90 0 0 609.6
2  352 89 0 0 609.6
0

0101000
-598 0 +602 0 *
Wi

0101100
-601 0 -599 0 +597 0 +596 0 *
Fa
0  1e-07 90 0

0101000
+595 0 *
Ed
 1e-07 1 1 0
1  177 0 0 1219.2
2  353 86 0 0 1219.2
2  354 89 0 0 1219.2
0

0101000
-602 0 +612 0 *
Ed
 1e-07 1 1 0
1  178 0 0 1219.2
2  355 86 0 0 1219.2
2  356 87 0 0 1219.2
0

0101000
-603 0 +613 0 *
Wi

0101100
-593 0 -601 0 +592 0 +611 0 *
Fa
0  1e-07 86 0

0101000
+591 0 *
Ed
 1e-07 1 1 0
1  179 0 0 1219.2
2  357 88 0 0 1219.2
2  358 89 0 0 1219.2
0

0101000
-598 0 +608 0 *
Ed
 1e-07 1 1 0
1  180 0 0 1219.2
2  359 88 0 0 1219.2
2  360 87 0 0 1219.2
0

0101000
-600 0 +610 0 *
Wi

0101100
-589 0 -597 0 +588 0 +607 0 *
Fa
0  1e-07 88 0

0101000
+587 0 *
Wi

0101100
-606 0 -589 0 +596 0 +593 0 *
Fa
0  1e-07 89 0

0101000
+585 0 *
Wi

0101100
-609 0 -588 0 +599 0 +592 0 *
Fa
0  1e-07 87 0

0101000
+583 0 *
Sh

0101100
-604 0 +594 0 -590 0 +586 0 -584 0 +582 0 *
So

0100000
+581 0 *
Ve
1e-07
0 0 1054.1
0 0

0101101
*
Ve
1e-07
0 0 965.2
0 0

0101101
*
Ed
 1e-07 1 1 0
1  181 0 0 88.9
2  361 91 0 0 88.9
2  362 92 0 0 88.9
0

0101000
-579 0 +578 0 *
Ve
1e-07
0 38.1 1054.1
0 0

0101101
*
Ed
 1e-07 1 1 0
1  182 0 0 38.1
2  363 91 0 0 38.1
2  364 93 0 0 38.1
0

0101000
-576 0 +579 0 *
Ve
1e-07
0 38.1 965.2
0 0

0101101
*
Ed
 1e-07 1 1 0
1  183 0 0 88.9
2  365 91 0 0 88.9
2  366 94 0 0 88.9
0

0101000
-576 0 +574 0 *
Ed
 1e-07 1 1 0
1  184 0 0 38.1
2  367 91 0 0 38.1
2  368 95 0 0 38.1
0

0101000
-574 0 +578 0 *
Wi

0101100
-577 0 -575 0 +573 0 +572 0 *
Fa
0  1e-07 91 0

0101000
+571 0 *
Ve
1e-07
3657.6 0 1054.1
0 0

0101101
*
Ve
1e-07
3657.6 0 965.2
0 0

0101101
*
Ed
 1e-07 1 1 0
1  185 0 0 88.9
2  369 96 0 0 88.9
2  370 92 0 0 88.9
0

0101000
-569 0 +568 0 *
Ve
1e-07
3657.6 38.1 1054.1
0 0

0101101
*
Ed
 1e-07 1 1 0
1  186 0 0 38.1
2  371 96 0 0 38.1
2  372 93 0 0 38.1
0

0101000
-566 0 +569 0 *
Ve
1e-07
3657.6 38.1 965.2
0 0

0101101
*
Ed
 1e-07 1 1 0
1  187 0 0 88.9
2  373 96 0 0 88.9
2  374 94 0 0 88.9
0

0101000
-566 0 +564 0 *
Ed
 1e-07 1 1 0
1  188 0 0 38.1
2  375 96 0 0 38.1
2  376 95 0 0 38.1
0

0101000
-564 0 +568 0 *
Wi

0101100
-567 0 -565 0 +563 0 +562 0 *
Fa
0  1e-07 96 0

0101000
+561 0 *
Ed
 1e-07 1 1 0
1  189 0 0 3657.6
2  377 92 0 0 3657.6
2  378 95 0 0 3657.6
0

0101000
-568 0 +578 0 *
Ed
 1e-07 1 1 0
1  190 0 0 3657.6
2  379 92 0 0 3657.6
2  380 93 0 0 3657.6
0

0101000
-569 0 +579 0 *
Wi

0101100
-559 0 -567 0 +558 0 +577 0 *
Fa
0  1e-07 92 0

0101000
+557 0 *
Ed
 1e-07 1 1 0
1  191 0 0 3657.6
2  381 94 0 0 3657.6
2  382 95 0 0 3657.6
0

0101000
-564 0 +574 0 *
Ed
 1e-07 1 1 0
1  192 0 0 3657.6
2  383 94 0 0 3657.6
2  384 93 0 0 3657.6
0

0101000
-566 0 +576 0 *
Wi

0101100
-555 0 -563 0 +554 0 +573 0 *
Fa
0  1e-07 94 0

0101000
+553 0 *
Wi

0101100
-572 0 -555 0 +562 0 +559 0 *
Fa
0  1e-07 95 0

0101000
+551 0 *
Wi

0101100
-575 0 -554 0 +565 0 +558 0 *
Fa
0  1e-07 93 0

0101000
+549 0 *
Sh

0101100
-570 0 +560 0 -556 0 +552 0 -550 0 +548 0 *
So

0100000
+547 0 *
Ve
1e-07
0 571.5 1054.1
0 0

0101101
*
Ve
1e-07
0 571.5 965.2
0 0

0101101
*
Ed
 1e-07 1 1 0
1  193 0 0 88.9
2  385 97 0 0 88.9
2  386 98 0 0 88.9
0

0101000
-545 0 +544 0 *
Ve
1e-07
0 609.6 1054.1
0 0

0101101
*
Ed
 1e-07 1 1 0
1  194 0 0 38.1
2  387 97 0 0 38.1
2  388 99 0 0 38.1
0

0101000
-542 0 +545 0 *
Ve
1e-07
0 609.6 965.2
0 0

0101101
*
Ed
 1e-07 1 1 0
1  195 0 0 88.9
2  389 97 0 0 88.9
2  390 100 0 0 88.9
0

0101000
-542 0 +540 0 *
Ed
 1e-07 1 1 0
1  196 0 0 38.1
2  391 97 0 0 38.1
2  392 101 0 0 38.1
0

0101000
-540 0 +544 0 *
Wi

0101100
-543 0 -541 0 +539 0 +538 0 *
Fa
0  1e-07 97 0

0101000
+537 0 *
Ve
1e-07
3657.6 571.5 1054.1
0 0

0101101
*
Ve
1e-07
3657.6 571.5 965.2
0 0

0101101
*
Ed
 1e-07 1 1 0
1  197 0 0 88.9
2  393 102 0 0 88.9
2  394 98 0 0 88.9
0

0101000
-535 0 +534 0 *
Ve
1e-07
3657.6 609.6 1054.1
0 0

0101101
*
Ed
 1e-07 1 1 0
1  198 0 0 38.1
2  395 102 0 0 38.1
2  396 99 0 0 38.1
0

0101000
-532 0 +535 0 *
Ve
1e-07
3657.6 609.6 965.2
0 0

0101101
*
Ed
 1e-07 1 1 0
1  199 0 0 88.9
2  397 102 0 0 88.9
2  398 100 0 0 88.9
0

0101000
-532 0 +530 0 *
Ed
 1e-07 1 1 0
1  200 0 0 38.1
2  399 102 0 0 38.1
2  400 101 0 0 38.1
0

0101000
-530 0 +534 0 *
Wi

0101100
-533 0 -531 0 +529 0 +528 0 *
Fa
0  1e-07 102 0

0101000
+527 0 *
Ed
 1e-07 1 1 0
1  201 0 0 3657.6
2  401 98 0 0 3657.6
2  402 101 0 0 3657.6
0

0101000
-534 0 +544 0 *
Ed
 1e-07 1 1 0
1  202 0 0 3657.6
2  403 98 0 0 3657.6
2  404 99 0 0 3657.6
0

0101000
-535 0 +545 0 *
Wi

0101100
-525 0 -533 0 +524 0 +543 0 *
Fa
0  1e-07 98 0

0101000
+523 0 *
Ed
 1e-07 1 1 0
1  203 0 0 3657.6
2  405 100 0 0 3657.6
2  406 101 0 0 3657.6
0

0101000
-530 0 +540 0 *
Ed
 1e-07 1 1 0
1  204 0 0 3657.6
2  407 100 0 0 3657.6
2  408 99 0 0 3657.6
0

0101000
-532 0 +542 0 *
Wi

0101100
-521 0 -529 0 +520 0 +539 0 *
Fa
0  1e-07 100 0

0101000
+519 0 *
Wi

0101100
-538 0 -521 0 +528 0 +525 0 *
Fa
0  1e-07 101 0

0101000
+517 0 *
Wi

0101100
-541 0 -520 0 +531 0 +524 0 *
Fa
0  1e-07 99 0

0101000
+515 0 *
Sh

0101100
-536 0 +526 0 -522 0 +518 0 -516 0 +514 0 *
So

0100000
+513 0 *
Ve
1e-07
0 38.1 1054.1
0 0

0101101
*
Ve
1e-07
0 38.1 965.2
0 0

0101101
*
Ed
 1e-07 1 1 0
1  205 0 0 88.9
2  409 103 0 0 88.9
2  410 104 0 0 88.9
0

0101000
-511 0 +510 0 *
Ve
1e-07
0 571.5 1054.1
0 0

0101101
*
Ed
 1e-07 1 1 0
1  206 0 0 533.4
2  411 103 0 0 533.4
2  412 105 0 0 533.4
0

0101000
-508 0 +511 0 *
Ve
1e-07
0 571.5 965.2
0 0

0101101
*
Ed
 1e-07 1 1 0
1  207 0 0 88.9
2  413 103 0 0 88.9
2  414 106 0 0 88.9
0

0101000
-508 0 +506 0 *
Ed
 1e-07 1 1 0
1  208 0 0 533.4
2  415 103 0 0 533.4
2  416 107 0 0 533.4
0

0101000
-506 0 +510 0 *
Wi

0101100
-509 0 -507 0 +505 0 +504 0 *
Fa
0  1e-07 103 0

0101000
+503 0 *
Ve
1e-07
38.1 38.1 1054.1
0 0

0101101
*
Ve
1e-07
38.1 38.1 965.2
0 0

0101101
*
Ed
 1e-07 1 1 0
1  209 0 0 88.9
2  417 108 0 0 88.9
2  418 104 0 0 88.9
0

0101000
-501 0 +500 0 *
Ve
1e-07
38.1 571.5 1054.1
0 0

0101101
*
Ed
 1e-07 1 1 0
1  210 0 0 533.4
2  419 108 0 0 533.4
2  420 105 0 0 533.4
0

0101000
-498 0 +501 0 *
Ve
1e-07
38.1 571.5 965.2
0 0

0101101
*
Ed
 1e-07 1 1 0
1  211 0 0 88.9
2  421 108 0 0 88.9
2  422 106 0 0 88.9
0

0101000
-498 0 +496 0 *
Ed
 1e-07 1 1 0
1  212 0 0 533.4
2  423 108 0 0 533.4
2  424 107 0 0 533.4
0

0101000
-496 0 +500 0 *
Wi

0101100
-499 0 -497 0 +495 0 +494 0 *
Fa
0  1e-07 108 0

0101000
+493 0 *
Ed
 1e-07 1 1 0
1  213 0 0 38.1
2  425 104 0 0 38.1
2  426 107 0 0 38.1
0

0101000
-500 0 +510 0 *
Ed
 1e-07 1 1 0
1  214 0 0 38.1
2  427 104 0 0 38.1
2  428 105 0 0 38.1
0

0101000
-501 0 +511 0 *
Wi

0101100
-491 0 -499 0 +490 0 +509 0 *
Fa
0  1e-07 104 0

0101000
+489 0 *
Ed
 1e-07 1 1 0
1  215 0 0 38.1
2  429 106 0 0 38.1
2  430 107 0 0 38.1
0

0101000
-496 0 +506 0 *
Ed
 1e-07 1 1 0
1  216 0 0 38.1
2  431 106 0 0 38.1
2  432 105 0 0 38.1
0

0101000
-498 0 +508 0 *
Wi

0101100
-487 0 -495 0 +486 0 +505 0 *
Fa
0  1e-07 106 0

0101000
+485 0 *
Wi

0101100
-504 0 -487 0 +494 0 +491 0 *
Fa
0  1e-07 107 0

0101000
+483 0 *
Wi

0101100
-507 0 -486 0 +497 0 +490 0 *
Fa
0  1e-07 105 0

0101000
+481 0 *
Sh

0101100
-502 0 +492 0 -488 0 +484 0 -482 0 +480 0 *
So

0100000
+479 0 *
Ve
1e-07
1828.8 38.1 1054.1
0 0

0101101
*
Ve
1e-07
1828.8 38.1 965.2
0 0

0101101
*
Ed
 1e-07 1 1 0
1  217 0 0 88.9
2  433 109 0 0 88.9
2  434 110 0 0 88.9
0

0101000
-477 0 +476 0 *
Ve
1e-07
1828.8 571.5 1054.1
0 0

0101101
*
Ed
 1e-07 1 1 0
1  218 0 0 533.4
2  435 109 0 0 533.4
2  436 111 0 0 533.4
0

0101000
-474 0 +477 0 *
Ve
1e-07
1828.8 571.5 965.2
0 0

0101101
*
Ed
 1e-07 1 1 0
1  219 0 0 88.9
2  437 109 0 0 88.9
2  438 112 0 0 88.9
0

0101000
-474 0 +472 0 *
Ed
 1e-07 1 1 0
1  220 0 0 533.4
2  439 109 0 0 533.4
2  440 113 0 0 533.4
0

0101000
-472 0 +476 0 *
Wi

0101100
-475 0 -473 0 +471 0 +470 0 *
Fa
0  1e-07 109 0

0101000
+469 0 *
Ve
1e-07
1866.9 38.1 1054.1
0 0

0101101
*
Ve
1e-07
1866.9 38.1 965.2
0 0

0101101
*
Ed
 1e-07 1 1 0
1  221 0 0 88.9
2  441 114 0 0 88.9
2  442 110 0 0 88.9
0

0101000
-467 0 +466 0 *
Ve
1e-07
1866.9 571.5 1054.1
0 0

0101101
*
Ed
 1e-07 1 1 0
1  222 0 0 533.4
2  443 114 0 0 533.4
2  444 111 0 0 533.4
0

0101000
-464 0 +467 0 *
Ve
1e-07
1866.9 571.5 965.2
0 0

0101101
*
Ed
 1e-07 1 1 0
1  223 0 0 88.9
2  445 114 0 0 88.9
2  446 112 0 0 88.9
0

0101000
-464 0 +462 0 *
Ed
 1e-07 1 1 0
1  224 0 0 533.4
2  447 114 0 0 533.4
2  448 113 0 0 533.4
0

0101000
-462 0 +466 0 *
Wi

0101100
-465 0 -463 0 +461 0 +460 0 *
Fa
0  1e-07 114 0

0101000
+459 0 *
Ed
 1e-07 1 1 0
1  225 0 0 38.0999999999999
2  449 110 0 0 38.0999999999999
2  450 113 0 0 38.0999999999999
0

0101000
-466 0 +476 0 *
Ed
 1e-07 1 1 0
1  226 0 0 38.0999999999999
2  451 110 0 0 38.0999999999999
2  452 111 0 0 38.0999999999999
0

0101000
-467 0 +477 0 *
Wi

0101100
-457 0 -465 0 +456 0 +475 0 *
Fa
0  1e-07 110 0

0101000
+455 0 *
Ed
 1e-07 1 1 0
1  227 0 0 38.0999999999999
2  453 112 0 0 38.0999999999999
2  454 113 0 0 38.0999999999999
0

0101000
-462 0 +472 0 *
Ed
 1e-07 1 1 0
1  228 0 0 38.0999999999999
2  455 112 0 0 38.0999999999999
2  456 111 0 0 38.0999999999999
0

0101000
-464 0 +474 0 *
Wi

0101100
-453 0 -461 0 +452 0 +471 0 *
Fa
0  1e-07 112 0

0101000
+451 0 *
Wi

0101100
-470 0 -453 0 +460 0 +457 0 *
Fa
0  1e-07 113 0

0101000
+449 0 *
Wi

0101100
-473 0 -452 0 +463 0 +456 0 *
Fa
0  1e-07 111 0

0101000
+447 0 *
Sh

0101100
-468 0 +458 0 -454 0 +450 0 -448 0 +446 0 *
So

0100000
+445 0 *
Ve
1e-07
3619.5 38.1 1054.1
0 0

0101101
*
Ve
1e-07
3619.5 38.1 965.2
0 0

0101101
*
Ed
 1e-07 1 1 0
1  229 0 0 88.9
2  457 115 0 0 88.9
2  458 116 0 0 88.9
0

0101000
-443 0 +442 0 *
Ve
1e-07
3619.5 571.5 1054.1
0 0

0101101
*
Ed
 1e-07 1 1 0
1  230 0 0 533.4
2  459 115 0 0 533.4
2  460 117 0 0 533.4
0

0101000
-440 0 +443 0 *
Ve
1e-07
3619.5 571.5 965.2
0 0

0101101
*
Ed
 1e-07 1 1 0
1  231 0 0 88.9
2  461 115 0 0 88.9
2  462 118 0 0 88.9
0

0101000
-440 0 +438 0 *
Ed
 1e-07 1 1 0
1  232 0 0 533.4
2  463 115 0 0 533.4
2  464 119 0 0 533.4
0

0101000
-438 0 +442 0 *
Wi

0101100
-441 0 -439 0 +437 0 +436 0 *
Fa
0  1e-07 115 0

0101000
+435 0 *
Ve
1e-07
3657.6 38.1 1054.1
0 0

0101101
*
Ve
1e-07
3657.6 38.1 965.2
0 0

0101101
*
Ed
 1e-07 1 1 0
1  233 0 0 88.9
2  465 120 0 0 88.9
2  466 116 0 0 88.9
0

0101000
-433 0 +432 0 *
Ve
1e-07
3657.6 571.5 1054.1
0 0

0101101
*
Ed
 1e-07 1 1 0
1  234 0 0 533.4
2  467 120 0 0 533.4
2  468 117 0 0 533.4
0

0101000
-430 0 +433 0 *
Ve
1e-07
3657.6 571.5 965.2
0 0

0101101
*
Ed
 1e-07 1 1 0
1  235 0 0 88.9
2  469 120 0 0 88.9
2  470 118 0 0 88.9
0

0101000
-430 0 +428 0 *
Ed
 1e-07 1 1 0
1  236 0 0 533.4
2  471 120 0 0 533.4
2  472 119 0 0 533.4
0

0101000
-428 0 +432 0 *
Wi

0101100
-431 0 -429 0 +427 0 +426 0 *
Fa
0  1e-07 120 0

0101000
+425 0 *
Ed
 1e-07 1 1 0
1  237 0 0 38.0999999999999
2  473 116 0 0 38.0999999999999
2  474 119 0 0 38.0999999999999
0

0101000
-432 0 +442 0 *
Ed
 1e-07 1 1 0
1  238 0 0 38.0999999999999
2  475 116 0 0 38.0999999999999
2  476 117 0 0 38.0999999999999
0

0101000
-433 0 +443 0 *
Wi

0101100
-423 0 -431 0 +422 0 +441 0 *
Fa
0  1e-07 116 0

0101000
+421 0 *
Ed
 1e-07 1 1 0
1  239 0 0 38.0999999999999
2  477 118 0 0 38.0999999999999
2  478 119 0 0 38.0999999999999
0

0101000
-428 0 +438 0 *
Ed
 1e-07 1 1 0
1  240 0 0 38.0999999999999
2  479 118 0 0 38.0999999999999
2  480 117 0 0 38.0999999999999
0

0101000
-430 0 +440 0 *
Wi

0101100
-419 0 -427 0 +418 0 +437 0 *
Fa
0  1e-07 118 0

0101000
+417 0 *
Wi

0101100
-436 0 -419 0 +426 0 +423 0 *
Fa
0  1e-07 119 0

0101000
+415 0 *
Wi

0101100
-439 0 -418 0 +429 0 +422 0 *
Fa
0  1e-07 117 0

0101000
+413 0 *
Sh

0101100
-434 0 +424 0 -420 0 +416 0 -414 0 +412 0 *
So

0100000
+411 0 *
Ve
1e-07
0 0 1066.8
0 0

0101101
*
Ve
1e-07
0 0 1054.1
0 0

0101101
*
Ed
 1e-07 1 1 0
1  241 0 0 12.7
2  481 121 0 0 12.7
2  482 122 0 0 12.7
0

0101000
-409 0 +408 0 *
Ve
1e-07
0 609.6 1066.8
0 0

0101101
*
Ed
 1e-07 1 1 0
1  242 0 0 609.6
2  483 121 0 0 609.6
2  484 123 0 0 609.6
0

0101000
-406 0 +409 0 *
Ve
1e-07
0 609.6 1054.1
0 0

0101101
*
Ed
 1e-07 1 1 0
1  243 0 0 12.7
2  485 121 0 0 12.7
2  486 124 0 0 12.7
0

0101000
-406 0 +404 0 *
Ed
 1e-07 1 1 0
1  244 0 0 609.6
2  487 121 0 0 609.6
2  488 125 0 0 609.6
0

0101000
-404 0 +408 0 *
Wi

0101100
-407 0 -405 0 +403 0 +402 0 *
Fa
0  1e-07 121 0

0101000
+401 0 *
Ve
1e-07
2438.4 0 1066.8
0 0

0101101
*
Ve
1e-07
2438.4 0 1054.1
0 0

0101101
*
Ed
 1e-07 1 1 0
1  245 0 0 12.7
2  489 126 0 0 12.7
2  490 122 0 0 12.7
0

0101000
-399 0 +398 0 *
Ve
1e-07
2438.4 609.6 1066.8
0 0

0101101
*
Ed
 1e-07 1 1 0
1  246 0 0 609.6
2  491 126 0 0 609.6
2  492 123 0 0 609.6
0

0101000
-396 0 +399 0 *
Ve
1e-07
2438.4 609.6 1054.1
0 0

0101101
*
Ed
 1e-07 1 1 0
1  247 0 0 12.7
2  493 126 0 0 12.7
2  494 124 0 0 12.7
0

0101000
-396 0 +394 0 *
Ed
 1e-07 1 1 0
1  248 0 0 609.6
2  495 126 0 0 609.6
2  496 125 0 0 609.6
0

0101000
-394 0 +398 0 *
Wi

0101100
-397 0 -395 0 +393 0 +392 0 *
Fa
0  1e-07 126 0

0101000
+391 0 *
Ed
 1e-07 1 1 0
1  249 0 0 2438.4
2  497 122 0 0 2438.4
2  498 125 0 0 2438.4
0

0101000
-398 0 +408 0 *
Ed
 1e-07 1 1 0
1  250 0 0 2438.4
2  499 122 0 0 2438.4
2  500 123 0 0 2438.4
0

0101000
-399 0 +409 0 *
Wi

0101100
-389 0 -397 0 +388 0 +407 0 *
Fa
0  1e-07 122 0

0101000
+387 0 *
Ed
 1e-07 1 1 0
1  251 0 0 2438.4
2  501 124 0 0 2438.4
2  502 125 0 0 2438.4
0

0101000
-394 0 +404 0 *
Ed
 1e-07 1 1 0
1  252 0 0 2438.4
2  503 124 0 0 2438.4
2  504 123 0 0 2438.4
0

0101000
-396 0 +406 0 *
Wi

0101100
-385 0 -393 0 +384 0 +403 0 *
Fa
0  1e-07 124 0

0101000
+383 0 *
Wi

0101100
-402 0 -385 0 +392 0 +389 0 *
Fa
0  1e-07 125 0

0101000
+381 0 *
Wi

0101100
-405 0 -384 0 +395 0 +388 0 *
Fa
0  1e-07 123 0

0101000
+379 0 *
Sh

0101100
-400 0 +390 0 -386 0 +382 0 -380 0 +378 0 *
So

0100000
+377 0 *
Ve
1e-07
2438.4 0 1066.8
0 0

0101101
*
Ve
1e-07
2438.4 0 1054.1
0 0

0101101
*
Ed
 1e-07 1 1 0
1  253 0 0 12.7
2  505 127 0 0 12.7
2  506 128 0 0 12.7
0

0101000
-375 0 +374 0 *
Ve
1e-07
2438.4 609.6 1066.8
0 0

0101101
*
Ed
 1e-07 1 1 0
1  254 0 0 609.6
2  507 127 0 0 609.6
2  508 129 0 0 609.6
0

0101000
-372 0 +375 0 *
Ve
1e-07
2438.4 609.6 1054.1
0 0

0101101
*
Ed
 1e-07 1 1 0
1  255 0 0 12.7
2  509 127 0 0 12.7
2  510 130 0 0 12.7
0

0101000
-372 0 +370 0 *
Ed
 1e-07 1 1 0
1  256 0 0 609.6
2  511 127 0 0 609.6
2  512 131 0 0 609.6
0

0101000
-370 0 +374 0 *
Wi

0101100
-373 0 -371 0 +369 0 +368 0 *
Fa
0  1e-07 127 0

0101000
+367 0 *
Ve
1e-07
3657.6 0 1066.8
0 0

0101101
*
Ve
1e-07
3657.6 0 1054.1
0 0

0101101
*
Ed
 1e-07 1 1 0
1  257 0 0 12.7
2  513 132 0 0 12.7
2  514 128 0 0 12.7
0

0101000
-365 0 +364 0 *
Ve
1e-07
3657.6 609.6 1066.8
0 0

0101101
*
Ed
 1e-07 1 1 0
1  258 0 0 609.6
2  515 132 0 0 609.6
2  516 129 0 0 609.6
0

0101000
-362 0 +365 0 *
Ve
1e-07
3657.6 609.6 1054.1
0 0

0101101
*
Ed
 1e-07 1 1 0
1  259 0 0 12.7
2  517 132 0 0 12.7
2  518 130 0 0 12.7
0

0101000
-362 0 +360 0 *
Ed
 1e-07 1 1 0
1  260 0 0 609.6
2  519 132 0 0 609.6
2  520 131 0 0 609.6
0

0101000
-360 0 +364 0 *
Wi

0101100
-363 0 -361 0 +359 0 +358 0 *
Fa
0  1e-07 132 0

0101000
+357 0 *
Ed
 1e-07 1 1 0
1  261 0 0 1219.2
2  521 128 0 0 1219.2
2  522 131 0 0 1219.2
0

0101000
-364 0 +374 0 *
Ed
 1e-07 1 1 0
1  262 0 0 1219.2
2  523 128 0 0 1219.2
2  524 129 0 0 1219.2
0

0101000
-365 0 +375 0 *
Wi

0101100
-355 0 -363 0 +354 0 +373 0 *
Fa
0  1e-07 128 0

0101000
+353 0 *
Ed
 1e-07 1 1 0
1  263 0 0 1219.2
2  525 130 0 0 1219.2
2  526 131 0 0 1219.2
0

0101000
-360 0 +370 0 *
Ed
 1e-07 1 1 0
1  264 0 0 1219.2
2  527 130 0 0 1219.2
2  528 129 0 0 1219.2
0

0101000
-362 0 +372 0 *
Wi

0101100
-351 0 -359 0 +350 0 +369 0 *
Fa
0  1e-07 130 0

0101000
+349 0 *
Wi

0101100
-368 0 -351 0 +358 0 +355 0 *
Fa
0  1e-07 131 0

0101000
+347 0 *
Wi

0101100
-371 0 -350 0 +361 0 +354 0 *
Fa
0  1e-07 129 0

0101000
+345 0 *
Sh

0101100
-366 0 +356 0 -352 0 +348 0 -346 0 +344 0 *
So

0100000
+343 0 *
Ve
1e-07
0 0 1536.7
0 0

0101101
*
Ve
1e-07
0 0 1447.8
0 0

0101101
*
Ed
 1e-07 1 1 0
1  265 0 0 88.9000000000001
2  529 133 0 0 88.9000000000001
2  530 134 0 0 88.9000000000001
0

0101000
-341 0 +340 0 *
Ve
1e-07
0 38.1 1536.7
0 0

0101101
*
Ed
 1e-07 1 1 0
1  266 0 0 38.1
2  531 133 0 0 38.1
2  532 135 0 0 38.1
0

0101000
-338 0 +341 0 *
Ve
1e-07
0 38.1 1447.8
0 0

0101101
*
Ed
 1e-07 1 1 0
1  267 0 0 88.9000000000001
2  533 133 0 0 88.9000000000001
2  534 136 0 0 88.9000000000001
0

0101000
-338 0 +336 0 *
Ed
 1e-07 1 1 0
1  268 0 0 38.1
2  535 133 0 0 38.1
2  536 137 0 0 38.1
0

0101000
-336 0 +340 0 *
Wi

0101100
-339 0 -337 0 +335 0 +334 0 *
Fa
0  1e-07 133 0

0101000
+333 0 *
Ve
1e-07
3657.6 0 1536.7
0 0

0101101
*
Ve
1e-07
3657.6 0 1447.8
0 0

0101101
*
Ed
 1e-07 1 1 0
1  269 0 0 88.9000000000001
2  537 138 0 0 88.9000000000001
2  538 134 0 0 88.9000000000001
0

0101000
-331 0 +330 0 *
Ve
1e-07
3657.6 38.1 1536.7
0 0

0101101
*
Ed
 1e-07 1 1 0
1  270 0 0 38.1
2  539 138 0 0 38.1
2  540 135 0 0 38.1
0

0101000
-328 0 +331 0 *
Ve
1e-07
3657.6 38.1 1447.8
0 0

0101101
*
Ed
 1e-07 1 1 0
1  271 0 0 88.9000000000001
2  541 138 0 0 88.9000000000001
2  542 136 0 0 88.9000000000001
0

0101000
-328 0 +326 0 *
Ed
 1e-07 1 1 0
1  272 0 0 38.1
2  543 138 0 0 38.1
2  544 137 0 0 38.1
0

0101000
-326 0 +330 0 *
Wi

0101100
-329 0 -327 0 +325 0 +324 0 *
Fa
0  1e-07 138 0

0101000
+323 0 *
Ed
 1e-07 1 1 0
1  273 0 0 3657.6
2  545 134 0 0 3657.6
2  546 137 0 0 3657.6
0

0101000
-330 0 +340 0 *
Ed
 1e-07 1 1 0
1  274 0 0 3657.6
2  547 134 0 0 3657.6
2  548 135 0 0 3657.6
0

0101000
-331 0 +341 0 *
Wi

0101100
-321 0 -329 0 +320 0 +339 0 *
Fa
0  1e-07 134 0

0101000
+319 0 *
Ed
 1e-07 1 1 0
1  275 0 0 3657.6
2  549 136 0 0 3657.6
2  550 137 0 0 3657.6
0

0101000
-326 0 +336 0 *
Ed
 1e-07 1 1 0
1  276 0 0 3657.6
2  551 136 0 0 3657.6
2  552 135 0 0 3657.6
0

0101000
-328 0 +338 0 *
Wi

0101100
-317 0 -325 0 +316 0 +335 0 *
Fa
0  1e-07 136 0

0101000
+315 0 *
Wi

0101100
-334 0 -317 0 +324 0 +321 0 *
Fa
0  1e-07 137 0

0101000
+313 0 *
Wi

0101100
-337 0 -316 0 +327 0 +320 0 *
Fa
0  1e-07 135 0

0101000
+311 0 *
Sh

0101100
-332 0 +322 0 -318 0 +314 0 -312 0 +310 0 *
So

0100000
+309 0 *
Ve
1e-07
0 571.5 1536.7
0 0

0101101
*
Ve
1e-07
0 571.5 1447.8
0 0

0101101
*
Ed
 1e-07 1 1 0
1  277 0 0 88.9000000000001
2  553 139 0 0 88.9000000000001
2  554 140 0 0 88.9000000000001
0

0101000
-307 0 +306 0 *
Ve
1e-07
0 609.6 1536.7
0 0

0101101
*
Ed
 1e-07 1 1 0
1  278 0 0 38.1
2  555 139 0 0 38.1
2  556 141 0 0 38.1
0

0101000
-304 0 +307 0 *
Ve
1e-07
0 609.6 1447.8
0 0

0101101
*
Ed
 1e-07 1 1 0
1  279 0 0 88.9000000000001
2  557 139 0 0 88.9000000000001
2  558 142 0 0 88.9000000000001
0

0101000
-304 0 +302 0 *
Ed
 1e-07 1 1 0
1  280 0 0 38.1
2  559 139 0 0 38.1
2  560 143 0 0 38.1
0

0101000
-302 0 +306 0 *
Wi

0101100
-305 0 -303 0 +301 0 +300 0 *
Fa
0  1e-07 139 0

0101000
+299 0 *
Ve
1e-07
3657.6 571.5 1536.7
0 0

0101101
*
Ve
1e-07
3657.6 571.5 1447.8
0 0

0101101
*
Ed
 1e-07 1 1 0
1  281 0 0 88.9000000000001
2  561 144 0 0 88.9000000000001
2  562 140 0 0 88.9000000000001
0

0101000
-297 0 +296 0 *
Ve
1e-07
3657.6 609.6 1536.7
0 0

0101101
*
Ed
 1e-07 1 1 0
1  282 0 0 38.1
2  563 144 0 0 38.1
2  564 141 0 0 38.1
0

0101000
-294 0 +297 0 *
Ve
1e-07
3657.6 609.6 1447.8
0 0

0101101
*
Ed
 1e-07 1 1 0
1  283 0 0 88.9000000000001
2  565 144 0 0 88.9000000000001
2  566 142 0 0 88.9000000000001
0

0101000
-294 0 +292 0 *
Ed
 1e-07 1 1 0
1  284 0 0 38.1
2  567 144 0 0 38.1
2  568 143 0 0 38.1
0

0101000
-292 0 +296 0 *
Wi

0101100
-295 0 -293 0 +291 0 +290 0 *
Fa
0  1e-07 144 0

0101000
+289 0 *
Ed
 1e-07 1 1 0
1  285 0 0 3657.6
2  569 140 0 0 3657.6
2  570 143 0 0 3657.6
0

0101000
-296 0 +306 0 *
Ed
 1e-07 1 1 0
1  286 0 0 3657.6
2  571 140 0 0 3657.6
2  572 141 0 0 3657.6
0

0101000
-297 0 +307 0 *
Wi

0101100
-287 0 -295 0 +286 0 +305 0 *
Fa
0  1e-07 140 0

0101000
+285 0 *
Ed
 1e-07 1 1 0
1  287 0 0 3657.6
2  573 142 0 0 3657.6
2  574 143 0 0 3657.6
0

0101000
-292 0 +302 0 *
Ed
 1e-07 1 1 0
1  288 0 0 3657.6
2  575 142 0 0 3657.6
2  576 141 0 0 3657.6
0

0101000
-294 0 +304 0 *
Wi

0101100
-283 0 -291 0 +282 0 +301 0 *
Fa
0  1e-07 142 0

0101000
+281 0 *
Wi

0101100
-300 0 -283 0 +290 0 +287 0 *
Fa
0  1e-07 143 0

0101000
+279 0 *
Wi

0101100
-303 0 -282 0 +293 0 +286 0 *
Fa
0  1e-07 141 0

0101000
+277 0 *
Sh

0101100
-298 0 +288 0 -284 0 +280 0 -278 0 +276 0 *
So

0100000
+275 0 *
Ve
1e-07
0 38.1 1536.7
0 0

0101101
*
Ve
1e-07
0 38.1 1447.8
0 0

0101101
*
Ed
 1e-07 1 1 0
1  289 0 0 88.9000000000001
2  577 145 0 0 88.9000000000001
2  578 146 0 0 88.9000000000001
0

0101000
-273 0 +272 0 *
Ve
1e-07
0 571.5 1536.7
0 0

0101101
*
Ed
 1e-07 1 1 0
1  290 0 0 533.4
2  579 145 0 0 533.4
2  580 147 0 0 533.4
0

0101000
-270 0 +273 0 *
Ve
1e-07
0 571.5 1447.8
0 0

0101101
*
Ed
 1e-07 1 1 0
1  291 0 0 88.9000000000001
2  581 145 0 0 88.9000000000001
2  582 148 0 0 88.9000000000001
0

0101000
-270 0 +268 0 *
Ed
 1e-07 1 1 0
1  292 0 0 533.4
2  583 145 0 0 533.4
2  584 149 0 0 533.4
0

0101000
-268 0 +272 0 *
Wi

0101100
-271 0 -269 0 +267 0 +266 0 *
Fa
0  1e-07 145 0

0101000
+265 0 *
Ve
1e-07
38.1 38.1 1536.7
0 0

0101101
*
Ve
1e-07
38.1 38.1 1447.8
0 0

0101101
*
Ed
 1e-07 1 1 0
1  293 0 0 88.9000000000001
2  585 150 0 0 88.9000000000001
2  586 146 0 0 88.9000000000001
0

0101000
-263 0 +262 0 *
Ve
1e-07
38.1 571.5 1536.7
0 0

0101101
*
Ed
 1e-07 1 1 0
1  294 0 0 533.4
2  587 150 0 0 533.4
2  588 147 0 0 533.4
0

0101000
-260 0 +263 0 *
Ve
1e-07
38.1 571.5 1447.8
0 0

0101101
*
Ed
 1e-07 1 1 0
1  295 0 0 88.9000000000001
2  589 150 0 0 88.9000000000001
2  590 148 0 0 88.9000000000001
0

0101000
-260 0 +258 0 *
Ed
 1e-07 1 1 0
1  296 0 0 533.4
2  591 150 0 0 533.4
2  592 149 0 0 533.4
0

0101000
-258 0 +262 0 *
Wi

0101100
-261 0 -259 0 +257 0 +256 0 *
Fa
0  1e-07 150 0

0101000
+255 0 *
Ed
 1e-07 1 1 0
1  297 0 0 38.1
2  593 146 0 0 38.1
2  594 149 0 0 38.1
0

0101000
-262 0 +272 0 *
Ed
 1e-07 1 1 0
1  298 0 0 38.1
2  595 146 0 0 38.1
2  596 147 0 0 38.1
0

0101000
-263 0 +273 0 *
Wi

0101100
-253 0 -261 0 +252 0 +271 0 *
Fa
0  1e-07 146 0

0101000
+251 0 *
Ed
 1e-07 1 1 0
1  299 0 0 38.1
2  597 148 0 0 38.1
2  598 149 0 0 38.1
0

0101000
-258 0 +268 0 *
Ed
 1e-07 1 1 0
1  300 0 0 38.1
2  599 148 0 0 38.1
2  600 147 0 0 38.1
0

0101000
-260 0 +270 0 *
Wi

0101100
-249 0 -257 0 +248 0 +267 0 *
Fa
0  1e-07 148 0

0101000
+247 0 *
Wi

0101100
-266 0 -249 0 +256 0 +253 0 *
Fa
0  1e-07 149 0

0101000
+245 0 *
Wi

0101100
-269 0 -248 0 +259 0 +252 0 *
Fa
0  1e-07 147 0

0101000
+243 0 *
Sh

0101100
-264 0 +254 0 -250 0 +246 0 -244 0 +242 0 *
So

0100000
+241 0 *
Ve
1e-07
1828.8 38.1 1536.7
0 0

0101101
*
Ve
1e-07
1828.8 38.1 1447.8
0 0

0101101
*
Ed
 1e-07 1 1 0
1  301 0 0 88.9000000000001
2  601 151 0 0 88.9000000000001
2  602 152 0 0 88.9000000000001
0

0101000
-239 0 +238 0 *
Ve
1e-07
1828.8 571.5 1536.7
0 0

0101101
*
Ed
 1e-07 1 1 0
1  302 0 0 533.4
2  603 151 0 0 533.4
2  604 153 0 0 533.4
0

0101000
-236 0 +239 0 *
Ve
1e-07
1828.8 571.5 1447.8
0 0

0101101
*
Ed
 1e-07 1 1 0
1  303 0 0 88.9000000000001
2  605 151 0 0 88.9000000000001
2  606 154 0 0 88.9000000000001
0

0101000
-236 0 +234 0 *
Ed
 1e-07 1 1 0
1  304 0 0 533.4
2  607 151 0 0 533.4
2  608 155 0 0 533.4
0

0101000
-234 0 +238 0 *
Wi

0101100
-237 0 -235 0 +233 0 +232 0 *
Fa
0  1e-07 151 0

0101000
+231 0 *
Ve
1e-07
1866.9 38.1 1536.7
0 0

0101101
*
Ve
1e-07
1866.9 38.1 1447.8
0 0

0101101
*
Ed
 1e-07 1 1 0
1  305 0 0 88.9000000000001
2  609 156 0 0 88.9000000000001
2  610 152 0 0 88.9000000000001
0

0101000
-229 0 +228 0 *
Ve
1e-07
1866.9 571.5 1536.7
0 0

0101101
*
Ed
 1e-07 1 1 0
1  306 0 0 533.4
2  611 156 0 0 533.4
2  612 153 0 0 533.4
0

0101000
-226 0 +229 0 *
Ve
1e-07
1866.9 571.5 1447.8
0 0

0101101
*
Ed
 1e-07 1 1 0
1  307 0 0 88.9000000000001
2  613 156 0 0 88.9000000000001
2  614 154 0 0 88.9000000000001
0

0101000
-226 0 +224 0 *
Ed
 1e-07 1 1 0
1  308 0 0 533.4
2  615 156 0 0 533.4
2  616 155 0 0 533.4
0

0101000
-224 0 +228 0 *
Wi

0101100
-227 0 -225 0 +223 0 +222 0 *
Fa
0  1e-07 156 0

0101000
+221 0 *
Ed
 1e-07 1 1 0
1  309 0 0 38.0999999999999
2  617 152 0 0 38.0999999999999
2  618 155 0 0 38.0999999999999
0

0101000
-228 0 +238 0 *
Ed
 1e-07 1 1 0
1  310 0 0 38.0999999999999
2  619 152 0 0 38.0999999999999
2  620 153 0 0 38.0999999999999
0

0101000
-229 0 +239 0 *
Wi

0101100
-219 0 -227 0 +218 0 +237 0 *
Fa
0  1e-07 152 0

0101000
+217 0 *
Ed
 1e-07 1 1 0
1  311 0 0 38.0999999999999
2  621 154 0 0 38.0999999999999
2  622 155 0 0 38.0999999999999
0

0101000
-224 0 +234 0 *
Ed
 1e-07 1 1 0
1  312 0 0 38.0999999999999
2  623 154 0 0 38.0999999999999
2  624 153 0 0 38.0999999999999
0

0101000
-226 0 +236 0 *
Wi

0101100
-215 0 -223 0 +214 0 +233 0 *
Fa
0  1e-07 154 0

0101000
+213 0 *
Wi

0101100
-232 0 -215 0 +222 0 +219 0 *
Fa
0  1e-07 155 0

0101000
+211 0 *
Wi

0101100
-235 0 -214 0 +225 0 +218 0 *
Fa
0  1e-07 153 0

0101000
+209 0 *
Sh

0101100
-230 0 +220 0 -216 0 +212 0 -210 0 +208 0 *
So

0100000
+207 0 *
Ve
1e-07
3619.5 38.1 1536.7
0 0

0101101
*
Ve
1e-07
3619.5 38.1 1447.8
0 0

0101101
*
Ed
 1e-07 1 1 0
1  313 0 0 88.9000000000001
2  625 157 0 0 88.9000000000001
2  626 158 0 0 88.9000000000001
0

0101000
-205 0 +204 0 *
Ve
1e-07
3619.5 571.5 1536.7
0 0

0101101
*
Ed
 1e-07 1 1 0
1  314 0 0 533.4
2  627 157 0 0 533.4
2  628 159 0 0 533.4
0

0101000
-202 0 +205 0 *
Ve
1e-07
3619.5 571.5 1447.8
0 0

0101101
*
Ed
 1e-07 1 1 0
1  315 0 0 88.9000000000001
2  629 157 0 0 88.9000000000001
2  630 160 0 0 88.9000000000001
0

0101000
-202 0 +200 0 *
Ed
 1e-07 1 1 0
1  316 0 0 533.4
2  631 157 0 0 533.4
2  632 161 0 0 533.4
0

0101000
-200 0 +204 0 *
Wi

0101100
-203 0 -201 0 +199 0 +198 0 *
Fa
0  1e-07 157 0

0101000
+197 0 *
Ve
1e-07
3657.6 38.1 1536.7
0 0

0101101
*
Ve
1e-07
3657.6 38.1 1447.8
0 0

0101101
*
Ed
 1e-07 1 1 0
1  317 0 0 88.9000000000001
2  633 162 0 0 88.9000000000001
2  634 158 0 0 88.9000000000001
0

0101000
-195 0 +194 0 *
Ve
1e-07
3657.6 571.5 1536.7
0 0

0101101
*
Ed
 1e-07 1 1 0
1  318 0 0 533.4
2  635 162 0 0 533.4
2  636 159 0 0 533.4
0

0101000
-192 0 +195 0 *
Ve
1e-07
3657.6 571.5 1447.8
0 0

0101101
*
Ed
 1e-07 1 1 0
1  319 0 0 88.9000000000001
2  637 162 0 0 88.9000000000001
2  638 160 0 0 88.9000000000001
0

0101000
-192 0 +190 0 *
Ed
 1e-07 1 1 0
1  320 0 0 533.4
2  639 162 0 0 533.4
2  640 161 0 0 533.4
0

0101000
-190 0 +194 0 *
Wi

0101100
-193 0 -191 0 +189 0 +188 0 *
Fa
0  1e-07 162 0

0101000
+187 0 *
Ed
 1e-07 1 1 0
1  321 0 0 38.0999999999999
2  641 158 0 0 38.0999999999999
2  642 161 0 0 38.0999999999999
0

0101000
-194 0 +204 0 *
Ed
 1e-07 1 1 0
1  322 0 0 38.0999999999999
2  643 158 0 0 38.0999999999999
2  644 159 0 0 38.0999999999999
0

0101000
-195 0 +205 0 *
Wi

0101100
-185 0 -193 0 +184 0 +203 0 *
Fa
0  1e-07 158 0

0101000
+183 0 *
Ed
 1e-07 1 1 0
1  323 0 0 38.0999999999999
2  645 160 0 0 38.0999999999999
2  646 161 0 0 38.0999999999999
0

0101000
-190 0 +200 0 *
Ed
 1e-07 1 1 0
1  324 0 0 38.0999999999999
2  647 160 0 0 38.0999999999999
2  648 159 0 0 38.0999999999999
0

0101000
-192 0 +202 0 *
Wi

0101100
-181 0 -189 0 +180 0 +199 0 *
Fa
0  1e-07 160 0

0101000
+179 0 *
Wi

0101100
-198 0 -181 0 +188 0 +185 0 *
Fa
0  1e-07 161 0

0101000
+177 0 *
Wi

0101100
-201 0 -180 0 +191 0 +184 0 *
Fa
0  1e-07 159 0

0101000
+175 0 *
Sh

0101100
-196 0 +186 0 -182 0 +178 0 -176 0 +174 0 *
So

0100000
+173 0 *
Ve
1e-07
0 0 1549.4
0 0

0101101
*
Ve
1e-07
0 0 1536.7
0 0

0101101
*
Ed
 1e-07 1 1 0
1  325 0 0 12.7
2  649 163 0 0 12.7
2  650 164 0 0 12.7
0

0101000
-171 0 +170 0 *
Ve
1e-07
0 609.6 1549.4
0 0

0101101
*
Ed
 1e-07 1 1 0
1  326 0 0 609.6
2  651 163 0 0 609.6
2  652 165 0 0 609.6
0

0101000
-168 0 +171 0 *
Ve
1e-07
0 609.6 1536.7
0 0

0101101
*
Ed
 1e-07 1 1 0
1  327 0 0 12.7
2  653 163 0 0 12.7
2  654 166 0 0 12.7
0

0101000
-168 0 +166 0 *
Ed
 1e-07 1 1 0
1  328 0 0 609.6
2  655 163 0 0 609.6
2  656 167 0 0 609.6
0

0101000
-166 0 +170 0 *
Wi

0101100
-169 0 -167 0 +165 0 +164 0 *
Fa
0  1e-07 163 0

0101000
+163 0 *
Ve
1e-07
2438.4 0 1549.4
0 0

0101101
*
Ve
1e-07
2438.4 0 1536.7
0 0

0101101
*
Ed
 1e-07 1 1 0
1  329 0 0 12.7
2  657 168 0 0 12.7
2  658 164 0 0 12.7
0

0101000
-161 0 +160 0 *
Ve
1e-07
2438.4 609.6 1549.4
0 0

0101101
*
Ed
 1e-07 1 1 0
1  330 0 0 609.6
2  659 168 0 0 609.6
2  660 165 0 0 609.6
0

0101000
-158 0 +161 0 *
Ve
1e-07
2438.4 609.6 1536.7
0 0

0101101
*
Ed
 1e-07 1 1 0
1  331 0 0 12.7
2  661 168 0 0 12.7
2  662 166 0 0 12.7
0

0101000
-158 0 +156 0 *
Ed
 1e-07 1 1 0
1  332 0 0 609.6
2  663 168 0 0 609.6
2  664 167 0 0 609.6
0

0101000
-156 0 +160 0 *
Wi

0101100
-159 0 -157 0 +155 0 +154 0 *
Fa
0  1e-07 168 0

0101000
+153 0 *
Ed
 1e-07 1 1 0
1  333 0 0 2438.4
2  665 164 0 0 2438.4
2  666 167 0 0 2438.4
0

0101000
-160 0 +170 0 *
Ed
 1e-07 1 1 0
1  334 0 0 2438.4
2  667 164 0 0 2438.4
2  668 165 0 0 2438.4
0

0101000
-161 0 +171 0 *
Wi

0101100
-151 0 -159 0 +150 0 +169 0 *
Fa
0  1e-07 164 0

0101000
+149 0 *
Ed
 1e-07 1 1 0
1  335 0 0 2438.4
2  669 166 0 0 2438.4
2  670 167 0 0 2438.4
0

0101000
-156 0 +166 0 *
Ed
 1e-07 1 1 0
1  336 0 0 2438.4
2  671 166 0 0 2438.4
2  672 165 0 0 2438.4
0

0101000
-158 0 +168 0 *
Wi

0101100
-147 0 -155 0 +146 0 +165 0 *
Fa
0  1e-07 166 0

0101000
+145 0 *
Wi

0101100
-164 0 -147 0 +154 0 +151 0 *
Fa
0  1e-07 167 0

0101000
+143 0 *
Wi

0101100
-167 0 -146 0 +157 0 +150 0 *
Fa
0  1e-07 165 0

0101000
+141 0 *
Sh

0101100
-162 0 +152 0 -148 0 +144 0 -142 0 +140 0 *
So

0100000
+139 0 *
Ve
1e-07
2438.4 0 1549.4
0 0

0101101
*
Ve
1e-07
2438.4 0 1536.7
0 0

0101101
*
Ed
 1e-07 1 1 0
1  337 0 0 12.7
2  673 169 0 0 12.7
2  674 170 0 0 12.7
0

0101000
-137 0 +136 0 *
Ve
1e-07
2438.4 609.6 1549.4
0 0

0101101
*
Ed
 1e-07 1 1 0
1  338 0 0 609.6
2  675 169 0 0 609.6
2  676 171 0 0 609.6
0

0101000
-134 0 +137 0 *
Ve
1e-07
2438.4 609.6 1536.7
0 0

0101101
*
Ed
 1e-07 1 1 0
1  339 0 0 12.7
2  677 169 0 0 12.7
2  678 172 0 0 12.7
0

0101000
-134 0 +132 0 *
Ed
 1e-07 1 1 0
1  340 0 0 609.6
2  679 169 0 0 609.6
2  680 173 0 0 609.6
0

0101000
-132 0 +136 0 *
Wi

0101100
-135 0 -133 0 +131 0 +130 0 *
Fa
0  1e-07 169 0

0101000
+129 0 *
Ve
1e-07
3657.6 0 1549.4
0 0

0101101
*
Ve
1e-07
3657.6 0 1536.7
0 0

0101101
*
Ed
 1e-07 1 1 0
1  341 0 0 12.7
2  681 174 0 0 12.7
2  682 170 0 0 12.7
0

0101000
-127 0 +126 0 *
Ve
1e-07
3657.6 609.6 1549.4
0 0

0101101
*
Ed
 1e-07 1 1 0
1  342 0 0 609.6
2  683 174 0 0 609.6
2  684 171 0 0 609.6
0

0101000
-124 0 +127 0 *
Ve
1e-07
3657.6 609.6 1536.7
0 0

0101101
*
Ed
 1e-07 1 1 0
1  343 0 0 12.7
2  685 174 0 0 12.7
2  686 172 0 0 12.7
0

0101000
-124 0 +122 0 *
Ed
 1e-07 1 1 0
1  344 0 0 609.6
2  687 174 0 0 609.6
2  688 173 0 0 609.6
0

0101000
-122 0 +126 0 *
Wi

0101100
-125 0 -123 0 +121 0 +120 0 *
Fa
0  1e-07 174 0

0101000
+119 0 *
Ed
 1e-07 1 1 0
1  345 0 0 1219.2
2  689 170 0 0 1219.2
2  690 173 0 0 1219.2
0

0101000
-126 0 +136 0 *
Ed
 1e-07 1 1 0
1  346 0 0 1219.2
2  691 170 0 0 1219.2
2  692 171 0 0 1219.2
0

0101000
-127 0 +137 0 *
Wi

0101100
-117 0 -125 0 +116 0 +135 0 *
Fa
0  1e-07 170 0

0101000
+115 0 *
Ed
 1e-07 1 1 0
1  347 0 0 1219.2
2  693 172 0 0 1219.2
2  694 173 0 0 1219.2
0

0101000
-122 0 +132 0 *
Ed
 1e-07 1 1 0
1  348 0 0 1219.2
2  695 172 0 0 1219.2
2  696 171 0 0 1219.2
0

0101000
-124 0 +134 0 *
Wi

0101100
-113 0 -121 0 +112 0 +131 0 *
Fa
0  1e-07 172 0

0101000
+111 0 *
Wi

0101100
-130 0 -113 0 +120 0 +117 0 *
Fa
0  1e-07 173 0

0101000
+109 0 *
Wi

0101100
-133 0 -112 0 +123 0 +116 0 *
Fa
0  1e-07 171 0

0101000
+107 0 *
Sh

0101100
-128 0 +118 0 -114 0 +110 0 -108 0 +106 0 *
So

0100000
+105 0 *
Ve
1e-07
0 571.5 1943.1
0 0

0101101
*
Ve
1e-07
0 571.5 0
0 0

0101101
*
Ed
 1e-07 1 1 0
1  349 0 0 1943.1
2  697 175 0 0 1943.1
2  698 176 0 0 1943.1
0

0101000
-103 0 +102 0 *
Ve
1e-07
0 609.6 1943.1
0 0

0101101
*
Ed
 1e-07 1 1 0
1  350 0 0 38.1
2  699 175 0 0 38.1
2  700 177 0 0 38.1
0

0101000
-100 0 +103 0 *
Ve
1e-07
0 609.6 0
0 0

0101101
*
Ed
 1e-07 1 1 0
1  351 0 0 1943.1
2  701 175 0 0 1943.1
2  702 178 0 0 1943.1
0

0101000
-100 0 +98 0 *
Ed
 1e-07 1 1 0
1  352 0 0 38.1
2  703 175 0 0 38.1
2  704 179 0 0 38.1
0

0101000
-98 0 +102 0 *
Wi

0101100
-101 0 -99 0 +97 0 +96 0 *
Fa
0  1e-07 175 0

0101000
+95 0 *
Ve
1e-07
38.1 571.5 1943.1
0 0

0101101
*
Ve
1e-07
38.1 571.5 0
0 0

0101101
*
Ed
 1e-07 1 1 0
1  353 0 0 1943.1
2  705 180 0 0 1943.1
2  706 176 0 0 1943.1
0

0101000
-93 0 +92 0 *
Ve
1e-07
38.1 609.6 1943.1
0 0

0101101
*
Ed
 1e-07 1 1 0
1  354 0 0 38.1
2  707 180 0 0 38.1
2  708 177 0 0 38.1
0

0101000
-90 0 +93 0 *
Ve
1e-07
38.1 609.6 0
0 0

0101101
*
Ed
 1e-07 1 1 0
1  355 0 0 1943.1
2  709 180 0 0 1943.1
2  710 178 0 0 1943.1
0

0101000
-90 0 +88 0 *
Ed
 1e-07 1 1 0
1  356 0 0 38.1
2  711 180 0 0 38.1
2  712 179 0 0 38.1
0

0101000
-88 0 +92 0 *
Wi

0101100
-91 0 -89 0 +87 0 +86 0 *
Fa
0  1e-07 180 0

0101000
+85 0 *
Ed
 1e-07 1 1 0
1  357 0 0 38.1
2  713 176 0 0 38.1
2  714 179 0 0 38.1
0

0101000
-92 0 +102 0 *
Ed
 1e-07 1 1 0
1  358 0 0 38.1
2  715 176 0 0 38.1
2  716 177 0 0 38.1
0

0101000
-93 0 +103 0 *
Wi

0101100
-83 0 -91 0 +82 0 +101 0 *
Fa
0  1e-07 176 0

0101000
+81 0 *
Ed
 1e-07 1 1 0
1  359 0 0 38.1
2  717 178 0 0 38.1
2  718 179 0 0 38.1
0

0101000
-88 0 +98 0 *
Ed
 1e-07 1 1 0
1  360 0 0 38.1
2  719 178 0 0 38.1
2  720 177 0 0 38.1
0

0101000
-90 0 +100 0 *
Wi

0101100
-79 0 -87 0 +78 0 +97 0 *
Fa
0  1e-07 178 0

0101000
+77 0 *
Wi

0101100
-96 0 -79 0 +86 0 +83 0 *
Fa
0  1e-07 179 0

0101000
+75 0 *
Wi

0101100
-99 0 -78 0 +89 0 +82 0 *
Fa
0  1e-07 177 0

0101000
+73 0 *
Sh

0101100
-94 0 +84 0 -80 0 +76 0 -74 0 +72 0 *
So

0100000
+71 0 *
Ve
1e-07
1828.8 571.5 1943.1
0 0

0101101
*
Ve
1e-07
1828.8 571.5 0
0 0

0101101
*
Ed
 1e-07 1 1 0
1  361 0 0 1943.1
2  721 181 0 0 1943.1
2  722 182 0 0 1943.1
0

0101000
-69 0 +68 0 *
Ve
1e-07
1828.8 609.6 1943.1
0 0

0101101
*
Ed
 1e-07 1 1 0
1  362 0 0 38.1
2  723 181 0 0 38.1
2  724 183 0 0 38.1
0

0101000
-66 0 +69 0 *
Ve
1e-07
1828.8 609.6 0
0 0

0101101
*
Ed
 1e-07 1 1 0
1  363 0 0 1943.1
2  725 181 0 0 1943.1
2  726 184 0 0 1943.1
0

0101000
-66 0 +64 0 *
Ed
 1e-07 1 1 0
1  364 0 0 38.1
2  727 181 0 0 38.1
2  728 185 0 0 38.1
0

0101000
-64 0 +68 0 *
Wi

0101100
-67 0 -65 0 +63 0 +62 0 *
Fa
0  1e-07 181 0

0101000
+61 0 *
Ve
1e-07
1866.9 571.5 1943.1
0 0

0101101
*
Ve
1e-07
1866.9 571.5 0
0 0

0101101
*
Ed
 1e-07 1 1 0
1  365 0 0 1943.1
2  729 186 0 0 1943.1
2  730 182 0 0 1943.1
0

0101000
-59 0 +58 0 *
Ve
1e-07
1866.9 609.6 1943.1
0 0

0101101
*
Ed
 1e-07 1 1 0
1  366 0 0 38.1
2  731 186 0 0 38.1
2  732 183 0 0 38.1
0

0101000
-56 0 +59 0 *
Ve
1e-07
1866.9 609.6 0
0 0

0101101
*
Ed
 1e-07 1 1 0
1  367 0 0 1943.1
2  733 186 0 0 1943.1
2  734 184 0 0 1943.1
0

0101000
-56 0 +54 0 *
Ed
 1e-07 1 1 0
1  368 0 0 38.1
2  735 186 0 0 38.1
2  736 185 0 0 38.1
0

0101000
-54 0 +58 0 *
Wi

0101100
-57 0 -55 0 +53 0 +52 0 *
Fa
0  1e-07 186 0

0101000
+51 0 *
Ed
 1e-07 1 1 0
1  369 0 0 38.0999999999999
2  737 182 0 0 38.0999999999999
2  738 185 0 0 38.0999999999999
0

0101000
-58 0 +68 0 *
Ed
 1e-07 1 1 0
1  370 0 0 38.0999999999999
2  739 182 0 0 38.0999999999999
2  740 183 0 0 38.0999999999999
0

0101000
-59 0 +69 0 *
Wi

0101100
-49 0 -57 0 +48 0 +67 0 *
Fa
0  1e-07 182 0

0101000
+47 0 *
Ed
 1e-07 1 1 0
1  371 0 0 38.0999999999999
2  741 184 0 0 38.0999999999999
2  742 185 0 0 38.0999999999999
0

0101000
-54 0 +64 0 *
Ed
 1e-07 1 1 0
1  372 0 0 38.0999999999999
2  743 184 0 0 38.0999999999999
2  744 183 0 0 38.0999999999999
0

0101000
-56 0 +66 0 *
Wi

0101100
-45 0 -53 0 +44 0 +63 0 *
Fa
0  1e-07 184 0

0101000
+43 0 *
Wi

0101100
-62 0 -45 0 +52 0 +49 0 *
Fa
0  1e-07 185 0

0101000
+41 0 *
Wi

0101100
-65 0 -44 0 +55 0 +48 0 *
Fa
0  1e-07 183 0

0101000
+39 0 *
Sh

0101100
-60 0 +50 0 -46 0 +42 0 -40 0 +38 0 *
So

0100000
+37 0 *
Ve
1e-07
3619.5 571.5 1943.1
0 0

0101101
*
Ve
1e-07
3619.5 571.5 0
0 0

0101101
*
Ed
 1e-07 1 1 0
1  373 0 0 1943.1
2  745 187 0 0 1943.1
2  746 188 0 0 1943.1
0

0101000
-35 0 +34 0 *
Ve
1e-07
3619.5 609.6 1943.1
0 0

0101101
*
Ed
 1e-07 1 1 0
1  374 0 0 38.1
2  747 187 0 0 38.1
2  748 189 0 0 38.1
0

0101000
-32 0 +35 0 *
Ve
1e-07
3619.5 609.6 0
0 0

0101101
*
Ed
 1e-07 1 1 0
1  375 0 0 1943.1
2  749 187 0 0 1943.1
2  750 190 0 0 1943.1
0

0101000
-32 0 +30 0 *
Ed
 1e-07 1 1 0
1  376 0 0 38.1
2  751 187 0 0 38.1
2  752 191 0 0 38.1
0

0101000
-30 0 +34 0 *
Wi

0101100
-33 0 -31 0 +29 0 +28 0 *
Fa
0  1e-07 187 0

0101000
+27 0 *
Ve
1e-07
3657.6 571.5 1943.1
0 0

0101101
*
Ve
1e-07
3657.6 571.5 0
0 0

0101101
*
Ed
 1e-07 1 1 0
1  377 0 0 1943.1
2  753 192 0 0 1943.1
2  754 188 0 0 1943.1
0

0101000
-25 0 +24 0 *
Ve
1e-07
3657.6 609.6 1943.1
0 0

0101101
*
Ed
 1e-07 1 1 0
1  378 0 0 38.1
2  755 192 0 0 38.1
2  756 189 0 0 38.1
0

0101000
-22 0 +25 0 *
Ve
1e-07
3657.6 609.6 0
0 0

0101101
*
Ed
 1e-07 1 1 0
1  379 0 0 1943.1
2  757 192 0 0 1943.1
2  758 190 0 0 1943.1
0

0101000
-22 0 +20 0 *
Ed
 1e-07 1 1 0
1  380 0 0 38.1
2  759 192 0 0 38.1
2  760 191 0 0 38.1
0

0101000
-20 0 +24 0 *
Wi

0101100
-23 0 -21 0 +19 0 +18 0 *
Fa
0  1e-07 192 0

0101000
+17 0 *
Ed
 1e-07 1 1 0
1  381 0 0 38.0999999999999
2  761 188 0 0 38.0999999999999
2  762 191 0 0 38.0999999999999
0

0101000
-24 0 +34 0 *
Ed
 1e-07 1 1 0
1  382 0 0 38.0999999999999
2  763 188 0 0 38.0999999999999
2  764 189 0 0 38.0999999999999
0

0101000
-25 0 +35 0 *
Wi

0101100
-15 0 -23 0 +14 0 +33 0 *
Fa
0  1e-07 188 0

0101000
+13 0 *
Ed
 1e-07 1 1 0
1  383 0 0 38.0999999999999
2  765 190 0 0 38.0999999999999
2  766 191 0 0 38.0999999999999
0

0101000
-20 0 +30 0 *
Ed
 1e-07 1 1 0
1  384 0 0 38.0999999999999
2  767 190 0 0 38.0999999999999
2  768 189 0 0 38.0999999999999
0

0101000
-22 0 +32 0 *
Wi

0101100
-11 0 -19 0 +10 0 +29 0 *
Fa
0  1e-07 190 0

0101000
+9 0 *
Wi

0101100
-28 0 -11 0 +18 0 +15 0 *
Fa
0  1e-07 191 0

0101000
+7 0 *
Wi

0101100
-31 0 -10 0 +21 0 +14 0 *
Fa
0  1e-07 189 0

0101000
+5 0 *
Sh

0101100
-26 0 +16 0 -12 0 +8 0 -6 0 +4 0 *
So

0100000
+3 0 *
Co

1100000
+1056 1 +1022 2 +988 3 +954 4 +920 5 +886 6 +852 7 +818 8 +784 9 +750 10 
+716 11 +682 12 +648 13 +614 14 +580 15 +546 16 +512 17 +478 18 +444 19 +410 20 
+376 21 +342 22 +308 23 +274 24 +240 25 +206 26 +172 27 +138 28 +104 29 +70 30 
+36 31 +2 32 *

+1 0 